filename,filepath,true_label,true_class,predicted_label,predicted_class,probability_green,threshold,error_type
000002_frame000001_tdWqnzsoW5.jpg,/home/jgaldeano/tfm/data/datasets/classifier/val/Green/000002_frame000001_tdWqnzsoW5.jpg,1,Green,1,Green,0.9887836575508118,0.5,correct
000002_frame000002_gAfLmaPpQX.jpg,/home/jgaldeano/tfm/data/datasets/classifier/val/Green/000002_frame000002_gAfLmaPpQX.jpg,1,Green,1,Green,0.9891759753227234,0.5,correct
000002_frame000003_rYdAr2L_qh.jpg,/home/jgaldeano/tfm/data/datasets/classifier/val/Green/000002_frame000003_rYdAr2L_qh.jpg,1,Green,1,Green,0.924876868724823,0.5,correct
000002_frame000004_T-MZ98wc_M.jpg,/home/jgaldeano/tfm/data/datasets/classifier/val/Green/000002_frame000004_T-MZ98wc_M.jpg,1,Green,1,Green,0.9866263270378113,0.5,correct
000002_frame000005_k2-TrHuyer.jpg,/home/jgaldeano/tfm/data/datasets/classifier/val/Green/000002_frame000005_k2-TrHuyer.jpg,1,Green,1,Green,0.9870893359184265,0.5,correct
000002_frame000006_AiR1Q_kmch.jpg,/home/jgaldeano/tfm/data/datasets/classifier/val/Green/000002_frame000006_AiR1Q_kmch.jpg,1,Green,1,Green,0.8673850297927856,0.5,correct
000002_frame000007_6F1c076I1p.jpg,/home/jgaldeano/tfm/data/datasets/classifier/val/Green/000002_frame000007_6F1c076I1p.jpg,1,Green,1,Green,0.9901987314224243,0.5,correct
000002_frame000008_Ba_FpjplFD.jpg,/home/jgaldeano/tfm/data/datasets/classifier/val/Green/000002_frame000008_Ba_FpjplFD.jpg,1,Green,1,Green,0.9879885911941528,0.5,correct
000002_frame000009_jrb0iChe6j.jpg,/home/jgaldeano/tfm/data/datasets/classifier/val/Green/000002_frame000009_jrb0iChe6j.jpg,1,Green,1,Green,0.9680936336517334,0.5,correct
000002_frame000010_3A5GvvTu4u.jpg,/home/jgaldeano/tfm/data/datasets/classifier/val/Green/000002_frame000010_3A5GvvTu4u.jpg,1,Green,1,Green,0.9915722608566284,0.5,correct
000002_frame000011_uS8Zd30_Rf.jpg,/home/jgaldeano/tfm/data/datasets/classifier/val/Green/000002_frame000011_uS8Zd30_Rf.jpg,1,Green,1,Green,0.9895031452178955,0.5,correct
000002_frame000012_7P287AyYye.jpg,/home/jgaldeano/tfm/data/datasets/classifier/val/Green/000002_frame000012_7P287AyYye.jpg,1,Green,1,Green,0.9845395684242249,0.5,correct
000002_frame000013_iXdKrYxnOM.jpg,/home/jgaldeano/tfm/data/datasets/classifier/val/Green/000002_frame000013_iXdKrYxnOM.jpg,1,Green,1,Green,0.9934334754943848,0.5,correct
000002_frame000014_ShLZ9e4GXQ.jpg,/home/jgaldeano/tfm/data/datasets/classifier/val/Green/000002_frame000014_ShLZ9e4GXQ.jpg,1,Green,1,Green,0.9964455962181091,0.5,correct
000002_frame000015_06tqMH4q9c.jpg,/home/jgaldeano/tfm/data/datasets/classifier/val/Green/000002_frame000015_06tqMH4q9c.jpg,1,Green,1,Green,0.9708660840988159,0.5,correct
000002_frame000016_3PAbq97yK5.jpg,/home/jgaldeano/tfm/data/datasets/classifier/val/Green/000002_frame000016_3PAbq97yK5.jpg,1,Green,1,Green,0.9945358037948608,0.5,correct
000002_frame000017_As7YNI7J1j.jpg,/home/jgaldeano/tfm/data/datasets/classifier/val/Green/000002_frame000017_As7YNI7J1j.jpg,1,Green,1,Green,0.9904952049255371,0.5,correct
000002_frame000018_5NpnvdG3J5.jpg,/home/jgaldeano/tfm/data/datasets/classifier/val/Green/000002_frame000018_5NpnvdG3J5.jpg,1,Green,1,Green,0.9625753164291382,0.5,correct
000002_frame000019__ydTqMqr3l.jpg,/home/jgaldeano/tfm/data/datasets/classifier/val/Green/000002_frame000019__ydTqMqr3l.jpg,1,Green,1,Green,0.9859917759895325,0.5,correct
000002_frame000020_HM3d4lUXlY.jpg,/home/jgaldeano/tfm/data/datasets/classifier/val/Green/000002_frame000020_HM3d4lUXlY.jpg,1,Green,1,Green,0.9724580645561218,0.5,correct
000002_frame000021_zX9ZenSdbD.jpg,/home/jgaldeano/tfm/data/datasets/classifier/val/Green/000002_frame000021_zX9ZenSdbD.jpg,1,Green,1,Green,0.9064347743988037,0.5,correct
000002_frame000022_-TZ1xAX6VQ.jpg,/home/jgaldeano/tfm/data/datasets/classifier/val/Green/000002_frame000022_-TZ1xAX6VQ.jpg,1,Green,1,Green,0.9847245812416077,0.5,correct
000002_frame000023_LpS6K8cHb7.jpg,/home/jgaldeano/tfm/data/datasets/classifier/val/Green/000002_frame000023_LpS6K8cHb7.jpg,1,Green,1,Green,0.9134162068367004,0.5,correct
000002_frame000024_3jNCnLIvws.jpg,/home/jgaldeano/tfm/data/datasets/classifier/val/Green/000002_frame000024_3jNCnLIvws.jpg,1,Green,1,Green,0.5927219390869141,0.5,correct
000002_frame000025_oGOp46p8To.jpg,/home/jgaldeano/tfm/data/datasets/classifier/val/Green/000002_frame000025_oGOp46p8To.jpg,1,Green,1,Green,0.9835063815116882,0.5,correct
000012_frame000001_ZRKcpXL3jD.jpg,/home/jgaldeano/tfm/data/datasets/classifier/val/Green/000012_frame000001_ZRKcpXL3jD.jpg,1,Green,0,Red,0.4790319502353668,0.5,FN
000012_frame000002_bqrl5I0j4u.jpg,/home/jgaldeano/tfm/data/datasets/classifier/val/Green/000012_frame000002_bqrl5I0j4u.jpg,1,Green,1,Green,0.9622790813446045,0.5,correct
000012_frame000003_8SsD5hfEtm.jpg,/home/jgaldeano/tfm/data/datasets/classifier/val/Green/000012_frame000003_8SsD5hfEtm.jpg,1,Green,1,Green,0.9493878483772278,0.5,correct
000012_frame000004_u8M_KVXWNx.jpg,/home/jgaldeano/tfm/data/datasets/classifier/val/Green/000012_frame000004_u8M_KVXWNx.jpg,1,Green,1,Green,0.9330354332923889,0.5,correct
000012_frame000005_cSka3-2k8J.jpg,/home/jgaldeano/tfm/data/datasets/classifier/val/Green/000012_frame000005_cSka3-2k8J.jpg,1,Green,1,Green,0.9862809181213379,0.5,correct
000012_frame000006_fYOKKItgX5.jpg,/home/jgaldeano/tfm/data/datasets/classifier/val/Green/000012_frame000006_fYOKKItgX5.jpg,1,Green,1,Green,0.9618672728538513,0.5,correct
000012_frame000008_2kwVAvj0WU.jpg,/home/jgaldeano/tfm/data/datasets/classifier/val/Green/000012_frame000008_2kwVAvj0WU.jpg,1,Green,1,Green,0.9672554731369019,0.5,correct
000012_frame000010_ZI_5mr7_0g.jpg,/home/jgaldeano/tfm/data/datasets/classifier/val/Green/000012_frame000010_ZI_5mr7_0g.jpg,1,Green,1,Green,0.9759024977684021,0.5,correct
000012_frame000011_lBmrGjsKUq.jpg,/home/jgaldeano/tfm/data/datasets/classifier/val/Green/000012_frame000011_lBmrGjsKUq.jpg,1,Green,0,Red,0.24511027336120605,0.5,FN
000012_frame000012_JXZVnqDG1w.jpg,/home/jgaldeano/tfm/data/datasets/classifier/val/Green/000012_frame000012_JXZVnqDG1w.jpg,1,Green,0,Red,0.04650610685348511,0.5,FN
000017_frame000005_oXadTror9k.jpg,/home/jgaldeano/tfm/data/datasets/classifier/val/Green/000017_frame000005_oXadTror9k.jpg,1,Green,1,Green,0.9952265024185181,0.5,correct
000017_frame000006_t33r4tAmoC.jpg,/home/jgaldeano/tfm/data/datasets/classifier/val/Green/000017_frame000006_t33r4tAmoC.jpg,1,Green,1,Green,0.9908773303031921,0.5,correct
000017_frame000007_cwF3aQ0NUB.jpg,/home/jgaldeano/tfm/data/datasets/classifier/val/Green/000017_frame000007_cwF3aQ0NUB.jpg,1,Green,1,Green,0.9995647072792053,0.5,correct
000017_frame000008_aQIptqndN2.jpg,/home/jgaldeano/tfm/data/datasets/classifier/val/Green/000017_frame000008_aQIptqndN2.jpg,1,Green,1,Green,0.9986196756362915,0.5,correct
000017_frame000009_yLUcLiRP-D.jpg,/home/jgaldeano/tfm/data/datasets/classifier/val/Green/000017_frame000009_yLUcLiRP-D.jpg,1,Green,1,Green,0.9952744245529175,0.5,correct
000017_frame000010_Il1u0Y5K4E.jpg,/home/jgaldeano/tfm/data/datasets/classifier/val/Green/000017_frame000010_Il1u0Y5K4E.jpg,1,Green,1,Green,0.9984357953071594,0.5,correct
000017_frame000011_h2WjJnEbwg.jpg,/home/jgaldeano/tfm/data/datasets/classifier/val/Green/000017_frame000011_h2WjJnEbwg.jpg,1,Green,1,Green,0.9981082677841187,0.5,correct
000017_frame000012_pQW4fVJJcj.jpg,/home/jgaldeano/tfm/data/datasets/classifier/val/Green/000017_frame000012_pQW4fVJJcj.jpg,1,Green,1,Green,0.9982842803001404,0.5,correct
000017_frame000013_33hfbXqdoS.jpg,/home/jgaldeano/tfm/data/datasets/classifier/val/Green/000017_frame000013_33hfbXqdoS.jpg,1,Green,1,Green,0.9964505434036255,0.5,correct
000017_frame000014_wbSHKnEC7p.jpg,/home/jgaldeano/tfm/data/datasets/classifier/val/Green/000017_frame000014_wbSHKnEC7p.jpg,1,Green,1,Green,0.9790959358215332,0.5,correct
000017_frame000015_LMRUJKPfhw.jpg,/home/jgaldeano/tfm/data/datasets/classifier/val/Green/000017_frame000015_LMRUJKPfhw.jpg,1,Green,1,Green,0.992918074131012,0.5,correct
000017_frame000016_FF21mFw8A6.jpg,/home/jgaldeano/tfm/data/datasets/classifier/val/Green/000017_frame000016_FF21mFw8A6.jpg,1,Green,1,Green,0.9907653331756592,0.5,correct
000017_frame000017_TfVKwf1vbW.jpg,/home/jgaldeano/tfm/data/datasets/classifier/val/Green/000017_frame000017_TfVKwf1vbW.jpg,1,Green,0,Red,0.0121962521225214,0.5,FN
000017_frame000018_-yjHdCYK4h.jpg,/home/jgaldeano/tfm/data/datasets/classifier/val/Green/000017_frame000018_-yjHdCYK4h.jpg,1,Green,1,Green,0.8666063547134399,0.5,correct
000017_frame000019_PHTL4hO_a9.jpg,/home/jgaldeano/tfm/data/datasets/classifier/val/Green/000017_frame000019_PHTL4hO_a9.jpg,1,Green,1,Green,0.8155888915061951,0.5,correct
000017_frame000020_P39UjAmGHo.jpg,/home/jgaldeano/tfm/data/datasets/classifier/val/Green/000017_frame000020_P39UjAmGHo.jpg,1,Green,0,Red,0.014835725538432598,0.5,FN
000017_frame000028_89JQAzd-rU.jpg,/home/jgaldeano/tfm/data/datasets/classifier/val/Green/000017_frame000028_89JQAzd-rU.jpg,1,Green,1,Green,0.6255865097045898,0.5,correct
000017_frame000029_koimyjzYkw.jpg,/home/jgaldeano/tfm/data/datasets/classifier/val/Green/000017_frame000029_koimyjzYkw.jpg,1,Green,1,Green,0.9882420897483826,0.5,correct
000017_frame000030_VwIeB_wR6d.jpg,/home/jgaldeano/tfm/data/datasets/classifier/val/Green/000017_frame000030_VwIeB_wR6d.jpg,1,Green,0,Red,0.02278001978993416,0.5,FN
000017_frame000031_6oQYCZ-x2p.jpg,/home/jgaldeano/tfm/data/datasets/classifier/val/Green/000017_frame000031_6oQYCZ-x2p.jpg,1,Green,0,Red,0.011870267800986767,0.5,FN
000017_frame000032_EVGow3lWFx.jpg,/home/jgaldeano/tfm/data/datasets/classifier/val/Green/000017_frame000032_EVGow3lWFx.jpg,1,Green,1,Green,0.9775445461273193,0.5,correct
000017_frame000033_8gvspovtBi.jpg,/home/jgaldeano/tfm/data/datasets/classifier/val/Green/000017_frame000033_8gvspovtBi.jpg,1,Green,1,Green,0.8147226572036743,0.5,correct
000017_frame000034_VRV_6BXtmg.jpg,/home/jgaldeano/tfm/data/datasets/classifier/val/Green/000017_frame000034_VRV_6BXtmg.jpg,1,Green,1,Green,0.8920421004295349,0.5,correct
000017_frame000035_J4L7eMMmy7.jpg,/home/jgaldeano/tfm/data/datasets/classifier/val/Green/000017_frame000035_J4L7eMMmy7.jpg,1,Green,1,Green,0.706866979598999,0.5,correct
000017_frame000036_FcFRsjAkQg.jpg,/home/jgaldeano/tfm/data/datasets/classifier/val/Green/000017_frame000036_FcFRsjAkQg.jpg,1,Green,1,Green,0.9776068925857544,0.5,correct
000017_frame000037_Dqo0nQG6jO.jpg,/home/jgaldeano/tfm/data/datasets/classifier/val/Green/000017_frame000037_Dqo0nQG6jO.jpg,1,Green,0,Red,0.056991517543792725,0.5,FN
000017_frame000038_dzRY0pAJl3.jpg,/home/jgaldeano/tfm/data/datasets/classifier/val/Green/000017_frame000038_dzRY0pAJl3.jpg,1,Green,1,Green,0.9774552583694458,0.5,correct
000017_frame000039_GnJvnL3efS.jpg,/home/jgaldeano/tfm/data/datasets/classifier/val/Green/000017_frame000039_GnJvnL3efS.jpg,1,Green,1,Green,0.9812177419662476,0.5,correct
000017_frame000040_cacqbyPZoC.jpg,/home/jgaldeano/tfm/data/datasets/classifier/val/Green/000017_frame000040_cacqbyPZoC.jpg,1,Green,0,Red,0.07923206686973572,0.5,FN
000017_frame000041_E3w-bGBIXL.jpg,/home/jgaldeano/tfm/data/datasets/classifier/val/Green/000017_frame000041_E3w-bGBIXL.jpg,1,Green,0,Red,0.21665805578231812,0.5,FN
000017_frame000042_xvlD9qMD_i.jpg,/home/jgaldeano/tfm/data/datasets/classifier/val/Green/000017_frame000042_xvlD9qMD_i.jpg,1,Green,1,Green,0.9940277338027954,0.5,correct
000017_frame000043_JGradhP3-w.jpg,/home/jgaldeano/tfm/data/datasets/classifier/val/Green/000017_frame000043_JGradhP3-w.jpg,1,Green,1,Green,0.993559718132019,0.5,correct
000017_frame000044_JY6efNfiCr.jpg,/home/jgaldeano/tfm/data/datasets/classifier/val/Green/000017_frame000044_JY6efNfiCr.jpg,1,Green,1,Green,0.9995235204696655,0.5,correct
000017_frame000045_r_nRr94-ZA.jpg,/home/jgaldeano/tfm/data/datasets/classifier/val/Green/000017_frame000045_r_nRr94-ZA.jpg,1,Green,1,Green,0.983748197555542,0.5,correct
000017_frame000048_YkNgW2QOJZ.jpg,/home/jgaldeano/tfm/data/datasets/classifier/val/Green/000017_frame000048_YkNgW2QOJZ.jpg,1,Green,1,Green,0.9988855719566345,0.5,correct
000017_frame000050_VH-XDZffVk.jpg,/home/jgaldeano/tfm/data/datasets/classifier/val/Green/000017_frame000050_VH-XDZffVk.jpg,1,Green,0,Red,0.2743944823741913,0.5,FN
000017_frame000051_DiM8iMgqHI.jpg,/home/jgaldeano/tfm/data/datasets/classifier/val/Green/000017_frame000051_DiM8iMgqHI.jpg,1,Green,1,Green,0.9999268054962158,0.5,correct
000017_frame000052_WzYd-0DEZB.jpg,/home/jgaldeano/tfm/data/datasets/classifier/val/Green/000017_frame000052_WzYd-0DEZB.jpg,1,Green,1,Green,0.9517124891281128,0.5,correct
000017_frame000052_upIGK8TxfN.jpg,/home/jgaldeano/tfm/data/datasets/classifier/val/Green/000017_frame000052_upIGK8TxfN.jpg,1,Green,1,Green,0.9939310550689697,0.5,correct
000017_frame000053_49lkbwZyl7.jpg,/home/jgaldeano/tfm/data/datasets/classifier/val/Green/000017_frame000053_49lkbwZyl7.jpg,1,Green,1,Green,0.8830529451370239,0.5,correct
000017_frame000053_8ZhgNLk9_R.jpg,/home/jgaldeano/tfm/data/datasets/classifier/val/Green/000017_frame000053_8ZhgNLk9_R.jpg,1,Green,1,Green,0.9989535808563232,0.5,correct
000017_frame000054_3l2lR1FDmJ.jpg,/home/jgaldeano/tfm/data/datasets/classifier/val/Green/000017_frame000054_3l2lR1FDmJ.jpg,1,Green,1,Green,0.9987043142318726,0.5,correct
000017_frame000054_b7OFKwTg_G.jpg,/home/jgaldeano/tfm/data/datasets/classifier/val/Green/000017_frame000054_b7OFKwTg_G.jpg,1,Green,1,Green,0.9678109884262085,0.5,correct
000017_frame000055_FEZaZuNuP8.jpg,/home/jgaldeano/tfm/data/datasets/classifier/val/Green/000017_frame000055_FEZaZuNuP8.jpg,1,Green,0,Red,0.0015597741585224867,0.5,FN
000017_frame000055_ueaIbYBZAE.jpg,/home/jgaldeano/tfm/data/datasets/classifier/val/Green/000017_frame000055_ueaIbYBZAE.jpg,1,Green,1,Green,0.999797523021698,0.5,correct
000017_frame000056_3OTeAIvb3n.jpg,/home/jgaldeano/tfm/data/datasets/classifier/val/Green/000017_frame000056_3OTeAIvb3n.jpg,1,Green,1,Green,0.9999947547912598,0.5,correct
000017_frame000056_LHZX4muBjv.jpg,/home/jgaldeano/tfm/data/datasets/classifier/val/Green/000017_frame000056_LHZX4muBjv.jpg,1,Green,0,Red,0.0004229811893310398,0.5,FN
000017_frame000057_KtI1gyIfQi.jpg,/home/jgaldeano/tfm/data/datasets/classifier/val/Green/000017_frame000057_KtI1gyIfQi.jpg,1,Green,0,Red,0.030827850103378296,0.5,FN
000017_frame000057_wLm9yDjUSG.jpg,/home/jgaldeano/tfm/data/datasets/classifier/val/Green/000017_frame000057_wLm9yDjUSG.jpg,1,Green,1,Green,0.9999991655349731,0.5,correct
000017_frame000058_BnbqzSnYgw.jpg,/home/jgaldeano/tfm/data/datasets/classifier/val/Green/000017_frame000058_BnbqzSnYgw.jpg,1,Green,1,Green,0.6341809034347534,0.5,correct
000017_frame000059_LUm4HsoEZI.jpg,/home/jgaldeano/tfm/data/datasets/classifier/val/Green/000017_frame000059_LUm4HsoEZI.jpg,1,Green,0,Red,0.42971107363700867,0.5,FN
000017_frame000060_wzj74q0ewh.jpg,/home/jgaldeano/tfm/data/datasets/classifier/val/Green/000017_frame000060_wzj74q0ewh.jpg,1,Green,0,Red,0.019520806148648262,0.5,FN
000017_frame000061_au6SUIkQk0.jpg,/home/jgaldeano/tfm/data/datasets/classifier/val/Green/000017_frame000061_au6SUIkQk0.jpg,1,Green,0,Red,0.04853877052664757,0.5,FN
000017_frame000062_-N88fujmlg.jpg,/home/jgaldeano/tfm/data/datasets/classifier/val/Green/000017_frame000062_-N88fujmlg.jpg,1,Green,0,Red,0.411180317401886,0.5,FN
000017_frame000062_92vd0ANzFh.jpg,/home/jgaldeano/tfm/data/datasets/classifier/val/Green/000017_frame000062_92vd0ANzFh.jpg,1,Green,1,Green,0.9972231388092041,0.5,correct
000017_frame000063_PqB4vLTXxr.jpg,/home/jgaldeano/tfm/data/datasets/classifier/val/Green/000017_frame000063_PqB4vLTXxr.jpg,1,Green,0,Red,0.23061434924602509,0.5,FN
000017_frame000063_vMIuQG-K63.jpg,/home/jgaldeano/tfm/data/datasets/classifier/val/Green/000017_frame000063_vMIuQG-K63.jpg,1,Green,1,Green,0.998793363571167,0.5,correct
000017_frame000064_63OOxNe02Q.jpg,/home/jgaldeano/tfm/data/datasets/classifier/val/Green/000017_frame000064_63OOxNe02Q.jpg,1,Green,1,Green,0.9999861717224121,0.5,correct
000017_frame000064_ujSCovTHOQ.jpg,/home/jgaldeano/tfm/data/datasets/classifier/val/Green/000017_frame000064_ujSCovTHOQ.jpg,1,Green,1,Green,0.9996114373207092,0.5,correct
000017_frame000065_YmAasRBw8e.jpg,/home/jgaldeano/tfm/data/datasets/classifier/val/Green/000017_frame000065_YmAasRBw8e.jpg,1,Green,1,Green,0.8936602473258972,0.5,correct
000017_frame000069_U3zCbWCa1z.jpg,/home/jgaldeano/tfm/data/datasets/classifier/val/Green/000017_frame000069_U3zCbWCa1z.jpg,1,Green,1,Green,0.7950302958488464,0.5,correct
000017_frame000069_vbn3Y_eb7E.jpg,/home/jgaldeano/tfm/data/datasets/classifier/val/Green/000017_frame000069_vbn3Y_eb7E.jpg,1,Green,1,Green,0.9997995495796204,0.5,correct
000017_frame000070_ooxC_lwoqb.jpg,/home/jgaldeano/tfm/data/datasets/classifier/val/Green/000017_frame000070_ooxC_lwoqb.jpg,1,Green,1,Green,0.9999034404754639,0.5,correct
000017_frame000070_qsiAmtPwBN.jpg,/home/jgaldeano/tfm/data/datasets/classifier/val/Green/000017_frame000070_qsiAmtPwBN.jpg,1,Green,1,Green,0.97323077917099,0.5,correct
000017_frame000071_MuR6IGLD1a.jpg,/home/jgaldeano/tfm/data/datasets/classifier/val/Green/000017_frame000071_MuR6IGLD1a.jpg,1,Green,1,Green,0.9834217429161072,0.5,correct
000017_frame000071__YktbIcDb0.jpg,/home/jgaldeano/tfm/data/datasets/classifier/val/Green/000017_frame000071__YktbIcDb0.jpg,1,Green,1,Green,0.9998053908348083,0.5,correct
000017_frame000072_2J1Clrylml.jpg,/home/jgaldeano/tfm/data/datasets/classifier/val/Green/000017_frame000072_2J1Clrylml.jpg,1,Green,1,Green,0.9970513582229614,0.5,correct
000017_frame000072_P8QYCTw_C-.jpg,/home/jgaldeano/tfm/data/datasets/classifier/val/Green/000017_frame000072_P8QYCTw_C-.jpg,1,Green,0,Red,0.35518792271614075,0.5,FN
000017_frame000073_r9fuLklPoj.jpg,/home/jgaldeano/tfm/data/datasets/classifier/val/Green/000017_frame000073_r9fuLklPoj.jpg,1,Green,1,Green,0.99893718957901,0.5,correct
000017_frame000074_V0qI1wPSri.jpg,/home/jgaldeano/tfm/data/datasets/classifier/val/Green/000017_frame000074_V0qI1wPSri.jpg,1,Green,1,Green,0.9970080256462097,0.5,correct
000017_frame000074_YBUwJmZnY_.jpg,/home/jgaldeano/tfm/data/datasets/classifier/val/Green/000017_frame000074_YBUwJmZnY_.jpg,1,Green,1,Green,0.9994158744812012,0.5,correct
000017_frame000075_5-jehTjOB3.jpg,/home/jgaldeano/tfm/data/datasets/classifier/val/Green/000017_frame000075_5-jehTjOB3.jpg,1,Green,0,Red,0.465558797121048,0.5,FN
000017_frame000075_pj0AB1ndbv.jpg,/home/jgaldeano/tfm/data/datasets/classifier/val/Green/000017_frame000075_pj0AB1ndbv.jpg,1,Green,1,Green,0.9985665678977966,0.5,correct
000017_frame000076_iobuZ9a5Gu.jpg,/home/jgaldeano/tfm/data/datasets/classifier/val/Green/000017_frame000076_iobuZ9a5Gu.jpg,1,Green,0,Red,0.13919121026992798,0.5,FN
000017_frame000076_tNtkyU-xuk.jpg,/home/jgaldeano/tfm/data/datasets/classifier/val/Green/000017_frame000076_tNtkyU-xuk.jpg,1,Green,1,Green,0.9993079900741577,0.5,correct
000017_frame000077_GR7aXhEY7v.jpg,/home/jgaldeano/tfm/data/datasets/classifier/val/Green/000017_frame000077_GR7aXhEY7v.jpg,1,Green,1,Green,0.9867855906486511,0.5,correct
000017_frame000077_pV-zFWm-dU.jpg,/home/jgaldeano/tfm/data/datasets/classifier/val/Green/000017_frame000077_pV-zFWm-dU.jpg,1,Green,1,Green,0.9998052716255188,0.5,correct
000017_frame000078_59V0DB9UrB.jpg,/home/jgaldeano/tfm/data/datasets/classifier/val/Green/000017_frame000078_59V0DB9UrB.jpg,1,Green,1,Green,0.9993239641189575,0.5,correct
000017_frame000078_l4I9F_UcJ2.jpg,/home/jgaldeano/tfm/data/datasets/classifier/val/Green/000017_frame000078_l4I9F_UcJ2.jpg,1,Green,0,Red,0.3482714295387268,0.5,FN
000017_frame000079_SrWFevXbtK.jpg,/home/jgaldeano/tfm/data/datasets/classifier/val/Green/000017_frame000079_SrWFevXbtK.jpg,1,Green,1,Green,0.9939636588096619,0.5,correct
000017_frame000079_tn78Ha3RP-.jpg,/home/jgaldeano/tfm/data/datasets/classifier/val/Green/000017_frame000079_tn78Ha3RP-.jpg,1,Green,1,Green,0.9996155500411987,0.5,correct
000017_frame000080_hqsNKiyGyi.jpg,/home/jgaldeano/tfm/data/datasets/classifier/val/Green/000017_frame000080_hqsNKiyGyi.jpg,1,Green,1,Green,0.9991023540496826,0.5,correct
000017_frame000081_xiMTMsccFB.jpg,/home/jgaldeano/tfm/data/datasets/classifier/val/Green/000017_frame000081_xiMTMsccFB.jpg,1,Green,1,Green,0.9989504218101501,0.5,correct
000017_frame000082_bK2htPyuKE.jpg,/home/jgaldeano/tfm/data/datasets/classifier/val/Green/000017_frame000082_bK2htPyuKE.jpg,1,Green,1,Green,0.9970082640647888,0.5,correct
000017_frame000083_qFlgurkIL2.jpg,/home/jgaldeano/tfm/data/datasets/classifier/val/Green/000017_frame000083_qFlgurkIL2.jpg,1,Green,1,Green,0.9993422627449036,0.5,correct
000017_frame000085_YqY7_c2qJ7.jpg,/home/jgaldeano/tfm/data/datasets/classifier/val/Green/000017_frame000085_YqY7_c2qJ7.jpg,1,Green,1,Green,0.9998437166213989,0.5,correct
000017_frame000085_viOaT2Nhq0.jpg,/home/jgaldeano/tfm/data/datasets/classifier/val/Green/000017_frame000085_viOaT2Nhq0.jpg,1,Green,1,Green,0.998072624206543,0.5,correct
000017_frame000086_Th12yFqG9A.jpg,/home/jgaldeano/tfm/data/datasets/classifier/val/Green/000017_frame000086_Th12yFqG9A.jpg,1,Green,1,Green,0.9991956353187561,0.5,correct
000017_frame000088_jWdGHwXdx1.jpg,/home/jgaldeano/tfm/data/datasets/classifier/val/Green/000017_frame000088_jWdGHwXdx1.jpg,1,Green,1,Green,0.99843829870224,0.5,correct
000017_frame000089_1_SgugxmD5.jpg,/home/jgaldeano/tfm/data/datasets/classifier/val/Green/000017_frame000089_1_SgugxmD5.jpg,1,Green,1,Green,0.9771693348884583,0.5,correct
000017_frame000091_V4Sz2L7nh3.jpg,/home/jgaldeano/tfm/data/datasets/classifier/val/Green/000017_frame000091_V4Sz2L7nh3.jpg,1,Green,1,Green,0.9011712074279785,0.5,correct
000017_frame000100_jzdD6sQ-xo.jpg,/home/jgaldeano/tfm/data/datasets/classifier/val/Green/000017_frame000100_jzdD6sQ-xo.jpg,1,Green,1,Green,0.9976105690002441,0.5,correct
000017_frame000101_egYav2Hc_o.jpg,/home/jgaldeano/tfm/data/datasets/classifier/val/Green/000017_frame000101_egYav2Hc_o.jpg,1,Green,1,Green,0.9822145104408264,0.5,correct
000017_frame000103_Vim6pl4xhw.jpg,/home/jgaldeano/tfm/data/datasets/classifier/val/Green/000017_frame000103_Vim6pl4xhw.jpg,1,Green,1,Green,0.999998927116394,0.5,correct
000017_frame000104_VCYOSMOdw3.jpg,/home/jgaldeano/tfm/data/datasets/classifier/val/Green/000017_frame000104_VCYOSMOdw3.jpg,1,Green,1,Green,0.999981164932251,0.5,correct
000017_frame000106_IqbnV5ja1u.jpg,/home/jgaldeano/tfm/data/datasets/classifier/val/Green/000017_frame000106_IqbnV5ja1u.jpg,1,Green,1,Green,0.998222291469574,0.5,correct
000017_frame000107_60-bZh3Rxr.jpg,/home/jgaldeano/tfm/data/datasets/classifier/val/Green/000017_frame000107_60-bZh3Rxr.jpg,1,Green,1,Green,0.997246503829956,0.5,correct
000023_frame000065_D9LaJ6ETZ0.jpg,/home/jgaldeano/tfm/data/datasets/classifier/val/Green/000023_frame000065_D9LaJ6ETZ0.jpg,1,Green,1,Green,0.9998834133148193,0.5,correct
000023_frame000065_s6J6AVk59-.jpg,/home/jgaldeano/tfm/data/datasets/classifier/val/Green/000023_frame000065_s6J6AVk59-.jpg,1,Green,1,Green,1.0,0.5,correct
000023_frame000066_Q5dpS_Glq3.jpg,/home/jgaldeano/tfm/data/datasets/classifier/val/Green/000023_frame000066_Q5dpS_Glq3.jpg,1,Green,1,Green,1.0,0.5,correct
000023_frame000066_mV1_0TpHvp.jpg,/home/jgaldeano/tfm/data/datasets/classifier/val/Green/000023_frame000066_mV1_0TpHvp.jpg,1,Green,1,Green,0.9999575614929199,0.5,correct
000023_frame000067_KvLMAiv13Z.jpg,/home/jgaldeano/tfm/data/datasets/classifier/val/Green/000023_frame000067_KvLMAiv13Z.jpg,1,Green,1,Green,0.9999998807907104,0.5,correct
000023_frame000067_WPE4k9NvWg.jpg,/home/jgaldeano/tfm/data/datasets/classifier/val/Green/000023_frame000067_WPE4k9NvWg.jpg,1,Green,1,Green,0.9999597072601318,0.5,correct
000023_frame000068_MtJuGGog-D.jpg,/home/jgaldeano/tfm/data/datasets/classifier/val/Green/000023_frame000068_MtJuGGog-D.jpg,1,Green,1,Green,0.9999998807907104,0.5,correct
000023_frame000068_oILkA7vzK1.jpg,/home/jgaldeano/tfm/data/datasets/classifier/val/Green/000023_frame000068_oILkA7vzK1.jpg,1,Green,1,Green,0.9999198913574219,0.5,correct
000023_frame000069_pNgvWBoiaI.jpg,/home/jgaldeano/tfm/data/datasets/classifier/val/Green/000023_frame000069_pNgvWBoiaI.jpg,1,Green,1,Green,0.9998515844345093,0.5,correct
000023_frame000069_uOL6Palr0e.jpg,/home/jgaldeano/tfm/data/datasets/classifier/val/Green/000023_frame000069_uOL6Palr0e.jpg,1,Green,1,Green,0.9999997615814209,0.5,correct
000023_frame000070_1i_EEb4FHy.jpg,/home/jgaldeano/tfm/data/datasets/classifier/val/Green/000023_frame000070_1i_EEb4FHy.jpg,1,Green,1,Green,0.9999992847442627,0.5,correct
000023_frame000070_25i39WrCeJ.jpg,/home/jgaldeano/tfm/data/datasets/classifier/val/Green/000023_frame000070_25i39WrCeJ.jpg,1,Green,1,Green,0.999855637550354,0.5,correct
000023_frame000071_JU7aUDQmvk.jpg,/home/jgaldeano/tfm/data/datasets/classifier/val/Green/000023_frame000071_JU7aUDQmvk.jpg,1,Green,1,Green,0.9999994039535522,0.5,correct
000023_frame000071_NlRa6bwYgj.jpg,/home/jgaldeano/tfm/data/datasets/classifier/val/Green/000023_frame000071_NlRa6bwYgj.jpg,1,Green,1,Green,0.9998657703399658,0.5,correct
000023_frame000072_DeZorkg-uv.jpg,/home/jgaldeano/tfm/data/datasets/classifier/val/Green/000023_frame000072_DeZorkg-uv.jpg,1,Green,1,Green,0.9999991655349731,0.5,correct
000023_frame000073_DjSLZ83mZP.jpg,/home/jgaldeano/tfm/data/datasets/classifier/val/Green/000023_frame000073_DjSLZ83mZP.jpg,1,Green,1,Green,0.9998573064804077,0.5,correct
000023_frame000073_VLcDkG44Qc.jpg,/home/jgaldeano/tfm/data/datasets/classifier/val/Green/000023_frame000073_VLcDkG44Qc.jpg,1,Green,1,Green,0.999998927116394,0.5,correct
000023_frame000074_kb7j_x5KIB.jpg,/home/jgaldeano/tfm/data/datasets/classifier/val/Green/000023_frame000074_kb7j_x5KIB.jpg,1,Green,1,Green,0.9999996423721313,0.5,correct
000023_frame000075_f90lRL6dhE.jpg,/home/jgaldeano/tfm/data/datasets/classifier/val/Green/000023_frame000075_f90lRL6dhE.jpg,1,Green,1,Green,0.9997449517250061,0.5,correct
000023_frame000075_x4WcqcIDrV.jpg,/home/jgaldeano/tfm/data/datasets/classifier/val/Green/000023_frame000075_x4WcqcIDrV.jpg,1,Green,1,Green,0.9999991655349731,0.5,correct
000023_frame000076_ytjADqyzLW.jpg,/home/jgaldeano/tfm/data/datasets/classifier/val/Green/000023_frame000076_ytjADqyzLW.jpg,1,Green,1,Green,0.9999995231628418,0.5,correct
000023_frame000076_z89luvDaaV.jpg,/home/jgaldeano/tfm/data/datasets/classifier/val/Green/000023_frame000076_z89luvDaaV.jpg,1,Green,1,Green,0.9997512698173523,0.5,correct
000023_frame000077_Jr4gmPmbHZ.jpg,/home/jgaldeano/tfm/data/datasets/classifier/val/Green/000023_frame000077_Jr4gmPmbHZ.jpg,1,Green,1,Green,0.9998677968978882,0.5,correct
000023_frame000077_oIWjWrNraR.jpg,/home/jgaldeano/tfm/data/datasets/classifier/val/Green/000023_frame000077_oIWjWrNraR.jpg,1,Green,1,Green,0.9999996423721313,0.5,correct
000023_frame000078_O4JMS38B_D.jpg,/home/jgaldeano/tfm/data/datasets/classifier/val/Green/000023_frame000078_O4JMS38B_D.jpg,1,Green,1,Green,0.9999996423721313,0.5,correct
000023_frame000078_UXrCEpPTva.jpg,/home/jgaldeano/tfm/data/datasets/classifier/val/Green/000023_frame000078_UXrCEpPTva.jpg,1,Green,1,Green,0.999869704246521,0.5,correct
000023_frame000079_9I7yBBvWw1.jpg,/home/jgaldeano/tfm/data/datasets/classifier/val/Green/000023_frame000079_9I7yBBvWw1.jpg,1,Green,1,Green,0.9999104738235474,0.5,correct
000023_frame000079_z3-lOYpbMN.jpg,/home/jgaldeano/tfm/data/datasets/classifier/val/Green/000023_frame000079_z3-lOYpbMN.jpg,1,Green,1,Green,1.0,0.5,correct
000023_frame000080_0Q24jr4cnq.jpg,/home/jgaldeano/tfm/data/datasets/classifier/val/Green/000023_frame000080_0Q24jr4cnq.jpg,1,Green,1,Green,0.9999737739562988,0.5,correct
000023_frame000080_w4Sww8zBmo.jpg,/home/jgaldeano/tfm/data/datasets/classifier/val/Green/000023_frame000080_w4Sww8zBmo.jpg,1,Green,1,Green,0.9999998807907104,0.5,correct
000023_frame000081_djjWJrGA52.jpg,/home/jgaldeano/tfm/data/datasets/classifier/val/Green/000023_frame000081_djjWJrGA52.jpg,1,Green,1,Green,0.9999992847442627,0.5,correct
000023_frame000081_tH3ahcAUz8.jpg,/home/jgaldeano/tfm/data/datasets/classifier/val/Green/000023_frame000081_tH3ahcAUz8.jpg,1,Green,1,Green,0.9997335076332092,0.5,correct
000023_frame000082_TI4jVIM18K.jpg,/home/jgaldeano/tfm/data/datasets/classifier/val/Green/000023_frame000082_TI4jVIM18K.jpg,1,Green,1,Green,0.9994943141937256,0.5,correct
000023_frame000082_Wcf5hEM7di.jpg,/home/jgaldeano/tfm/data/datasets/classifier/val/Green/000023_frame000082_Wcf5hEM7di.jpg,1,Green,1,Green,1.0,0.5,correct
000023_frame000083_BM3EeehV5G.jpg,/home/jgaldeano/tfm/data/datasets/classifier/val/Green/000023_frame000083_BM3EeehV5G.jpg,1,Green,1,Green,1.0,0.5,correct
000023_frame000083_BSx6zGjytP.jpg,/home/jgaldeano/tfm/data/datasets/classifier/val/Green/000023_frame000083_BSx6zGjytP.jpg,1,Green,1,Green,0.9999697208404541,0.5,correct
000023_frame000084_KzjvajiXPb.jpg,/home/jgaldeano/tfm/data/datasets/classifier/val/Green/000023_frame000084_KzjvajiXPb.jpg,1,Green,1,Green,0.9995309114456177,0.5,correct
000023_frame000084_lmCPut27HS.jpg,/home/jgaldeano/tfm/data/datasets/classifier/val/Green/000023_frame000084_lmCPut27HS.jpg,1,Green,1,Green,0.9999994039535522,0.5,correct
000023_frame000085_7GGcqt1D9C.jpg,/home/jgaldeano/tfm/data/datasets/classifier/val/Green/000023_frame000085_7GGcqt1D9C.jpg,1,Green,1,Green,0.9997627139091492,0.5,correct
000023_frame000086_VXJsMN_TzV.jpg,/home/jgaldeano/tfm/data/datasets/classifier/val/Green/000023_frame000086_VXJsMN_TzV.jpg,1,Green,1,Green,0.9999998807907104,0.5,correct
000023_frame000086_ajGKB4gdnd.jpg,/home/jgaldeano/tfm/data/datasets/classifier/val/Green/000023_frame000086_ajGKB4gdnd.jpg,1,Green,1,Green,0.9999436140060425,0.5,correct
000023_frame000087_5ySaSz-96E.jpg,/home/jgaldeano/tfm/data/datasets/classifier/val/Green/000023_frame000087_5ySaSz-96E.jpg,1,Green,1,Green,0.9998990297317505,0.5,correct
000023_frame000087_qhT9F0RA8l.jpg,/home/jgaldeano/tfm/data/datasets/classifier/val/Green/000023_frame000087_qhT9F0RA8l.jpg,1,Green,1,Green,0.9999994039535522,0.5,correct
000023_frame000088_UXQLWAgUhJ.jpg,/home/jgaldeano/tfm/data/datasets/classifier/val/Green/000023_frame000088_UXQLWAgUhJ.jpg,1,Green,1,Green,0.999782145023346,0.5,correct
000023_frame000089_bFMblYRUAI.jpg,/home/jgaldeano/tfm/data/datasets/classifier/val/Green/000023_frame000089_bFMblYRUAI.jpg,1,Green,1,Green,1.0,0.5,correct
000023_frame000089_rsYsb4sHtD.jpg,/home/jgaldeano/tfm/data/datasets/classifier/val/Green/000023_frame000089_rsYsb4sHtD.jpg,1,Green,1,Green,0.9999364614486694,0.5,correct
000023_frame000090_YMIRlc6_GG.jpg,/home/jgaldeano/tfm/data/datasets/classifier/val/Green/000023_frame000090_YMIRlc6_GG.jpg,1,Green,1,Green,0.9997618794441223,0.5,correct
000023_frame000090_pNH95UIB6d.jpg,/home/jgaldeano/tfm/data/datasets/classifier/val/Green/000023_frame000090_pNH95UIB6d.jpg,1,Green,1,Green,1.0,0.5,correct
000023_frame000091_12izpPxGjl.jpg,/home/jgaldeano/tfm/data/datasets/classifier/val/Green/000023_frame000091_12izpPxGjl.jpg,1,Green,1,Green,0.9999998807907104,0.5,correct
000023_frame000091_o0szr1BYY3.jpg,/home/jgaldeano/tfm/data/datasets/classifier/val/Green/000023_frame000091_o0szr1BYY3.jpg,1,Green,1,Green,0.9998990297317505,0.5,correct
000023_frame000092_f3mrg_JTNx.jpg,/home/jgaldeano/tfm/data/datasets/classifier/val/Green/000023_frame000092_f3mrg_JTNx.jpg,1,Green,1,Green,0.9999125003814697,0.5,correct
000023_frame000092_v93jCj8rVN.jpg,/home/jgaldeano/tfm/data/datasets/classifier/val/Green/000023_frame000092_v93jCj8rVN.jpg,1,Green,1,Green,0.9999998807907104,0.5,correct
000023_frame000093_fUWM1qlO5I.jpg,/home/jgaldeano/tfm/data/datasets/classifier/val/Green/000023_frame000093_fUWM1qlO5I.jpg,1,Green,1,Green,0.9999860525131226,0.5,correct
000023_frame000093_pMHMXr-yvZ.jpg,/home/jgaldeano/tfm/data/datasets/classifier/val/Green/000023_frame000093_pMHMXr-yvZ.jpg,1,Green,1,Green,0.9999997615814209,0.5,correct
000023_frame000094_781exV2nY2.jpg,/home/jgaldeano/tfm/data/datasets/classifier/val/Green/000023_frame000094_781exV2nY2.jpg,1,Green,1,Green,1.0,0.5,correct
000023_frame000094_Bn2vd82Pkt.jpg,/home/jgaldeano/tfm/data/datasets/classifier/val/Green/000023_frame000094_Bn2vd82Pkt.jpg,1,Green,1,Green,0.9998323917388916,0.5,correct
000023_frame000095_CrnWPV-ofn.jpg,/home/jgaldeano/tfm/data/datasets/classifier/val/Green/000023_frame000095_CrnWPV-ofn.jpg,1,Green,1,Green,0.9999845027923584,0.5,correct
000023_frame000096_GmU6snJCz_.jpg,/home/jgaldeano/tfm/data/datasets/classifier/val/Green/000023_frame000096_GmU6snJCz_.jpg,1,Green,1,Green,0.9999998807907104,0.5,correct
000023_frame000096_ri1yhmU-gK.jpg,/home/jgaldeano/tfm/data/datasets/classifier/val/Green/000023_frame000096_ri1yhmU-gK.jpg,1,Green,1,Green,0.9999527931213379,0.5,correct
000023_frame000097_hwvrGd0nkW.jpg,/home/jgaldeano/tfm/data/datasets/classifier/val/Green/000023_frame000097_hwvrGd0nkW.jpg,1,Green,1,Green,0.9997944235801697,0.5,correct
000023_frame000097_kgfl7EvlIq.jpg,/home/jgaldeano/tfm/data/datasets/classifier/val/Green/000023_frame000097_kgfl7EvlIq.jpg,1,Green,1,Green,1.0,0.5,correct
000023_frame000098_o1x1_ozqeH.jpg,/home/jgaldeano/tfm/data/datasets/classifier/val/Green/000023_frame000098_o1x1_ozqeH.jpg,1,Green,1,Green,0.9999997615814209,0.5,correct
000023_frame000098_uIHmbRhY6m.jpg,/home/jgaldeano/tfm/data/datasets/classifier/val/Green/000023_frame000098_uIHmbRhY6m.jpg,1,Green,1,Green,0.9999102354049683,0.5,correct
000023_frame000099_kfnx87KVV8.jpg,/home/jgaldeano/tfm/data/datasets/classifier/val/Green/000023_frame000099_kfnx87KVV8.jpg,1,Green,1,Green,0.9998584985733032,0.5,correct
000023_frame000100_M4RaYcDMOi.jpg,/home/jgaldeano/tfm/data/datasets/classifier/val/Green/000023_frame000100_M4RaYcDMOi.jpg,1,Green,1,Green,0.9999936819076538,0.5,correct
000023_frame000100_e9lO-mPmMM.jpg,/home/jgaldeano/tfm/data/datasets/classifier/val/Green/000023_frame000100_e9lO-mPmMM.jpg,1,Green,1,Green,0.9999997615814209,0.5,correct
000023_frame000101_A58yHOtLqm.jpg,/home/jgaldeano/tfm/data/datasets/classifier/val/Green/000023_frame000101_A58yHOtLqm.jpg,1,Green,1,Green,0.9997894167900085,0.5,correct
000023_frame000102_UJcuuVbSaK.jpg,/home/jgaldeano/tfm/data/datasets/classifier/val/Green/000023_frame000102_UJcuuVbSaK.jpg,1,Green,1,Green,0.9999788999557495,0.5,correct
000023_frame000102_dmoeogyu4Q.jpg,/home/jgaldeano/tfm/data/datasets/classifier/val/Green/000023_frame000102_dmoeogyu4Q.jpg,1,Green,1,Green,0.999993085861206,0.5,correct
000023_frame000103_4GUfxAGKMm.jpg,/home/jgaldeano/tfm/data/datasets/classifier/val/Green/000023_frame000103_4GUfxAGKMm.jpg,1,Green,1,Green,0.9999998807907104,0.5,correct
000023_frame000103_mQJrb5w14b.jpg,/home/jgaldeano/tfm/data/datasets/classifier/val/Green/000023_frame000103_mQJrb5w14b.jpg,1,Green,1,Green,0.9999098777770996,0.5,correct
000023_frame000104_45-hNs_14g.jpg,/home/jgaldeano/tfm/data/datasets/classifier/val/Green/000023_frame000104_45-hNs_14g.jpg,1,Green,1,Green,0.9999998807907104,0.5,correct
000023_frame000104_qd_HrBw4nK.jpg,/home/jgaldeano/tfm/data/datasets/classifier/val/Green/000023_frame000104_qd_HrBw4nK.jpg,1,Green,1,Green,0.9997575879096985,0.5,correct
000023_frame000105_AbGdrSZlqN.jpg,/home/jgaldeano/tfm/data/datasets/classifier/val/Green/000023_frame000105_AbGdrSZlqN.jpg,1,Green,1,Green,0.9999587535858154,0.5,correct
000023_frame000105_TyocB3aDpn.jpg,/home/jgaldeano/tfm/data/datasets/classifier/val/Green/000023_frame000105_TyocB3aDpn.jpg,1,Green,1,Green,0.9999992847442627,0.5,correct
000023_frame000106_8_IgKc6xPI.jpg,/home/jgaldeano/tfm/data/datasets/classifier/val/Green/000023_frame000106_8_IgKc6xPI.jpg,1,Green,1,Green,1.0,0.5,correct
000023_frame000106_DWBl21DsOR.jpg,/home/jgaldeano/tfm/data/datasets/classifier/val/Green/000023_frame000106_DWBl21DsOR.jpg,1,Green,1,Green,0.9997898936271667,0.5,correct
000023_frame000107_HwezPUgTN3.jpg,/home/jgaldeano/tfm/data/datasets/classifier/val/Green/000023_frame000107_HwezPUgTN3.jpg,1,Green,1,Green,0.9998941421508789,0.5,correct
000023_frame000107_nhFbqRyUdP.jpg,/home/jgaldeano/tfm/data/datasets/classifier/val/Green/000023_frame000107_nhFbqRyUdP.jpg,1,Green,1,Green,0.9999969005584717,0.5,correct
000023_frame000108_7Fiumj5uLo.jpg,/home/jgaldeano/tfm/data/datasets/classifier/val/Green/000023_frame000108_7Fiumj5uLo.jpg,1,Green,1,Green,0.9999409914016724,0.5,correct
000023_frame000108_MVyKccqHQs.jpg,/home/jgaldeano/tfm/data/datasets/classifier/val/Green/000023_frame000108_MVyKccqHQs.jpg,1,Green,1,Green,0.9999829530715942,0.5,correct
000023_frame000109_HpjcajP6HO.jpg,/home/jgaldeano/tfm/data/datasets/classifier/val/Green/000023_frame000109_HpjcajP6HO.jpg,1,Green,1,Green,0.9999388456344604,0.5,correct
000023_frame000109_hJoG0LWAgR.jpg,/home/jgaldeano/tfm/data/datasets/classifier/val/Green/000023_frame000109_hJoG0LWAgR.jpg,1,Green,1,Green,0.9999958276748657,0.5,correct
000023_frame000110_7OAUA82MpU.jpg,/home/jgaldeano/tfm/data/datasets/classifier/val/Green/000023_frame000110_7OAUA82MpU.jpg,1,Green,1,Green,0.999910831451416,0.5,correct
000023_frame000111_8NM9kVnBzF.jpg,/home/jgaldeano/tfm/data/datasets/classifier/val/Green/000023_frame000111_8NM9kVnBzF.jpg,1,Green,1,Green,0.9999436140060425,0.5,correct
000023_frame000111_YMKTixBz18.jpg,/home/jgaldeano/tfm/data/datasets/classifier/val/Green/000023_frame000111_YMKTixBz18.jpg,1,Green,1,Green,0.9999961853027344,0.5,correct
000023_frame000112_A6krfh-PTU.jpg,/home/jgaldeano/tfm/data/datasets/classifier/val/Green/000023_frame000112_A6krfh-PTU.jpg,1,Green,1,Green,0.9557569622993469,0.5,correct
000023_frame000112_fUxnnFTddF.jpg,/home/jgaldeano/tfm/data/datasets/classifier/val/Green/000023_frame000112_fUxnnFTddF.jpg,1,Green,1,Green,0.9999961853027344,0.5,correct
000023_frame000114_C7XaEtCV9R.jpg,/home/jgaldeano/tfm/data/datasets/classifier/val/Green/000023_frame000114_C7XaEtCV9R.jpg,1,Green,1,Green,0.9999840259552002,0.5,correct
000023_frame000115_0ioWq7ZROs.jpg,/home/jgaldeano/tfm/data/datasets/classifier/val/Green/000023_frame000115_0ioWq7ZROs.jpg,1,Green,1,Green,0.9999954700469971,0.5,correct
000023_frame000116_0bSU-xPSXm.jpg,/home/jgaldeano/tfm/data/datasets/classifier/val/Green/000023_frame000116_0bSU-xPSXm.jpg,1,Green,1,Green,0.9999814033508301,0.5,correct
000023_frame000117_-vYhhoi3AX.jpg,/home/jgaldeano/tfm/data/datasets/classifier/val/Green/000023_frame000117_-vYhhoi3AX.jpg,1,Green,1,Green,0.9999785423278809,0.5,correct
000023_frame000118_ZswiZPkjFp.jpg,/home/jgaldeano/tfm/data/datasets/classifier/val/Green/000023_frame000118_ZswiZPkjFp.jpg,1,Green,1,Green,0.9999932050704956,0.5,correct
000023_frame000119_1HB4cYrp6_.jpg,/home/jgaldeano/tfm/data/datasets/classifier/val/Green/000023_frame000119_1HB4cYrp6_.jpg,1,Green,1,Green,0.9999991655349731,0.5,correct
000023_frame000120_P6mSsn-2s1.jpg,/home/jgaldeano/tfm/data/datasets/classifier/val/Green/000023_frame000120_P6mSsn-2s1.jpg,1,Green,1,Green,0.9999996423721313,0.5,correct
000023_frame000121_WTvBj2L1eM.jpg,/home/jgaldeano/tfm/data/datasets/classifier/val/Green/000023_frame000121_WTvBj2L1eM.jpg,1,Green,1,Green,0.9999995231628418,0.5,correct
000023_frame000123_GYg3r2VpOj.jpg,/home/jgaldeano/tfm/data/datasets/classifier/val/Green/000023_frame000123_GYg3r2VpOj.jpg,1,Green,1,Green,0.999995231628418,0.5,correct
000023_frame000124_-FG7HjoNBP.jpg,/home/jgaldeano/tfm/data/datasets/classifier/val/Green/000023_frame000124_-FG7HjoNBP.jpg,1,Green,1,Green,0.9999909400939941,0.5,correct
000023_frame000125_CoagoUTtyb.jpg,/home/jgaldeano/tfm/data/datasets/classifier/val/Green/000023_frame000125_CoagoUTtyb.jpg,1,Green,1,Green,0.999997615814209,0.5,correct
000023_frame000126_PscOfQjU5c.jpg,/home/jgaldeano/tfm/data/datasets/classifier/val/Green/000023_frame000126_PscOfQjU5c.jpg,1,Green,1,Green,0.9999809265136719,0.5,correct
000023_frame000127_HgGq8sSTsk.jpg,/home/jgaldeano/tfm/data/datasets/classifier/val/Green/000023_frame000127_HgGq8sSTsk.jpg,1,Green,1,Green,0.9999767541885376,0.5,correct
000023_frame000128_lKh8IBixRY.jpg,/home/jgaldeano/tfm/data/datasets/classifier/val/Green/000023_frame000128_lKh8IBixRY.jpg,1,Green,1,Green,0.9999984502792358,0.5,correct
000023_frame000129_oEQTIFe3Nb.jpg,/home/jgaldeano/tfm/data/datasets/classifier/val/Green/000023_frame000129_oEQTIFe3Nb.jpg,1,Green,1,Green,0.9999963045120239,0.5,correct
000023_frame000130_NtJGBUR0A6.jpg,/home/jgaldeano/tfm/data/datasets/classifier/val/Green/000023_frame000130_NtJGBUR0A6.jpg,1,Green,1,Green,0.9999970197677612,0.5,correct
000023_frame000131_sY3UnzooV7.jpg,/home/jgaldeano/tfm/data/datasets/classifier/val/Green/000023_frame000131_sY3UnzooV7.jpg,1,Green,1,Green,0.9999850988388062,0.5,correct
000023_frame000132_okmszig9R0.jpg,/home/jgaldeano/tfm/data/datasets/classifier/val/Green/000023_frame000132_okmszig9R0.jpg,1,Green,1,Green,0.9999960660934448,0.5,correct
000023_frame000133_IJ88nv85lb.jpg,/home/jgaldeano/tfm/data/datasets/classifier/val/Green/000023_frame000133_IJ88nv85lb.jpg,1,Green,1,Green,0.999994158744812,0.5,correct
000023_frame000134_9cvD0Q1KK5.jpg,/home/jgaldeano/tfm/data/datasets/classifier/val/Green/000023_frame000134_9cvD0Q1KK5.jpg,1,Green,1,Green,0.9999885559082031,0.5,correct
000023_frame000135_lE15YH_0Pv.jpg,/home/jgaldeano/tfm/data/datasets/classifier/val/Green/000023_frame000135_lE15YH_0Pv.jpg,1,Green,1,Green,0.9999477863311768,0.5,correct
000023_frame000136_65hlgSOEsY.jpg,/home/jgaldeano/tfm/data/datasets/classifier/val/Green/000023_frame000136_65hlgSOEsY.jpg,1,Green,1,Green,0.9999936819076538,0.5,correct
000023_frame000137_c59cS3C9iK.jpg,/home/jgaldeano/tfm/data/datasets/classifier/val/Green/000023_frame000137_c59cS3C9iK.jpg,1,Green,1,Green,0.9999809265136719,0.5,correct
000023_frame000138_Ezh8MaRM6-.jpg,/home/jgaldeano/tfm/data/datasets/classifier/val/Green/000023_frame000138_Ezh8MaRM6-.jpg,1,Green,1,Green,0.9998958110809326,0.5,correct
000023_frame000139_VCaHWiyPSi.jpg,/home/jgaldeano/tfm/data/datasets/classifier/val/Green/000023_frame000139_VCaHWiyPSi.jpg,1,Green,1,Green,0.9999916553497314,0.5,correct
000023_frame000141_pK-7NY6QXF.jpg,/home/jgaldeano/tfm/data/datasets/classifier/val/Green/000023_frame000141_pK-7NY6QXF.jpg,1,Green,1,Green,0.9999395608901978,0.5,correct
000028_frame000001_nf68c0l0Ye.jpg,/home/jgaldeano/tfm/data/datasets/classifier/val/Green/000028_frame000001_nf68c0l0Ye.jpg,1,Green,1,Green,0.9999009370803833,0.5,correct
000028_frame000002_qg_Ez6zQGS.jpg,/home/jgaldeano/tfm/data/datasets/classifier/val/Green/000028_frame000002_qg_Ez6zQGS.jpg,1,Green,1,Green,0.999984860420227,0.5,correct
000028_frame000003_9ivTHchMGQ.jpg,/home/jgaldeano/tfm/data/datasets/classifier/val/Green/000028_frame000003_9ivTHchMGQ.jpg,1,Green,1,Green,0.9998084902763367,0.5,correct
000028_frame000004__u46SqW3L8.jpg,/home/jgaldeano/tfm/data/datasets/classifier/val/Green/000028_frame000004__u46SqW3L8.jpg,1,Green,1,Green,0.999194324016571,0.5,correct
000028_frame000005_gnaWIbRDQP.jpg,/home/jgaldeano/tfm/data/datasets/classifier/val/Green/000028_frame000005_gnaWIbRDQP.jpg,1,Green,1,Green,0.9997460246086121,0.5,correct
000028_frame000006_5zbqtw00Ul.jpg,/home/jgaldeano/tfm/data/datasets/classifier/val/Green/000028_frame000006_5zbqtw00Ul.jpg,1,Green,1,Green,0.9993509650230408,0.5,correct
000028_frame000007_wkBa0UKmXC.jpg,/home/jgaldeano/tfm/data/datasets/classifier/val/Green/000028_frame000007_wkBa0UKmXC.jpg,1,Green,1,Green,0.9989426732063293,0.5,correct
000028_frame000008_OFifrfpGFI.jpg,/home/jgaldeano/tfm/data/datasets/classifier/val/Green/000028_frame000008_OFifrfpGFI.jpg,1,Green,1,Green,0.9995743632316589,0.5,correct
000028_frame000009_F5zlGwLzZz.jpg,/home/jgaldeano/tfm/data/datasets/classifier/val/Green/000028_frame000009_F5zlGwLzZz.jpg,1,Green,1,Green,0.9999617338180542,0.5,correct
000028_frame000010_geCmEFX99m.jpg,/home/jgaldeano/tfm/data/datasets/classifier/val/Green/000028_frame000010_geCmEFX99m.jpg,1,Green,1,Green,0.9998080134391785,0.5,correct
000028_frame000011_FYtT4KWot7.jpg,/home/jgaldeano/tfm/data/datasets/classifier/val/Green/000028_frame000011_FYtT4KWot7.jpg,1,Green,1,Green,0.9998210072517395,0.5,correct
000028_frame000012_Ab2HNOyHM8.jpg,/home/jgaldeano/tfm/data/datasets/classifier/val/Green/000028_frame000012_Ab2HNOyHM8.jpg,1,Green,1,Green,0.9991798996925354,0.5,correct
000028_frame000013_Un7bGXeL1r.jpg,/home/jgaldeano/tfm/data/datasets/classifier/val/Green/000028_frame000013_Un7bGXeL1r.jpg,1,Green,1,Green,0.9999562501907349,0.5,correct
000028_frame000014_dOG3HwXMPc.jpg,/home/jgaldeano/tfm/data/datasets/classifier/val/Green/000028_frame000014_dOG3HwXMPc.jpg,1,Green,1,Green,0.9997274279594421,0.5,correct
000028_frame000015_Z1KkntwJny.jpg,/home/jgaldeano/tfm/data/datasets/classifier/val/Green/000028_frame000015_Z1KkntwJny.jpg,1,Green,1,Green,0.9992417097091675,0.5,correct
000028_frame000016_hPILnExYPr.jpg,/home/jgaldeano/tfm/data/datasets/classifier/val/Green/000028_frame000016_hPILnExYPr.jpg,1,Green,1,Green,0.9999291896820068,0.5,correct
000028_frame000017_nVExwuXMLW.jpg,/home/jgaldeano/tfm/data/datasets/classifier/val/Green/000028_frame000017_nVExwuXMLW.jpg,1,Green,1,Green,0.9999659061431885,0.5,correct
000028_frame000018_kOAwJISKYJ.jpg,/home/jgaldeano/tfm/data/datasets/classifier/val/Green/000028_frame000018_kOAwJISKYJ.jpg,1,Green,1,Green,0.9995980858802795,0.5,correct
000028_frame000019_gVAefD6XUc.jpg,/home/jgaldeano/tfm/data/datasets/classifier/val/Green/000028_frame000019_gVAefD6XUc.jpg,1,Green,1,Green,0.9997606873512268,0.5,correct
000028_frame000020_O0jqkGaJIR.jpg,/home/jgaldeano/tfm/data/datasets/classifier/val/Green/000028_frame000020_O0jqkGaJIR.jpg,1,Green,1,Green,0.999829888343811,0.5,correct
000028_frame000021_KDUAORpXCX.jpg,/home/jgaldeano/tfm/data/datasets/classifier/val/Green/000028_frame000021_KDUAORpXCX.jpg,1,Green,1,Green,0.9998985528945923,0.5,correct
000028_frame000022_56Hbo4YtLf.jpg,/home/jgaldeano/tfm/data/datasets/classifier/val/Green/000028_frame000022_56Hbo4YtLf.jpg,1,Green,1,Green,0.9999184608459473,0.5,correct
000028_frame000023_jShYDNYL1B.jpg,/home/jgaldeano/tfm/data/datasets/classifier/val/Green/000028_frame000023_jShYDNYL1B.jpg,1,Green,1,Green,0.9999314546585083,0.5,correct
000028_frame000024_92DHA6ZHGZ.jpg,/home/jgaldeano/tfm/data/datasets/classifier/val/Green/000028_frame000024_92DHA6ZHGZ.jpg,1,Green,1,Green,0.9999144077301025,0.5,correct
000028_frame000025_0azbmA2OxJ.jpg,/home/jgaldeano/tfm/data/datasets/classifier/val/Green/000028_frame000025_0azbmA2OxJ.jpg,1,Green,1,Green,0.999868631362915,0.5,correct
000028_frame000026_qLw6afXp_x.jpg,/home/jgaldeano/tfm/data/datasets/classifier/val/Green/000028_frame000026_qLw6afXp_x.jpg,1,Green,1,Green,0.9999803304672241,0.5,correct
000028_frame000027__VI9EghqJ1.jpg,/home/jgaldeano/tfm/data/datasets/classifier/val/Green/000028_frame000027__VI9EghqJ1.jpg,1,Green,1,Green,0.9998291730880737,0.5,correct
000028_frame000028_ft9pFojPJ-.jpg,/home/jgaldeano/tfm/data/datasets/classifier/val/Green/000028_frame000028_ft9pFojPJ-.jpg,1,Green,1,Green,0.9998840093612671,0.5,correct
000028_frame000029__BnrP5mTme.jpg,/home/jgaldeano/tfm/data/datasets/classifier/val/Green/000028_frame000029__BnrP5mTme.jpg,1,Green,1,Green,0.999717652797699,0.5,correct
000028_frame000030_Q9E-tQV8Ex.jpg,/home/jgaldeano/tfm/data/datasets/classifier/val/Green/000028_frame000030_Q9E-tQV8Ex.jpg,1,Green,1,Green,0.9991838335990906,0.5,correct
000028_frame000031_4Te64-D2gT.jpg,/home/jgaldeano/tfm/data/datasets/classifier/val/Green/000028_frame000031_4Te64-D2gT.jpg,1,Green,1,Green,0.994293212890625,0.5,correct
000031_frame000031_3BFl7OMP2m.jpg,/home/jgaldeano/tfm/data/datasets/classifier/val/Green/000031_frame000031_3BFl7OMP2m.jpg,1,Green,1,Green,0.999993085861206,0.5,correct
000031_frame000031_90eKm2n8dv.jpg,/home/jgaldeano/tfm/data/datasets/classifier/val/Green/000031_frame000031_90eKm2n8dv.jpg,1,Green,1,Green,0.9999923706054688,0.5,correct
000031_frame000031_wHXsJi0CIH.jpg,/home/jgaldeano/tfm/data/datasets/classifier/val/Green/000031_frame000031_wHXsJi0CIH.jpg,1,Green,1,Green,0.9988707900047302,0.5,correct
000031_frame000032_9rz_o7IPYE.jpg,/home/jgaldeano/tfm/data/datasets/classifier/val/Green/000031_frame000032_9rz_o7IPYE.jpg,1,Green,1,Green,0.9990936517715454,0.5,correct
000031_frame000032_KH1xqeJM4J.jpg,/home/jgaldeano/tfm/data/datasets/classifier/val/Green/000031_frame000032_KH1xqeJM4J.jpg,1,Green,1,Green,0.9998414516448975,0.5,correct
000031_frame000032_vsRNettYVx.jpg,/home/jgaldeano/tfm/data/datasets/classifier/val/Green/000031_frame000032_vsRNettYVx.jpg,1,Green,1,Green,0.9998738765716553,0.5,correct
000031_frame000033_4Y9Mr0U-DX.jpg,/home/jgaldeano/tfm/data/datasets/classifier/val/Green/000031_frame000033_4Y9Mr0U-DX.jpg,1,Green,1,Green,0.9997512698173523,0.5,correct
000031_frame000033__78HLVRC23.jpg,/home/jgaldeano/tfm/data/datasets/classifier/val/Green/000031_frame000033__78HLVRC23.jpg,1,Green,1,Green,0.9999027252197266,0.5,correct
000031_frame000033__K95U8L1Kt.jpg,/home/jgaldeano/tfm/data/datasets/classifier/val/Green/000031_frame000033__K95U8L1Kt.jpg,1,Green,1,Green,0.9990272521972656,0.5,correct
000031_frame000034_QGcsEMnh-y.jpg,/home/jgaldeano/tfm/data/datasets/classifier/val/Green/000031_frame000034_QGcsEMnh-y.jpg,1,Green,1,Green,0.9999536275863647,0.5,correct
000031_frame000034_ufmVWxq8_k.jpg,/home/jgaldeano/tfm/data/datasets/classifier/val/Green/000031_frame000034_ufmVWxq8_k.jpg,1,Green,1,Green,0.9983208775520325,0.5,correct
000031_frame000035_MZSJUb5Mnf.jpg,/home/jgaldeano/tfm/data/datasets/classifier/val/Green/000031_frame000035_MZSJUb5Mnf.jpg,1,Green,1,Green,0.9997445940971375,0.5,correct
000031_frame000035_NnqyxLFfB1.jpg,/home/jgaldeano/tfm/data/datasets/classifier/val/Green/000031_frame000035_NnqyxLFfB1.jpg,1,Green,1,Green,0.9992355108261108,0.5,correct
000031_frame000035_eishabTE2d.jpg,/home/jgaldeano/tfm/data/datasets/classifier/val/Green/000031_frame000035_eishabTE2d.jpg,1,Green,1,Green,0.9997039437294006,0.5,correct
000031_frame000036_tLUihr3KEI.jpg,/home/jgaldeano/tfm/data/datasets/classifier/val/Green/000031_frame000036_tLUihr3KEI.jpg,1,Green,1,Green,0.9999570846557617,0.5,correct
000031_frame000036_tzXNXdecCp.jpg,/home/jgaldeano/tfm/data/datasets/classifier/val/Green/000031_frame000036_tzXNXdecCp.jpg,1,Green,1,Green,0.9901344180107117,0.5,correct
000031_frame000037_FjvagM4tGi.jpg,/home/jgaldeano/tfm/data/datasets/classifier/val/Green/000031_frame000037_FjvagM4tGi.jpg,1,Green,1,Green,0.9996922016143799,0.5,correct
000031_frame000037_kx91Pj1ESF.jpg,/home/jgaldeano/tfm/data/datasets/classifier/val/Green/000031_frame000037_kx91Pj1ESF.jpg,1,Green,1,Green,0.9997702240943909,0.5,correct
000031_frame000037_oRPdiYC1qG.jpg,/home/jgaldeano/tfm/data/datasets/classifier/val/Green/000031_frame000037_oRPdiYC1qG.jpg,1,Green,1,Green,0.9991955161094666,0.5,correct
000031_frame000038_Pk4x712NHZ.jpg,/home/jgaldeano/tfm/data/datasets/classifier/val/Green/000031_frame000038_Pk4x712NHZ.jpg,1,Green,1,Green,0.9993101358413696,0.5,correct
000031_frame000038_TvJhYyAQuO.jpg,/home/jgaldeano/tfm/data/datasets/classifier/val/Green/000031_frame000038_TvJhYyAQuO.jpg,1,Green,1,Green,0.9997518658638,0.5,correct
000031_frame000038_ovWR-royOa.jpg,/home/jgaldeano/tfm/data/datasets/classifier/val/Green/000031_frame000038_ovWR-royOa.jpg,1,Green,1,Green,0.9998134970664978,0.5,correct
000031_frame000039_PTpW0bqIdf.jpg,/home/jgaldeano/tfm/data/datasets/classifier/val/Green/000031_frame000039_PTpW0bqIdf.jpg,1,Green,1,Green,0.9998667240142822,0.5,correct
000031_frame000039_PuLf7gAC2P.jpg,/home/jgaldeano/tfm/data/datasets/classifier/val/Green/000031_frame000039_PuLf7gAC2P.jpg,1,Green,1,Green,0.9981702566146851,0.5,correct
000031_frame000039_taopRNJ6z5.jpg,/home/jgaldeano/tfm/data/datasets/classifier/val/Green/000031_frame000039_taopRNJ6z5.jpg,1,Green,1,Green,0.9998003840446472,0.5,correct
000031_frame000040_d2jiulZWNA.jpg,/home/jgaldeano/tfm/data/datasets/classifier/val/Green/000031_frame000040_d2jiulZWNA.jpg,1,Green,1,Green,0.99498051404953,0.5,correct
000031_frame000040_lm7UimDdaL.jpg,/home/jgaldeano/tfm/data/datasets/classifier/val/Green/000031_frame000040_lm7UimDdaL.jpg,1,Green,1,Green,0.9999728202819824,0.5,correct
000031_frame000041_YPwqkSmQAD.jpg,/home/jgaldeano/tfm/data/datasets/classifier/val/Green/000031_frame000041_YPwqkSmQAD.jpg,1,Green,1,Green,0.9962879419326782,0.5,correct
000031_frame000041_c-VUcXr-He.jpg,/home/jgaldeano/tfm/data/datasets/classifier/val/Green/000031_frame000041_c-VUcXr-He.jpg,1,Green,1,Green,0.9998342990875244,0.5,correct
000031_frame000041_q7aY9pQqMd.jpg,/home/jgaldeano/tfm/data/datasets/classifier/val/Green/000031_frame000041_q7aY9pQqMd.jpg,1,Green,1,Green,0.9999567270278931,0.5,correct
000031_frame000042_gViKYWswhi.jpg,/home/jgaldeano/tfm/data/datasets/classifier/val/Green/000031_frame000042_gViKYWswhi.jpg,1,Green,1,Green,0.999778687953949,0.5,correct
000031_frame000042_rmnObdQ3Kl.jpg,/home/jgaldeano/tfm/data/datasets/classifier/val/Green/000031_frame000042_rmnObdQ3Kl.jpg,1,Green,1,Green,0.9918606877326965,0.5,correct
000031_frame000043_2xLJtK3PdL.jpg,/home/jgaldeano/tfm/data/datasets/classifier/val/Green/000031_frame000043_2xLJtK3PdL.jpg,1,Green,1,Green,0.9991069436073303,0.5,correct
000031_frame000043_3DyWzB7EFg.jpg,/home/jgaldeano/tfm/data/datasets/classifier/val/Green/000031_frame000043_3DyWzB7EFg.jpg,1,Green,1,Green,0.9999759197235107,0.5,correct
000031_frame000043_O6Jgin10eG.jpg,/home/jgaldeano/tfm/data/datasets/classifier/val/Green/000031_frame000043_O6Jgin10eG.jpg,1,Green,1,Green,0.9998273253440857,0.5,correct
000031_frame000044_jN9WbcvytP.jpg,/home/jgaldeano/tfm/data/datasets/classifier/val/Green/000031_frame000044_jN9WbcvytP.jpg,1,Green,1,Green,0.9986262321472168,0.5,correct
000031_frame000044_nTyn0Hbfbv.jpg,/home/jgaldeano/tfm/data/datasets/classifier/val/Green/000031_frame000044_nTyn0Hbfbv.jpg,1,Green,1,Green,0.9998891353607178,0.5,correct
000031_frame000044_oRxKe-q8KH.jpg,/home/jgaldeano/tfm/data/datasets/classifier/val/Green/000031_frame000044_oRxKe-q8KH.jpg,1,Green,1,Green,0.9996652603149414,0.5,correct
000031_frame000045_4pEhPY-lS4.jpg,/home/jgaldeano/tfm/data/datasets/classifier/val/Green/000031_frame000045_4pEhPY-lS4.jpg,1,Green,1,Green,0.9998082518577576,0.5,correct
000031_frame000045_QQRQFHc0Wk.jpg,/home/jgaldeano/tfm/data/datasets/classifier/val/Green/000031_frame000045_QQRQFHc0Wk.jpg,1,Green,1,Green,0.9947465062141418,0.5,correct
000031_frame000045_iAtyhOsQOi.jpg,/home/jgaldeano/tfm/data/datasets/classifier/val/Green/000031_frame000045_iAtyhOsQOi.jpg,1,Green,1,Green,0.9999868869781494,0.5,correct
000031_frame000046_MGrZqoblpc.jpg,/home/jgaldeano/tfm/data/datasets/classifier/val/Green/000031_frame000046_MGrZqoblpc.jpg,1,Green,1,Green,0.9995993971824646,0.5,correct
000031_frame000046_QV052P__8y.jpg,/home/jgaldeano/tfm/data/datasets/classifier/val/Green/000031_frame000046_QV052P__8y.jpg,1,Green,1,Green,0.9999479055404663,0.5,correct
000031_frame000046__ST5Py1j2G.jpg,/home/jgaldeano/tfm/data/datasets/classifier/val/Green/000031_frame000046__ST5Py1j2G.jpg,1,Green,1,Green,0.9983716607093811,0.5,correct
000031_frame000047_6HOu5RvKUu.jpg,/home/jgaldeano/tfm/data/datasets/classifier/val/Green/000031_frame000047_6HOu5RvKUu.jpg,1,Green,1,Green,0.999988317489624,0.5,correct
000031_frame000047_SeICqiHX2p.jpg,/home/jgaldeano/tfm/data/datasets/classifier/val/Green/000031_frame000047_SeICqiHX2p.jpg,1,Green,1,Green,0.9999122619628906,0.5,correct
000031_frame000047_lAuNG_LtAa.jpg,/home/jgaldeano/tfm/data/datasets/classifier/val/Green/000031_frame000047_lAuNG_LtAa.jpg,1,Green,1,Green,0.9967182278633118,0.5,correct
000031_frame000048_CQWS8lO4OY.jpg,/home/jgaldeano/tfm/data/datasets/classifier/val/Green/000031_frame000048_CQWS8lO4OY.jpg,1,Green,1,Green,0.99647456407547,0.5,correct
000031_frame000048_SIva7ZFMT6.jpg,/home/jgaldeano/tfm/data/datasets/classifier/val/Green/000031_frame000048_SIva7ZFMT6.jpg,1,Green,1,Green,0.9979022741317749,0.5,correct
000031_frame000048_cnlYmtgi8C.jpg,/home/jgaldeano/tfm/data/datasets/classifier/val/Green/000031_frame000048_cnlYmtgi8C.jpg,1,Green,1,Green,0.9999775886535645,0.5,correct
000031_frame000049_52-D4X0fke.jpg,/home/jgaldeano/tfm/data/datasets/classifier/val/Green/000031_frame000049_52-D4X0fke.jpg,1,Green,1,Green,0.9996938705444336,0.5,correct
000031_frame000049_UCGusDuXz7.jpg,/home/jgaldeano/tfm/data/datasets/classifier/val/Green/000031_frame000049_UCGusDuXz7.jpg,1,Green,1,Green,0.9990333318710327,0.5,correct
000031_frame000049_d1bmxdIHYR.jpg,/home/jgaldeano/tfm/data/datasets/classifier/val/Green/000031_frame000049_d1bmxdIHYR.jpg,1,Green,1,Green,0.9999270439147949,0.5,correct
000031_frame000050_GVgOn388W0.jpg,/home/jgaldeano/tfm/data/datasets/classifier/val/Green/000031_frame000050_GVgOn388W0.jpg,1,Green,1,Green,0.9999973773956299,0.5,correct
000031_frame000050_GtRa6ww8X_.jpg,/home/jgaldeano/tfm/data/datasets/classifier/val/Green/000031_frame000050_GtRa6ww8X_.jpg,1,Green,1,Green,0.9968204498291016,0.5,correct
000031_frame000050_V0CdNEUAro.jpg,/home/jgaldeano/tfm/data/datasets/classifier/val/Green/000031_frame000050_V0CdNEUAro.jpg,1,Green,1,Green,0.9997474551200867,0.5,correct
000031_frame000051_Vq0eW50V-r.jpg,/home/jgaldeano/tfm/data/datasets/classifier/val/Green/000031_frame000051_Vq0eW50V-r.jpg,1,Green,1,Green,0.9999539852142334,0.5,correct
000031_frame000051_cqFRN--o2D.jpg,/home/jgaldeano/tfm/data/datasets/classifier/val/Green/000031_frame000051_cqFRN--o2D.jpg,1,Green,1,Green,0.999096155166626,0.5,correct
000031_frame000051_ksc4Z2MOIZ.jpg,/home/jgaldeano/tfm/data/datasets/classifier/val/Green/000031_frame000051_ksc4Z2MOIZ.jpg,1,Green,1,Green,0.9995220899581909,0.5,correct
000031_frame000052_5ALJJBKNo7.jpg,/home/jgaldeano/tfm/data/datasets/classifier/val/Green/000031_frame000052_5ALJJBKNo7.jpg,1,Green,1,Green,0.9996455907821655,0.5,correct
000031_frame000052_jz00lHh197.jpg,/home/jgaldeano/tfm/data/datasets/classifier/val/Green/000031_frame000052_jz00lHh197.jpg,1,Green,1,Green,0.9989056587219238,0.5,correct
000031_frame000052_zdQXfjeFiU.jpg,/home/jgaldeano/tfm/data/datasets/classifier/val/Green/000031_frame000052_zdQXfjeFiU.jpg,1,Green,1,Green,0.9999488592147827,0.5,correct
000031_frame000053_CKC_GZpfCy.jpg,/home/jgaldeano/tfm/data/datasets/classifier/val/Green/000031_frame000053_CKC_GZpfCy.jpg,1,Green,1,Green,0.9999696016311646,0.5,correct
000031_frame000053_KqaHUBtVON.jpg,/home/jgaldeano/tfm/data/datasets/classifier/val/Green/000031_frame000053_KqaHUBtVON.jpg,1,Green,1,Green,0.9999979734420776,0.5,correct
000031_frame000053_V1GkeFf_dG.jpg,/home/jgaldeano/tfm/data/datasets/classifier/val/Green/000031_frame000053_V1GkeFf_dG.jpg,1,Green,1,Green,0.9996464252471924,0.5,correct
000031_frame000054_4Lo9V4iCi0.jpg,/home/jgaldeano/tfm/data/datasets/classifier/val/Green/000031_frame000054_4Lo9V4iCi0.jpg,1,Green,1,Green,0.9999449253082275,0.5,correct
000031_frame000054_7mhL4k-1HO.jpg,/home/jgaldeano/tfm/data/datasets/classifier/val/Green/000031_frame000054_7mhL4k-1HO.jpg,1,Green,1,Green,0.9999967813491821,0.5,correct
000031_frame000054_N8p0WG1SeT.jpg,/home/jgaldeano/tfm/data/datasets/classifier/val/Green/000031_frame000054_N8p0WG1SeT.jpg,1,Green,1,Green,0.9999994039535522,0.5,correct
000031_frame000055_UyoWWmI0C4.jpg,/home/jgaldeano/tfm/data/datasets/classifier/val/Green/000031_frame000055_UyoWWmI0C4.jpg,1,Green,1,Green,0.9992642998695374,0.5,correct
000031_frame000055_aWxiLowLOJ.jpg,/home/jgaldeano/tfm/data/datasets/classifier/val/Green/000031_frame000055_aWxiLowLOJ.jpg,1,Green,1,Green,0.9999547004699707,0.5,correct
000031_frame000055_jQ43xslIFl.jpg,/home/jgaldeano/tfm/data/datasets/classifier/val/Green/000031_frame000055_jQ43xslIFl.jpg,1,Green,1,Green,0.9999992847442627,0.5,correct
000031_frame000056_CBE97bc32w.jpg,/home/jgaldeano/tfm/data/datasets/classifier/val/Green/000031_frame000056_CBE97bc32w.jpg,1,Green,1,Green,0.9999135732650757,0.5,correct
000031_frame000056_O26nEEENoO.jpg,/home/jgaldeano/tfm/data/datasets/classifier/val/Green/000031_frame000056_O26nEEENoO.jpg,1,Green,1,Green,0.9999994039535522,0.5,correct
000031_frame000056_hdloDVcg7i.jpg,/home/jgaldeano/tfm/data/datasets/classifier/val/Green/000031_frame000056_hdloDVcg7i.jpg,1,Green,1,Green,0.9999954700469971,0.5,correct
000031_frame000057_IGI5EubF7n.jpg,/home/jgaldeano/tfm/data/datasets/classifier/val/Green/000031_frame000057_IGI5EubF7n.jpg,1,Green,1,Green,0.9999974966049194,0.5,correct
000031_frame000057_PkUCRVInZV.jpg,/home/jgaldeano/tfm/data/datasets/classifier/val/Green/000031_frame000057_PkUCRVInZV.jpg,1,Green,1,Green,0.9999796152114868,0.5,correct
000031_frame000057_rbybDiykdP.jpg,/home/jgaldeano/tfm/data/datasets/classifier/val/Green/000031_frame000057_rbybDiykdP.jpg,1,Green,1,Green,0.999901294708252,0.5,correct
000031_frame000058_D6ZPzBFeiL.jpg,/home/jgaldeano/tfm/data/datasets/classifier/val/Green/000031_frame000058_D6ZPzBFeiL.jpg,1,Green,1,Green,0.9999996423721313,0.5,correct
000031_frame000058_UwFApqhJyQ.jpg,/home/jgaldeano/tfm/data/datasets/classifier/val/Green/000031_frame000058_UwFApqhJyQ.jpg,1,Green,1,Green,0.9996836185455322,0.5,correct
000031_frame000059_1fXtrUS3Ih.jpg,/home/jgaldeano/tfm/data/datasets/classifier/val/Green/000031_frame000059_1fXtrUS3Ih.jpg,1,Green,1,Green,0.9999443292617798,0.5,correct
000031_frame000059_XHYNKrdZgD.jpg,/home/jgaldeano/tfm/data/datasets/classifier/val/Green/000031_frame000059_XHYNKrdZgD.jpg,1,Green,1,Green,0.9999732971191406,0.5,correct
000031_frame000059_c32oxUcqy8.jpg,/home/jgaldeano/tfm/data/datasets/classifier/val/Green/000031_frame000059_c32oxUcqy8.jpg,1,Green,1,Green,0.9999996423721313,0.5,correct
000031_frame000060_HxsKzLNCyI.jpg,/home/jgaldeano/tfm/data/datasets/classifier/val/Green/000031_frame000060_HxsKzLNCyI.jpg,1,Green,1,Green,0.9998294115066528,0.5,correct
000031_frame000060_oszNjlJfwH.jpg,/home/jgaldeano/tfm/data/datasets/classifier/val/Green/000031_frame000060_oszNjlJfwH.jpg,1,Green,1,Green,0.9999997615814209,0.5,correct
000031_frame000060_y0ctfqzRl2.jpg,/home/jgaldeano/tfm/data/datasets/classifier/val/Green/000031_frame000060_y0ctfqzRl2.jpg,1,Green,1,Green,0.999991774559021,0.5,correct
000031_frame000061_ECC-YJgLnL.jpg,/home/jgaldeano/tfm/data/datasets/classifier/val/Green/000031_frame000061_ECC-YJgLnL.jpg,1,Green,1,Green,0.9989016056060791,0.5,correct
000031_frame000061_O83QKyKyVH.jpg,/home/jgaldeano/tfm/data/datasets/classifier/val/Green/000031_frame000061_O83QKyKyVH.jpg,1,Green,1,Green,0.974645733833313,0.5,correct
000031_frame000061_VaDqXY0ecq.jpg,/home/jgaldeano/tfm/data/datasets/classifier/val/Green/000031_frame000061_VaDqXY0ecq.jpg,1,Green,1,Green,0.999983549118042,0.5,correct
000031_frame000062_dkuCqH7PJB.jpg,/home/jgaldeano/tfm/data/datasets/classifier/val/Green/000031_frame000062_dkuCqH7PJB.jpg,1,Green,1,Green,0.9932250380516052,0.5,correct
000031_frame000062_hIFyVVe7rU.jpg,/home/jgaldeano/tfm/data/datasets/classifier/val/Green/000031_frame000062_hIFyVVe7rU.jpg,1,Green,1,Green,0.9994462132453918,0.5,correct
000031_frame000062_i5GpZ_E-Qj.jpg,/home/jgaldeano/tfm/data/datasets/classifier/val/Green/000031_frame000062_i5GpZ_E-Qj.jpg,1,Green,1,Green,0.9999927282333374,0.5,correct
000031_frame000063_988Ndzkhjv.jpg,/home/jgaldeano/tfm/data/datasets/classifier/val/Green/000031_frame000063_988Ndzkhjv.jpg,1,Green,1,Green,0.9999911785125732,0.5,correct
000031_frame000064_U2eS3q4UFe.jpg,/home/jgaldeano/tfm/data/datasets/classifier/val/Green/000031_frame000064_U2eS3q4UFe.jpg,1,Green,1,Green,0.998976469039917,0.5,correct
000031_frame000064_x-WJ8y1aUp.jpg,/home/jgaldeano/tfm/data/datasets/classifier/val/Green/000031_frame000064_x-WJ8y1aUp.jpg,1,Green,1,Green,0.9999969005584717,0.5,correct
000031_frame000065_VLqmbBGawD.jpg,/home/jgaldeano/tfm/data/datasets/classifier/val/Green/000031_frame000065_VLqmbBGawD.jpg,1,Green,1,Green,0.9999632835388184,0.5,correct
000031_frame000066_JMYB8Qxp5v.jpg,/home/jgaldeano/tfm/data/datasets/classifier/val/Green/000031_frame000066_JMYB8Qxp5v.jpg,1,Green,1,Green,0.9943253397941589,0.5,correct
000031_frame000066_tz7kLJfiW6.jpg,/home/jgaldeano/tfm/data/datasets/classifier/val/Green/000031_frame000066_tz7kLJfiW6.jpg,1,Green,1,Green,0.9999895095825195,0.5,correct
000031_frame000067_TZsR4v19aP.jpg,/home/jgaldeano/tfm/data/datasets/classifier/val/Green/000031_frame000067_TZsR4v19aP.jpg,1,Green,1,Green,0.9999970197677612,0.5,correct
000031_frame000067_ktAda331WE.jpg,/home/jgaldeano/tfm/data/datasets/classifier/val/Green/000031_frame000067_ktAda331WE.jpg,1,Green,1,Green,0.9916650652885437,0.5,correct
000031_frame000068_DY1fwTQCFV.jpg,/home/jgaldeano/tfm/data/datasets/classifier/val/Green/000031_frame000068_DY1fwTQCFV.jpg,1,Green,1,Green,0.9999134540557861,0.5,correct
000031_frame000068_bRAw87nGYr.jpg,/home/jgaldeano/tfm/data/datasets/classifier/val/Green/000031_frame000068_bRAw87nGYr.jpg,1,Green,1,Green,0.9945269227027893,0.5,correct
000031_frame000069_TwESXcVvvy.jpg,/home/jgaldeano/tfm/data/datasets/classifier/val/Green/000031_frame000069_TwESXcVvvy.jpg,1,Green,1,Green,0.9938094019889832,0.5,correct
000031_frame000069_zSsVuwUp0L.jpg,/home/jgaldeano/tfm/data/datasets/classifier/val/Green/000031_frame000069_zSsVuwUp0L.jpg,1,Green,1,Green,0.9999099969863892,0.5,correct
000031_frame000070_3HHVpGg2oD.jpg,/home/jgaldeano/tfm/data/datasets/classifier/val/Green/000031_frame000070_3HHVpGg2oD.jpg,1,Green,1,Green,0.9999876022338867,0.5,correct
000031_frame000070_BtkzIqrWqB.jpg,/home/jgaldeano/tfm/data/datasets/classifier/val/Green/000031_frame000070_BtkzIqrWqB.jpg,1,Green,1,Green,0.9961077570915222,0.5,correct
000031_frame000071_0hWjGTjJIG.jpg,/home/jgaldeano/tfm/data/datasets/classifier/val/Green/000031_frame000071_0hWjGTjJIG.jpg,1,Green,1,Green,0.9998914003372192,0.5,correct
000031_frame000071_y2GKWySmki.jpg,/home/jgaldeano/tfm/data/datasets/classifier/val/Green/000031_frame000071_y2GKWySmki.jpg,1,Green,1,Green,0.9970653653144836,0.5,correct
000031_frame000072_EmsgMSd-0M.jpg,/home/jgaldeano/tfm/data/datasets/classifier/val/Green/000031_frame000072_EmsgMSd-0M.jpg,1,Green,1,Green,0.978762149810791,0.5,correct
000031_frame000072_FsYJMv03le.jpg,/home/jgaldeano/tfm/data/datasets/classifier/val/Green/000031_frame000072_FsYJMv03le.jpg,1,Green,1,Green,0.9999980926513672,0.5,correct
000031_frame000073_QqdR9Mp1Mg.jpg,/home/jgaldeano/tfm/data/datasets/classifier/val/Green/000031_frame000073_QqdR9Mp1Mg.jpg,1,Green,1,Green,0.9996368885040283,0.5,correct
000031_frame000073_gjdfJ_lQ1w.jpg,/home/jgaldeano/tfm/data/datasets/classifier/val/Green/000031_frame000073_gjdfJ_lQ1w.jpg,1,Green,1,Green,0.996180534362793,0.5,correct
000031_frame000074_p8YSe9EUnI.jpg,/home/jgaldeano/tfm/data/datasets/classifier/val/Green/000031_frame000074_p8YSe9EUnI.jpg,1,Green,1,Green,0.9851872324943542,0.5,correct
000031_frame000074_tC_bhNejCb.jpg,/home/jgaldeano/tfm/data/datasets/classifier/val/Green/000031_frame000074_tC_bhNejCb.jpg,1,Green,1,Green,0.9999865293502808,0.5,correct
000031_frame000075_IPBwGD1_oV.jpg,/home/jgaldeano/tfm/data/datasets/classifier/val/Green/000031_frame000075_IPBwGD1_oV.jpg,1,Green,1,Green,0.973003089427948,0.5,correct
000031_frame000075_u3xuoUnwId.jpg,/home/jgaldeano/tfm/data/datasets/classifier/val/Green/000031_frame000075_u3xuoUnwId.jpg,1,Green,1,Green,0.9999758005142212,0.5,correct
000031_frame000076_I9Ns_9smXz.jpg,/home/jgaldeano/tfm/data/datasets/classifier/val/Green/000031_frame000076_I9Ns_9smXz.jpg,1,Green,1,Green,0.9895464777946472,0.5,correct
000031_frame000076_s9BqbLx3oM.jpg,/home/jgaldeano/tfm/data/datasets/classifier/val/Green/000031_frame000076_s9BqbLx3oM.jpg,1,Green,1,Green,0.9999275207519531,0.5,correct
000031_frame000077_8MgqFQp7m0.jpg,/home/jgaldeano/tfm/data/datasets/classifier/val/Green/000031_frame000077_8MgqFQp7m0.jpg,1,Green,1,Green,0.9816504120826721,0.5,correct
000031_frame000077_PJnvbad5Z9.jpg,/home/jgaldeano/tfm/data/datasets/classifier/val/Green/000031_frame000077_PJnvbad5Z9.jpg,1,Green,1,Green,0.9999840259552002,0.5,correct
000031_frame000078_Eggt42zxOx.jpg,/home/jgaldeano/tfm/data/datasets/classifier/val/Green/000031_frame000078_Eggt42zxOx.jpg,1,Green,1,Green,0.999998927116394,0.5,correct
000031_frame000078__noVB_wFsE.jpg,/home/jgaldeano/tfm/data/datasets/classifier/val/Green/000031_frame000078__noVB_wFsE.jpg,1,Green,1,Green,0.9672213196754456,0.5,correct
000031_frame000079_JiQ5O288sC.jpg,/home/jgaldeano/tfm/data/datasets/classifier/val/Green/000031_frame000079_JiQ5O288sC.jpg,1,Green,1,Green,0.9998286962509155,0.5,correct
000031_frame000079_o6DK4aCxel.jpg,/home/jgaldeano/tfm/data/datasets/classifier/val/Green/000031_frame000079_o6DK4aCxel.jpg,1,Green,1,Green,0.9884519577026367,0.5,correct
000031_frame000080_EVuUVYtJV7.jpg,/home/jgaldeano/tfm/data/datasets/classifier/val/Green/000031_frame000080_EVuUVYtJV7.jpg,1,Green,1,Green,0.9946348667144775,0.5,correct
000031_frame000080_nynnUg-crB.jpg,/home/jgaldeano/tfm/data/datasets/classifier/val/Green/000031_frame000080_nynnUg-crB.jpg,1,Green,1,Green,0.9999181032180786,0.5,correct
000031_frame000081_VsLLJbivTi.jpg,/home/jgaldeano/tfm/data/datasets/classifier/val/Green/000031_frame000081_VsLLJbivTi.jpg,1,Green,1,Green,0.9991689920425415,0.5,correct
000031_frame000081_oiG5TI51Pd.jpg,/home/jgaldeano/tfm/data/datasets/classifier/val/Green/000031_frame000081_oiG5TI51Pd.jpg,1,Green,1,Green,0.9998762607574463,0.5,correct
000031_frame000082_mUmnq0OGU6.jpg,/home/jgaldeano/tfm/data/datasets/classifier/val/Green/000031_frame000082_mUmnq0OGU6.jpg,1,Green,1,Green,0.9998237490653992,0.5,correct
000031_frame000082_ui7xSFnMDG.jpg,/home/jgaldeano/tfm/data/datasets/classifier/val/Green/000031_frame000082_ui7xSFnMDG.jpg,1,Green,1,Green,0.9989769458770752,0.5,correct
000031_frame000083_PlbQE7KdmO.jpg,/home/jgaldeano/tfm/data/datasets/classifier/val/Green/000031_frame000083_PlbQE7KdmO.jpg,1,Green,1,Green,0.9999994039535522,0.5,correct
000031_frame000083_f9NW4wTuYC.jpg,/home/jgaldeano/tfm/data/datasets/classifier/val/Green/000031_frame000083_f9NW4wTuYC.jpg,1,Green,1,Green,0.9879751801490784,0.5,correct
000031_frame000084_-lDMwhBrqy.jpg,/home/jgaldeano/tfm/data/datasets/classifier/val/Green/000031_frame000084_-lDMwhBrqy.jpg,1,Green,1,Green,0.9997386336326599,0.5,correct
000031_frame000084_7t5TlIajBC.jpg,/home/jgaldeano/tfm/data/datasets/classifier/val/Green/000031_frame000084_7t5TlIajBC.jpg,1,Green,1,Green,0.9999485015869141,0.5,correct
000031_frame000085_dCX7QHaydB.jpg,/home/jgaldeano/tfm/data/datasets/classifier/val/Green/000031_frame000085_dCX7QHaydB.jpg,1,Green,1,Green,0.9993815422058105,0.5,correct
000031_frame000085_f8-iz850WL.jpg,/home/jgaldeano/tfm/data/datasets/classifier/val/Green/000031_frame000085_f8-iz850WL.jpg,1,Green,1,Green,0.9999359846115112,0.5,correct
000031_frame000086_370PCNt4Q9.jpg,/home/jgaldeano/tfm/data/datasets/classifier/val/Green/000031_frame000086_370PCNt4Q9.jpg,1,Green,1,Green,0.9999762773513794,0.5,correct
000031_frame000086_pbqjyOvbUc.jpg,/home/jgaldeano/tfm/data/datasets/classifier/val/Green/000031_frame000086_pbqjyOvbUc.jpg,1,Green,1,Green,0.9997424483299255,0.5,correct
000031_frame000087_b1VPXJ_K4N.jpg,/home/jgaldeano/tfm/data/datasets/classifier/val/Green/000031_frame000087_b1VPXJ_K4N.jpg,1,Green,1,Green,0.9999594688415527,0.5,correct
000031_frame000087_mvSri1Adzl.jpg,/home/jgaldeano/tfm/data/datasets/classifier/val/Green/000031_frame000087_mvSri1Adzl.jpg,1,Green,1,Green,0.9998399019241333,0.5,correct
000031_frame000088_OJOW4KEPyF.jpg,/home/jgaldeano/tfm/data/datasets/classifier/val/Green/000031_frame000088_OJOW4KEPyF.jpg,1,Green,1,Green,0.9999984502792358,0.5,correct
000031_frame000089_rnogLc68nq.jpg,/home/jgaldeano/tfm/data/datasets/classifier/val/Green/000031_frame000089_rnogLc68nq.jpg,1,Green,1,Green,0.9999843835830688,0.5,correct
000031_frame000090_sR40BqBJAb.jpg,/home/jgaldeano/tfm/data/datasets/classifier/val/Green/000031_frame000090_sR40BqBJAb.jpg,1,Green,1,Green,0.9999948740005493,0.5,correct
000031_frame000091_zLn5O5xmmi.jpg,/home/jgaldeano/tfm/data/datasets/classifier/val/Green/000031_frame000091_zLn5O5xmmi.jpg,1,Green,1,Green,0.9999853372573853,0.5,correct
000031_frame000092_S_vwB5Xnou.jpg,/home/jgaldeano/tfm/data/datasets/classifier/val/Green/000031_frame000092_S_vwB5Xnou.jpg,1,Green,1,Green,0.9999722242355347,0.5,correct
000031_frame000093_mtTxoU5Lrt.jpg,/home/jgaldeano/tfm/data/datasets/classifier/val/Green/000031_frame000093_mtTxoU5Lrt.jpg,1,Green,1,Green,0.9999967813491821,0.5,correct
000031_frame000094_5POqsgP-Ya.jpg,/home/jgaldeano/tfm/data/datasets/classifier/val/Green/000031_frame000094_5POqsgP-Ya.jpg,1,Green,1,Green,0.9999979734420776,0.5,correct
000031_frame000095_6S-BmE2ZCw.jpg,/home/jgaldeano/tfm/data/datasets/classifier/val/Green/000031_frame000095_6S-BmE2ZCw.jpg,1,Green,1,Green,0.9999912977218628,0.5,correct
000031_frame000096_vuVzZ7nfxv.jpg,/home/jgaldeano/tfm/data/datasets/classifier/val/Green/000031_frame000096_vuVzZ7nfxv.jpg,1,Green,1,Green,0.9999921321868896,0.5,correct
000031_frame000097_kQuq_HW_zK.jpg,/home/jgaldeano/tfm/data/datasets/classifier/val/Green/000031_frame000097_kQuq_HW_zK.jpg,1,Green,1,Green,0.9999997615814209,0.5,correct
000031_frame000098_YbbvHECU_-.jpg,/home/jgaldeano/tfm/data/datasets/classifier/val/Green/000031_frame000098_YbbvHECU_-.jpg,1,Green,1,Green,0.9999943971633911,0.5,correct
000031_frame000099_Fx1EFLrs0R.jpg,/home/jgaldeano/tfm/data/datasets/classifier/val/Green/000031_frame000099_Fx1EFLrs0R.jpg,1,Green,1,Green,0.9999947547912598,0.5,correct
000031_frame000100_yLxPJdOMQc.jpg,/home/jgaldeano/tfm/data/datasets/classifier/val/Green/000031_frame000100_yLxPJdOMQc.jpg,1,Green,1,Green,0.9999959468841553,0.5,correct
000031_frame000101_rtyKmRQLBL.jpg,/home/jgaldeano/tfm/data/datasets/classifier/val/Green/000031_frame000101_rtyKmRQLBL.jpg,1,Green,1,Green,0.9999963045120239,0.5,correct
000031_frame000102_aujdL8adcg.jpg,/home/jgaldeano/tfm/data/datasets/classifier/val/Green/000031_frame000102_aujdL8adcg.jpg,1,Green,1,Green,0.9999837875366211,0.5,correct
000031_frame000103_j4mQMUGOc8.jpg,/home/jgaldeano/tfm/data/datasets/classifier/val/Green/000031_frame000103_j4mQMUGOc8.jpg,1,Green,1,Green,0.9999922513961792,0.5,correct
000031_frame000104_VqBSWUJJB7.jpg,/home/jgaldeano/tfm/data/datasets/classifier/val/Green/000031_frame000104_VqBSWUJJB7.jpg,1,Green,1,Green,0.9999691247940063,0.5,correct
000031_frame000105_RimRCYNIoB.jpg,/home/jgaldeano/tfm/data/datasets/classifier/val/Green/000031_frame000105_RimRCYNIoB.jpg,1,Green,1,Green,0.9999018907546997,0.5,correct
000031_frame000106_PfFQDyvkmV.jpg,/home/jgaldeano/tfm/data/datasets/classifier/val/Green/000031_frame000106_PfFQDyvkmV.jpg,1,Green,1,Green,0.9999431371688843,0.5,correct
000031_frame000107_o8OlR2T-8N.jpg,/home/jgaldeano/tfm/data/datasets/classifier/val/Green/000031_frame000107_o8OlR2T-8N.jpg,1,Green,1,Green,0.999985933303833,0.5,correct
000031_frame000108_46mxiYXKtR.jpg,/home/jgaldeano/tfm/data/datasets/classifier/val/Green/000031_frame000108_46mxiYXKtR.jpg,1,Green,1,Green,0.9999593496322632,0.5,correct
000031_frame000109_E_3H7l8Q77.jpg,/home/jgaldeano/tfm/data/datasets/classifier/val/Green/000031_frame000109_E_3H7l8Q77.jpg,1,Green,1,Green,0.9999947547912598,0.5,correct
000031_frame000110_82d8cMoP3L.jpg,/home/jgaldeano/tfm/data/datasets/classifier/val/Green/000031_frame000110_82d8cMoP3L.jpg,1,Green,1,Green,0.9999939203262329,0.5,correct
000031_frame000111_Wj42LSOBCf.jpg,/home/jgaldeano/tfm/data/datasets/classifier/val/Green/000031_frame000111_Wj42LSOBCf.jpg,1,Green,1,Green,0.9999935626983643,0.5,correct
000031_frame000112_oLkAXn07DW.jpg,/home/jgaldeano/tfm/data/datasets/classifier/val/Green/000031_frame000112_oLkAXn07DW.jpg,1,Green,1,Green,0.999984860420227,0.5,correct
000031_frame000113_rLk4n-E0PS.jpg,/home/jgaldeano/tfm/data/datasets/classifier/val/Green/000031_frame000113_rLk4n-E0PS.jpg,1,Green,1,Green,0.9999991655349731,0.5,correct
000031_frame000114_3uXOo0McGO.jpg,/home/jgaldeano/tfm/data/datasets/classifier/val/Green/000031_frame000114_3uXOo0McGO.jpg,1,Green,1,Green,0.9999884366989136,0.5,correct
000031_frame000116_k5bMb1L9Xr.jpg,/home/jgaldeano/tfm/data/datasets/classifier/val/Green/000031_frame000116_k5bMb1L9Xr.jpg,1,Green,1,Green,0.999985933303833,0.5,correct
000031_frame000117_5CyQ2boEOS.jpg,/home/jgaldeano/tfm/data/datasets/classifier/val/Green/000031_frame000117_5CyQ2boEOS.jpg,1,Green,1,Green,0.9999954700469971,0.5,correct
000031_frame000119_fMxznrVWrR.jpg,/home/jgaldeano/tfm/data/datasets/classifier/val/Green/000031_frame000119_fMxznrVWrR.jpg,1,Green,1,Green,0.9999954700469971,0.5,correct
000031_frame000120_MbTazJZU7d.jpg,/home/jgaldeano/tfm/data/datasets/classifier/val/Green/000031_frame000120_MbTazJZU7d.jpg,1,Green,1,Green,0.9999961853027344,0.5,correct
000002_frame000001_rj36wWawuF.jpg,/home/jgaldeano/tfm/data/datasets/classifier/val/Red/000002_frame000001_rj36wWawuF.jpg,0,Red,0,Red,0.0004800882888957858,0.5,correct
000002_frame000002_kYl5QPaxq0.jpg,/home/jgaldeano/tfm/data/datasets/classifier/val/Red/000002_frame000002_kYl5QPaxq0.jpg,0,Red,0,Red,0.00043938757153227925,0.5,correct
000002_frame000003_9AgQLL0PLA.jpg,/home/jgaldeano/tfm/data/datasets/classifier/val/Red/000002_frame000003_9AgQLL0PLA.jpg,0,Red,0,Red,0.0004550738085526973,0.5,correct
000002_frame000004_EeQgJBFrTX.jpg,/home/jgaldeano/tfm/data/datasets/classifier/val/Red/000002_frame000004_EeQgJBFrTX.jpg,0,Red,0,Red,0.0005753159057348967,0.5,correct
000002_frame000005_CPocqMBBqt.jpg,/home/jgaldeano/tfm/data/datasets/classifier/val/Red/000002_frame000005_CPocqMBBqt.jpg,0,Red,0,Red,0.0006866313051432371,0.5,correct
000002_frame000006_NJEObpVyyG.jpg,/home/jgaldeano/tfm/data/datasets/classifier/val/Red/000002_frame000006_NJEObpVyyG.jpg,0,Red,0,Red,0.0006203593802638352,0.5,correct
000002_frame000007_vlkQhOC5vv.jpg,/home/jgaldeano/tfm/data/datasets/classifier/val/Red/000002_frame000007_vlkQhOC5vv.jpg,0,Red,0,Red,0.0006898606661707163,0.5,correct
000002_frame000008_lm1a7cr2j7.jpg,/home/jgaldeano/tfm/data/datasets/classifier/val/Red/000002_frame000008_lm1a7cr2j7.jpg,0,Red,0,Red,0.0005358063499443233,0.5,correct
000002_frame000008_ruBHktjXjS.jpg,/home/jgaldeano/tfm/data/datasets/classifier/val/Red/000002_frame000008_ruBHktjXjS.jpg,0,Red,0,Red,0.0006411377107724547,0.5,correct
000002_frame000009_Nidcpvu7sg.jpg,/home/jgaldeano/tfm/data/datasets/classifier/val/Red/000002_frame000009_Nidcpvu7sg.jpg,0,Red,0,Red,0.00043149778502993286,0.5,correct
000002_frame000009_Pum9hLDHRf.jpg,/home/jgaldeano/tfm/data/datasets/classifier/val/Red/000002_frame000009_Pum9hLDHRf.jpg,0,Red,0,Red,0.0005599697469733655,0.5,correct
000002_frame000010_hXXBLLfPMO.jpg,/home/jgaldeano/tfm/data/datasets/classifier/val/Red/000002_frame000010_hXXBLLfPMO.jpg,0,Red,0,Red,0.0008391803712584078,0.5,correct
000002_frame000010_mXj4KKlsXi.jpg,/home/jgaldeano/tfm/data/datasets/classifier/val/Red/000002_frame000010_mXj4KKlsXi.jpg,0,Red,0,Red,0.00040085005457513034,0.5,correct
000002_frame000011_AD76lvOk2n.jpg,/home/jgaldeano/tfm/data/datasets/classifier/val/Red/000002_frame000011_AD76lvOk2n.jpg,0,Red,0,Red,0.0005991428624838591,0.5,correct
000002_frame000011_W42SEhS47o.jpg,/home/jgaldeano/tfm/data/datasets/classifier/val/Red/000002_frame000011_W42SEhS47o.jpg,0,Red,0,Red,0.0005277947639115155,0.5,correct
000002_frame000012_FU5w7VYEhu.jpg,/home/jgaldeano/tfm/data/datasets/classifier/val/Red/000002_frame000012_FU5w7VYEhu.jpg,0,Red,0,Red,0.00032275973353534937,0.5,correct
000002_frame000012_trcZT4avz7.jpg,/home/jgaldeano/tfm/data/datasets/classifier/val/Red/000002_frame000012_trcZT4avz7.jpg,0,Red,0,Red,0.00039106959593482316,0.5,correct
000002_frame000013_IjxkqruK3l.jpg,/home/jgaldeano/tfm/data/datasets/classifier/val/Red/000002_frame000013_IjxkqruK3l.jpg,0,Red,0,Red,0.0003210497088730335,0.5,correct
000002_frame000013_yxThwnsD-8.jpg,/home/jgaldeano/tfm/data/datasets/classifier/val/Red/000002_frame000013_yxThwnsD-8.jpg,0,Red,0,Red,0.0003391712671145797,0.5,correct
000002_frame000014_BQdHE9CfeN.jpg,/home/jgaldeano/tfm/data/datasets/classifier/val/Red/000002_frame000014_BQdHE9CfeN.jpg,0,Red,0,Red,0.0002701165503822267,0.5,correct
000002_frame000014_D5nfarMiZv.jpg,/home/jgaldeano/tfm/data/datasets/classifier/val/Red/000002_frame000014_D5nfarMiZv.jpg,0,Red,0,Red,0.000460951792774722,0.5,correct
000002_frame000015_6LcE76tAfC.jpg,/home/jgaldeano/tfm/data/datasets/classifier/val/Red/000002_frame000015_6LcE76tAfC.jpg,0,Red,0,Red,0.0003427646588534117,0.5,correct
000002_frame000015_gLCV2hk9VK.jpg,/home/jgaldeano/tfm/data/datasets/classifier/val/Red/000002_frame000015_gLCV2hk9VK.jpg,0,Red,0,Red,0.0006519255694001913,0.5,correct
000002_frame000016_3gtNvMtcEP.jpg,/home/jgaldeano/tfm/data/datasets/classifier/val/Red/000002_frame000016_3gtNvMtcEP.jpg,0,Red,0,Red,0.00028300294070504606,0.5,correct
000002_frame000016_IkpXHMo3gc.jpg,/home/jgaldeano/tfm/data/datasets/classifier/val/Red/000002_frame000016_IkpXHMo3gc.jpg,0,Red,0,Red,0.0003515806747600436,0.5,correct
000002_frame000017_krpOwosZwJ.jpg,/home/jgaldeano/tfm/data/datasets/classifier/val/Red/000002_frame000017_krpOwosZwJ.jpg,0,Red,0,Red,0.0003851150395348668,0.5,correct
000002_frame000018_SgqsEaxvOe.jpg,/home/jgaldeano/tfm/data/datasets/classifier/val/Red/000002_frame000018_SgqsEaxvOe.jpg,0,Red,0,Red,0.0003499346785247326,0.5,correct
000002_frame000018_zsRgkFZ2vl.jpg,/home/jgaldeano/tfm/data/datasets/classifier/val/Red/000002_frame000018_zsRgkFZ2vl.jpg,0,Red,0,Red,0.0008131035137921572,0.5,correct
000002_frame000019_KyvF2iGcbH.jpg,/home/jgaldeano/tfm/data/datasets/classifier/val/Red/000002_frame000019_KyvF2iGcbH.jpg,0,Red,0,Red,0.0007248999900184572,0.5,correct
000002_frame000019_zRtIz201SH.jpg,/home/jgaldeano/tfm/data/datasets/classifier/val/Red/000002_frame000019_zRtIz201SH.jpg,0,Red,0,Red,0.0003738720843102783,0.5,correct
000002_frame000020_DGc17NB4Cc.jpg,/home/jgaldeano/tfm/data/datasets/classifier/val/Red/000002_frame000020_DGc17NB4Cc.jpg,0,Red,0,Red,0.00022363565221894532,0.5,correct
000002_frame000020_VyK-tqa4Rx.jpg,/home/jgaldeano/tfm/data/datasets/classifier/val/Red/000002_frame000020_VyK-tqa4Rx.jpg,0,Red,0,Red,0.00048034643987193704,0.5,correct
000002_frame000021_0u4eihW4rj.jpg,/home/jgaldeano/tfm/data/datasets/classifier/val/Red/000002_frame000021_0u4eihW4rj.jpg,0,Red,0,Red,0.00041396927554160357,0.5,correct
000002_frame000021_7pcVuxgMv0.jpg,/home/jgaldeano/tfm/data/datasets/classifier/val/Red/000002_frame000021_7pcVuxgMv0.jpg,0,Red,0,Red,0.0005311182467266917,0.5,correct
000002_frame000022_NEWgB6DoEa.jpg,/home/jgaldeano/tfm/data/datasets/classifier/val/Red/000002_frame000022_NEWgB6DoEa.jpg,0,Red,0,Red,0.0003703133261296898,0.5,correct
000002_frame000022_NhIDc3cfk6.jpg,/home/jgaldeano/tfm/data/datasets/classifier/val/Red/000002_frame000022_NhIDc3cfk6.jpg,0,Red,0,Red,0.00042447002488188446,0.5,correct
000002_frame000023_lrI9o1ZCqT.jpg,/home/jgaldeano/tfm/data/datasets/classifier/val/Red/000002_frame000023_lrI9o1ZCqT.jpg,0,Red,0,Red,0.0005759564810432494,0.5,correct
000002_frame000023_oKEK1COsKL.jpg,/home/jgaldeano/tfm/data/datasets/classifier/val/Red/000002_frame000023_oKEK1COsKL.jpg,0,Red,0,Red,0.0004918512422591448,0.5,correct
000002_frame000024_8Gb9-xFJKY.jpg,/home/jgaldeano/tfm/data/datasets/classifier/val/Red/000002_frame000024_8Gb9-xFJKY.jpg,0,Red,0,Red,0.0004025540838483721,0.5,correct
000002_frame000024_fUu2jmCU8t.jpg,/home/jgaldeano/tfm/data/datasets/classifier/val/Red/000002_frame000024_fUu2jmCU8t.jpg,0,Red,0,Red,0.0004647330497391522,0.5,correct
000002_frame000025_d-ZUTC7f1z.jpg,/home/jgaldeano/tfm/data/datasets/classifier/val/Red/000002_frame000025_d-ZUTC7f1z.jpg,0,Red,0,Red,0.0004140687524341047,0.5,correct
000002_frame000025_hSSf0zvO5l.jpg,/home/jgaldeano/tfm/data/datasets/classifier/val/Red/000002_frame000025_hSSf0zvO5l.jpg,0,Red,0,Red,0.000453388987807557,0.5,correct
000002_frame000026_7TiabNgEq6.jpg,/home/jgaldeano/tfm/data/datasets/classifier/val/Red/000002_frame000026_7TiabNgEq6.jpg,0,Red,0,Red,0.00041725311893969774,0.5,correct
000002_frame000026_B0iHJV89pB.jpg,/home/jgaldeano/tfm/data/datasets/classifier/val/Red/000002_frame000026_B0iHJV89pB.jpg,0,Red,0,Red,0.00039557539275847375,0.5,correct
000002_frame000027_dqbG40uPrM.jpg,/home/jgaldeano/tfm/data/datasets/classifier/val/Red/000002_frame000027_dqbG40uPrM.jpg,0,Red,0,Red,0.00031652802135795355,0.5,correct
000002_frame000027_n_eRqX8Mqc.jpg,/home/jgaldeano/tfm/data/datasets/classifier/val/Red/000002_frame000027_n_eRqX8Mqc.jpg,0,Red,0,Red,0.00027016832609660923,0.5,correct
000002_frame000028_Blfm-7XnBU.jpg,/home/jgaldeano/tfm/data/datasets/classifier/val/Red/000002_frame000028_Blfm-7XnBU.jpg,0,Red,0,Red,0.00041516099008731544,0.5,correct
000002_frame000028_MGIflAMR3v.jpg,/home/jgaldeano/tfm/data/datasets/classifier/val/Red/000002_frame000028_MGIflAMR3v.jpg,0,Red,0,Red,0.0005276873707771301,0.5,correct
000002_frame000029_V6FdGPHC1b.jpg,/home/jgaldeano/tfm/data/datasets/classifier/val/Red/000002_frame000029_V6FdGPHC1b.jpg,0,Red,0,Red,0.00029982379055581987,0.5,correct
000002_frame000029_eYgNeRuFAZ.jpg,/home/jgaldeano/tfm/data/datasets/classifier/val/Red/000002_frame000029_eYgNeRuFAZ.jpg,0,Red,0,Red,0.0003447064373176545,0.5,correct
000002_frame000030_rKich_DQvP.jpg,/home/jgaldeano/tfm/data/datasets/classifier/val/Red/000002_frame000030_rKich_DQvP.jpg,0,Red,0,Red,0.0005183820612728596,0.5,correct
000002_frame000030_yRqSuYHLx0.jpg,/home/jgaldeano/tfm/data/datasets/classifier/val/Red/000002_frame000030_yRqSuYHLx0.jpg,0,Red,0,Red,0.00027424984727986157,0.5,correct
000003_frame000001_6j7my_yhY0.jpg,/home/jgaldeano/tfm/data/datasets/classifier/val/Red/000003_frame000001_6j7my_yhY0.jpg,0,Red,0,Red,0.0002363065432291478,0.5,correct
000003_frame000001_H5O4htIYPx.jpg,/home/jgaldeano/tfm/data/datasets/classifier/val/Red/000003_frame000001_H5O4htIYPx.jpg,0,Red,0,Red,0.00017207796918228269,0.5,correct
000003_frame000002_mO9KUoltgD.jpg,/home/jgaldeano/tfm/data/datasets/classifier/val/Red/000003_frame000002_mO9KUoltgD.jpg,0,Red,0,Red,0.00026600545970723033,0.5,correct
000003_frame000002_vsaBSd-6Zs.jpg,/home/jgaldeano/tfm/data/datasets/classifier/val/Red/000003_frame000002_vsaBSd-6Zs.jpg,0,Red,0,Red,0.0001817252195905894,0.5,correct
000003_frame000003_OumNCWLrNG.jpg,/home/jgaldeano/tfm/data/datasets/classifier/val/Red/000003_frame000003_OumNCWLrNG.jpg,0,Red,0,Red,0.00016442217747680843,0.5,correct
000003_frame000004_Myc08RebPw.jpg,/home/jgaldeano/tfm/data/datasets/classifier/val/Red/000003_frame000004_Myc08RebPw.jpg,0,Red,0,Red,0.0001586517901159823,0.5,correct
000003_frame000005_TwiF8vN88w.jpg,/home/jgaldeano/tfm/data/datasets/classifier/val/Red/000003_frame000005_TwiF8vN88w.jpg,0,Red,0,Red,0.00015865587920416147,0.5,correct
000003_frame000006_ltNFcrTJhr.jpg,/home/jgaldeano/tfm/data/datasets/classifier/val/Red/000003_frame000006_ltNFcrTJhr.jpg,0,Red,0,Red,0.00014452352479565889,0.5,correct
000003_frame000006_mb2KponxNb.jpg,/home/jgaldeano/tfm/data/datasets/classifier/val/Red/000003_frame000006_mb2KponxNb.jpg,0,Red,0,Red,0.000337660894729197,0.5,correct
000003_frame000007_2zCjNoVOmt.jpg,/home/jgaldeano/tfm/data/datasets/classifier/val/Red/000003_frame000007_2zCjNoVOmt.jpg,0,Red,0,Red,0.00019744106975849718,0.5,correct
000003_frame000007_yS7fw49ry_.jpg,/home/jgaldeano/tfm/data/datasets/classifier/val/Red/000003_frame000007_yS7fw49ry_.jpg,0,Red,0,Red,0.00028083950746804476,0.5,correct
000003_frame000008_a87kGkXjf1.jpg,/home/jgaldeano/tfm/data/datasets/classifier/val/Red/000003_frame000008_a87kGkXjf1.jpg,0,Red,0,Red,0.0001807099033612758,0.5,correct
000003_frame000008_cbdfT548tl.jpg,/home/jgaldeano/tfm/data/datasets/classifier/val/Red/000003_frame000008_cbdfT548tl.jpg,0,Red,0,Red,0.00026911840541288257,0.5,correct
000003_frame000009_4ybsew4Eyl.jpg,/home/jgaldeano/tfm/data/datasets/classifier/val/Red/000003_frame000009_4ybsew4Eyl.jpg,0,Red,0,Red,0.0003364812582731247,0.5,correct
000003_frame000009_QMRVqXzMJ-.jpg,/home/jgaldeano/tfm/data/datasets/classifier/val/Red/000003_frame000009_QMRVqXzMJ-.jpg,0,Red,0,Red,0.00019233310013078153,0.5,correct
000003_frame000010_-1gP_XiMJh.jpg,/home/jgaldeano/tfm/data/datasets/classifier/val/Red/000003_frame000010_-1gP_XiMJh.jpg,0,Red,0,Red,0.0003182530927006155,0.5,correct
000003_frame000010_AFEJGF70Jb.jpg,/home/jgaldeano/tfm/data/datasets/classifier/val/Red/000003_frame000010_AFEJGF70Jb.jpg,0,Red,0,Red,0.00019726062600966543,0.5,correct
000003_frame000010_kWnUbX5d-w.jpg,/home/jgaldeano/tfm/data/datasets/classifier/val/Red/000003_frame000010_kWnUbX5d-w.jpg,0,Red,0,Red,0.0002320551866432652,0.5,correct
000003_frame000011_9cOSpxg5lL.jpg,/home/jgaldeano/tfm/data/datasets/classifier/val/Red/000003_frame000011_9cOSpxg5lL.jpg,0,Red,0,Red,0.00019517718465067446,0.5,correct
000003_frame000011_CFuDspchlL.jpg,/home/jgaldeano/tfm/data/datasets/classifier/val/Red/000003_frame000011_CFuDspchlL.jpg,0,Red,0,Red,0.0003312347107566893,0.5,correct
000003_frame000011_z4DxkuZs00.jpg,/home/jgaldeano/tfm/data/datasets/classifier/val/Red/000003_frame000011_z4DxkuZs00.jpg,0,Red,0,Red,0.00016311219951603562,0.5,correct
000003_frame000012_MHnFTF-4pE.jpg,/home/jgaldeano/tfm/data/datasets/classifier/val/Red/000003_frame000012_MHnFTF-4pE.jpg,0,Red,0,Red,0.00015194779552984983,0.5,correct
000003_frame000012_MatTWGa-yU.jpg,/home/jgaldeano/tfm/data/datasets/classifier/val/Red/000003_frame000012_MatTWGa-yU.jpg,0,Red,0,Red,0.000259515771176666,0.5,correct
000003_frame000012_PvL9_9vbVa.jpg,/home/jgaldeano/tfm/data/datasets/classifier/val/Red/000003_frame000012_PvL9_9vbVa.jpg,0,Red,0,Red,0.0003506499924696982,0.5,correct
000003_frame000013_7WDC_yoFLr.jpg,/home/jgaldeano/tfm/data/datasets/classifier/val/Red/000003_frame000013_7WDC_yoFLr.jpg,0,Red,0,Red,0.0002556576218921691,0.5,correct
000003_frame000013_OeQzaIYzs7.jpg,/home/jgaldeano/tfm/data/datasets/classifier/val/Red/000003_frame000013_OeQzaIYzs7.jpg,0,Red,0,Red,0.00025341211585327983,0.5,correct
000003_frame000014_QGul8CNmp5.jpg,/home/jgaldeano/tfm/data/datasets/classifier/val/Red/000003_frame000014_QGul8CNmp5.jpg,0,Red,0,Red,0.00032326290966011584,0.5,correct
000003_frame000014_pzqY-IYWjj.jpg,/home/jgaldeano/tfm/data/datasets/classifier/val/Red/000003_frame000014_pzqY-IYWjj.jpg,0,Red,0,Red,0.00039303285302594304,0.5,correct
000003_frame000015_2zxwLB_3Ur.jpg,/home/jgaldeano/tfm/data/datasets/classifier/val/Red/000003_frame000015_2zxwLB_3Ur.jpg,0,Red,0,Red,0.0003838752454612404,0.5,correct
000003_frame000016_H_vGdgpcAc.jpg,/home/jgaldeano/tfm/data/datasets/classifier/val/Red/000003_frame000016_H_vGdgpcAc.jpg,0,Red,0,Red,0.0004877364553976804,0.5,correct
000003_frame000017_D4kLCH3kr9.jpg,/home/jgaldeano/tfm/data/datasets/classifier/val/Red/000003_frame000017_D4kLCH3kr9.jpg,0,Red,0,Red,0.0006091603427194059,0.5,correct
000003_frame000017_nA15L0Ts89.jpg,/home/jgaldeano/tfm/data/datasets/classifier/val/Red/000003_frame000017_nA15L0Ts89.jpg,0,Red,0,Red,0.00047300723963417113,0.5,correct
000003_frame000018_S9qo6p-S7t.jpg,/home/jgaldeano/tfm/data/datasets/classifier/val/Red/000003_frame000018_S9qo6p-S7t.jpg,0,Red,0,Red,0.0004555524792522192,0.5,correct
000003_frame000018_qPkLc38vZl.jpg,/home/jgaldeano/tfm/data/datasets/classifier/val/Red/000003_frame000018_qPkLc38vZl.jpg,0,Red,0,Red,0.00039208983071148396,0.5,correct
000003_frame000019_Atj0Yk0ktn.jpg,/home/jgaldeano/tfm/data/datasets/classifier/val/Red/000003_frame000019_Atj0Yk0ktn.jpg,0,Red,0,Red,0.0005231694667600095,0.5,correct
000003_frame000019_X8Fm15DZNl.jpg,/home/jgaldeano/tfm/data/datasets/classifier/val/Red/000003_frame000019_X8Fm15DZNl.jpg,0,Red,0,Red,0.0004110642184969038,0.5,correct
000003_frame000019_XnnzalUjGv.jpg,/home/jgaldeano/tfm/data/datasets/classifier/val/Red/000003_frame000019_XnnzalUjGv.jpg,0,Red,0,Red,0.00043891833047382534,0.5,correct
000003_frame000020_pNlFo2qFpp.jpg,/home/jgaldeano/tfm/data/datasets/classifier/val/Red/000003_frame000020_pNlFo2qFpp.jpg,0,Red,0,Red,0.00028019011369906366,0.5,correct
000003_frame000020_rlq7WZaj1c.jpg,/home/jgaldeano/tfm/data/datasets/classifier/val/Red/000003_frame000020_rlq7WZaj1c.jpg,0,Red,0,Red,0.001164034940302372,0.5,correct
000003_frame000020_t7YqqOk0-N.jpg,/home/jgaldeano/tfm/data/datasets/classifier/val/Red/000003_frame000020_t7YqqOk0-N.jpg,0,Red,0,Red,0.0005622769822366536,0.5,correct
000003_frame000021_ImcwTW3wda.jpg,/home/jgaldeano/tfm/data/datasets/classifier/val/Red/000003_frame000021_ImcwTW3wda.jpg,0,Red,0,Red,0.0003984997747465968,0.5,correct
000003_frame000021_aT-HP5CnNC.jpg,/home/jgaldeano/tfm/data/datasets/classifier/val/Red/000003_frame000021_aT-HP5CnNC.jpg,0,Red,0,Red,0.0009655737085267901,0.5,correct
000003_frame000021_pTvsrS3O9r.jpg,/home/jgaldeano/tfm/data/datasets/classifier/val/Red/000003_frame000021_pTvsrS3O9r.jpg,0,Red,0,Red,0.0005391855956986547,0.5,correct
000003_frame000022_OD9lYQ7CgN.jpg,/home/jgaldeano/tfm/data/datasets/classifier/val/Red/000003_frame000022_OD9lYQ7CgN.jpg,0,Red,0,Red,0.000385603285394609,0.5,correct
000003_frame000022_b1aDQXXbfj.jpg,/home/jgaldeano/tfm/data/datasets/classifier/val/Red/000003_frame000022_b1aDQXXbfj.jpg,0,Red,0,Red,0.0003576172748580575,0.5,correct
000003_frame000022_d-EZzIaazK.jpg,/home/jgaldeano/tfm/data/datasets/classifier/val/Red/000003_frame000022_d-EZzIaazK.jpg,0,Red,0,Red,0.0006513635162264109,0.5,correct
000003_frame000023_5MzfKv7UNV.jpg,/home/jgaldeano/tfm/data/datasets/classifier/val/Red/000003_frame000023_5MzfKv7UNV.jpg,0,Red,0,Red,0.0004288671480026096,0.5,correct
000003_frame000023_XC8sPSvp5F.jpg,/home/jgaldeano/tfm/data/datasets/classifier/val/Red/000003_frame000023_XC8sPSvp5F.jpg,0,Red,0,Red,0.00037861173041164875,0.5,correct
000003_frame000023_g6VYIbsT8G.jpg,/home/jgaldeano/tfm/data/datasets/classifier/val/Red/000003_frame000023_g6VYIbsT8G.jpg,0,Red,0,Red,0.0004500587529037148,0.5,correct
000003_frame000024_8xU8pbh2xi.jpg,/home/jgaldeano/tfm/data/datasets/classifier/val/Red/000003_frame000024_8xU8pbh2xi.jpg,0,Red,0,Red,0.0003851850051432848,0.5,correct
000003_frame000024_bQ9_qKrAtN.jpg,/home/jgaldeano/tfm/data/datasets/classifier/val/Red/000003_frame000024_bQ9_qKrAtN.jpg,0,Red,0,Red,0.0003488787042442709,0.5,correct
000003_frame000024_o8yh1v6Xp9.jpg,/home/jgaldeano/tfm/data/datasets/classifier/val/Red/000003_frame000024_o8yh1v6Xp9.jpg,0,Red,0,Red,0.0005646938225254416,0.5,correct
000003_frame000025_CKcDlFZ7VD.jpg,/home/jgaldeano/tfm/data/datasets/classifier/val/Red/000003_frame000025_CKcDlFZ7VD.jpg,0,Red,0,Red,0.00044253686792217195,0.5,correct
000003_frame000025_Gytbvk8bkf.jpg,/home/jgaldeano/tfm/data/datasets/classifier/val/Red/000003_frame000025_Gytbvk8bkf.jpg,0,Red,0,Red,0.000567838316783309,0.5,correct
000003_frame000025_nquYYLM_9w.jpg,/home/jgaldeano/tfm/data/datasets/classifier/val/Red/000003_frame000025_nquYYLM_9w.jpg,0,Red,0,Red,0.0003656886692624539,0.5,correct
000003_frame000026_2Z_1cH-lCe.jpg,/home/jgaldeano/tfm/data/datasets/classifier/val/Red/000003_frame000026_2Z_1cH-lCe.jpg,0,Red,0,Red,0.00027886932366527617,0.5,correct
000003_frame000026_LcnKIeI9dz.jpg,/home/jgaldeano/tfm/data/datasets/classifier/val/Red/000003_frame000026_LcnKIeI9dz.jpg,0,Red,0,Red,0.0006444814498536289,0.5,correct
000003_frame000026_cAIfTrkwbb.jpg,/home/jgaldeano/tfm/data/datasets/classifier/val/Red/000003_frame000026_cAIfTrkwbb.jpg,0,Red,0,Red,0.0003573903231881559,0.5,correct
000003_frame000027_830Tj33xvN.jpg,/home/jgaldeano/tfm/data/datasets/classifier/val/Red/000003_frame000027_830Tj33xvN.jpg,0,Red,0,Red,0.000469627178972587,0.5,correct
000003_frame000027_RDV65QiJ8K.jpg,/home/jgaldeano/tfm/data/datasets/classifier/val/Red/000003_frame000027_RDV65QiJ8K.jpg,0,Red,0,Red,0.00025586027186363935,0.5,correct
000003_frame000027_WhgGHk6kgY.jpg,/home/jgaldeano/tfm/data/datasets/classifier/val/Red/000003_frame000027_WhgGHk6kgY.jpg,0,Red,0,Red,0.0003768041788134724,0.5,correct
000003_frame000028_6N9RLSGCjT.jpg,/home/jgaldeano/tfm/data/datasets/classifier/val/Red/000003_frame000028_6N9RLSGCjT.jpg,0,Red,0,Red,0.0002331692085135728,0.5,correct
000003_frame000028_S2Vz_LZrOV.jpg,/home/jgaldeano/tfm/data/datasets/classifier/val/Red/000003_frame000028_S2Vz_LZrOV.jpg,0,Red,0,Red,0.00028102321084588766,0.5,correct
000003_frame000028__3xaijWZuS.jpg,/home/jgaldeano/tfm/data/datasets/classifier/val/Red/000003_frame000028__3xaijWZuS.jpg,0,Red,0,Red,0.0005472069606184959,0.5,correct
000003_frame000029_MRnHogCHE9.jpg,/home/jgaldeano/tfm/data/datasets/classifier/val/Red/000003_frame000029_MRnHogCHE9.jpg,0,Red,0,Red,0.0002656519354786724,0.5,correct
000003_frame000029_TmOppZONTD.jpg,/home/jgaldeano/tfm/data/datasets/classifier/val/Red/000003_frame000029_TmOppZONTD.jpg,0,Red,0,Red,0.00021733337780460715,0.5,correct
000003_frame000029_pldjmRrV9h.jpg,/home/jgaldeano/tfm/data/datasets/classifier/val/Red/000003_frame000029_pldjmRrV9h.jpg,0,Red,0,Red,0.0004709887143690139,0.5,correct
000003_frame000030_X25yP7Ch4Y.jpg,/home/jgaldeano/tfm/data/datasets/classifier/val/Red/000003_frame000030_X25yP7Ch4Y.jpg,0,Red,0,Red,0.0005605387268587947,0.5,correct
000003_frame000030_rNiogJNYd-.jpg,/home/jgaldeano/tfm/data/datasets/classifier/val/Red/000003_frame000030_rNiogJNYd-.jpg,0,Red,0,Red,0.00021668490080628544,0.5,correct
000003_frame000030_wu9J95q31W.jpg,/home/jgaldeano/tfm/data/datasets/classifier/val/Red/000003_frame000030_wu9J95q31W.jpg,0,Red,0,Red,0.0004006445233244449,0.5,correct
000003_frame000031_5uyWsnje6y.jpg,/home/jgaldeano/tfm/data/datasets/classifier/val/Red/000003_frame000031_5uyWsnje6y.jpg,0,Red,0,Red,0.00031839997973293066,0.5,correct
000003_frame000031_90PyW-x0Ll.jpg,/home/jgaldeano/tfm/data/datasets/classifier/val/Red/000003_frame000031_90PyW-x0Ll.jpg,0,Red,0,Red,0.0004562696267385036,0.5,correct
000003_frame000031_W_JdCTBcOm.jpg,/home/jgaldeano/tfm/data/datasets/classifier/val/Red/000003_frame000031_W_JdCTBcOm.jpg,0,Red,0,Red,0.0002032699267147109,0.5,correct
000003_frame000032_JiFnb3dy1_.jpg,/home/jgaldeano/tfm/data/datasets/classifier/val/Red/000003_frame000032_JiFnb3dy1_.jpg,0,Red,0,Red,0.0002339113416383043,0.5,correct
000003_frame000032__5TrTKQxG1.jpg,/home/jgaldeano/tfm/data/datasets/classifier/val/Red/000003_frame000032__5TrTKQxG1.jpg,0,Red,0,Red,0.0006289916927926242,0.5,correct
000003_frame000032_s1GI2so7QC.jpg,/home/jgaldeano/tfm/data/datasets/classifier/val/Red/000003_frame000032_s1GI2so7QC.jpg,0,Red,0,Red,0.0003371831844560802,0.5,correct
000003_frame000033_diUl5rzMb6.jpg,/home/jgaldeano/tfm/data/datasets/classifier/val/Red/000003_frame000033_diUl5rzMb6.jpg,0,Red,0,Red,0.00022310855274554342,0.5,correct
000003_frame000033_die8lPd44h.jpg,/home/jgaldeano/tfm/data/datasets/classifier/val/Red/000003_frame000033_die8lPd44h.jpg,0,Red,0,Red,0.0002998709387611598,0.5,correct
000003_frame000033_fH6Sb8yYsk.jpg,/home/jgaldeano/tfm/data/datasets/classifier/val/Red/000003_frame000033_fH6Sb8yYsk.jpg,0,Red,0,Red,0.000434098212281242,0.5,correct
000003_frame000034_76aIkv9CLz.jpg,/home/jgaldeano/tfm/data/datasets/classifier/val/Red/000003_frame000034_76aIkv9CLz.jpg,0,Red,0,Red,0.0004175662761554122,0.5,correct
000003_frame000034_83DvSNz_JV.jpg,/home/jgaldeano/tfm/data/datasets/classifier/val/Red/000003_frame000034_83DvSNz_JV.jpg,0,Red,0,Red,0.00024874706286937,0.5,correct
000003_frame000034_DrIEbF82b4.jpg,/home/jgaldeano/tfm/data/datasets/classifier/val/Red/000003_frame000034_DrIEbF82b4.jpg,0,Red,0,Red,0.000580364081542939,0.5,correct
000003_frame000035_DQfe4pC32u.jpg,/home/jgaldeano/tfm/data/datasets/classifier/val/Red/000003_frame000035_DQfe4pC32u.jpg,0,Red,0,Red,0.0002699033939279616,0.5,correct
000003_frame000035_DwfgiDiFbD.jpg,/home/jgaldeano/tfm/data/datasets/classifier/val/Red/000003_frame000035_DwfgiDiFbD.jpg,0,Red,0,Red,0.00040184365934692323,0.5,correct
000003_frame000035_Oa1_zvQq3H.jpg,/home/jgaldeano/tfm/data/datasets/classifier/val/Red/000003_frame000035_Oa1_zvQq3H.jpg,0,Red,0,Red,0.0004538852081168443,0.5,correct
000003_frame000036_6UT3nsjMtL.jpg,/home/jgaldeano/tfm/data/datasets/classifier/val/Red/000003_frame000036_6UT3nsjMtL.jpg,0,Red,0,Red,0.00031250319443643093,0.5,correct
000003_frame000036_xKtdOhfh1O.jpg,/home/jgaldeano/tfm/data/datasets/classifier/val/Red/000003_frame000036_xKtdOhfh1O.jpg,0,Red,0,Red,0.0005642176838591695,0.5,correct
000003_frame000036_zoYRPk3_cL.jpg,/home/jgaldeano/tfm/data/datasets/classifier/val/Red/000003_frame000036_zoYRPk3_cL.jpg,0,Red,0,Red,0.0002635316050145775,0.5,correct
000003_frame000037__vdltbiT8j.jpg,/home/jgaldeano/tfm/data/datasets/classifier/val/Red/000003_frame000037__vdltbiT8j.jpg,0,Red,0,Red,0.0005009402520954609,0.5,correct
000003_frame000037_bvXGBKlDBt.jpg,/home/jgaldeano/tfm/data/datasets/classifier/val/Red/000003_frame000037_bvXGBKlDBt.jpg,0,Red,0,Red,0.00028495039441622794,0.5,correct
000003_frame000037_nI2jAHeZ6e.jpg,/home/jgaldeano/tfm/data/datasets/classifier/val/Red/000003_frame000037_nI2jAHeZ6e.jpg,0,Red,0,Red,0.0006212024600245059,0.5,correct
000003_frame000038_59R6VbfSeh.jpg,/home/jgaldeano/tfm/data/datasets/classifier/val/Red/000003_frame000038_59R6VbfSeh.jpg,0,Red,0,Red,0.0005631769890896976,0.5,correct
000003_frame000038_pNCrlZi6f4.jpg,/home/jgaldeano/tfm/data/datasets/classifier/val/Red/000003_frame000038_pNCrlZi6f4.jpg,0,Red,0,Red,0.0003170296549797058,0.5,correct
000003_frame000038_pk599k5HIS.jpg,/home/jgaldeano/tfm/data/datasets/classifier/val/Red/000003_frame000038_pk599k5HIS.jpg,0,Red,0,Red,0.00045963391312398016,0.5,correct
000003_frame000039_4o-Jgtkeqe.jpg,/home/jgaldeano/tfm/data/datasets/classifier/val/Red/000003_frame000039_4o-Jgtkeqe.jpg,0,Red,0,Red,0.000425860402174294,0.5,correct
000003_frame000039_Bb5lIs_4a0.jpg,/home/jgaldeano/tfm/data/datasets/classifier/val/Red/000003_frame000039_Bb5lIs_4a0.jpg,0,Red,0,Red,0.0006611666176468134,0.5,correct
000003_frame000039_VRsuyetxS0.jpg,/home/jgaldeano/tfm/data/datasets/classifier/val/Red/000003_frame000039_VRsuyetxS0.jpg,0,Red,0,Red,0.0006288508302532136,0.5,correct
000003_frame000040_7JaNNHCd6M.jpg,/home/jgaldeano/tfm/data/datasets/classifier/val/Red/000003_frame000040_7JaNNHCd6M.jpg,0,Red,0,Red,0.0003607590333558619,0.5,correct
000003_frame000040_UAGef4Yo71.jpg,/home/jgaldeano/tfm/data/datasets/classifier/val/Red/000003_frame000040_UAGef4Yo71.jpg,0,Red,0,Red,0.0005401861271820962,0.5,correct
000003_frame000040__o0xm8M92f.jpg,/home/jgaldeano/tfm/data/datasets/classifier/val/Red/000003_frame000040__o0xm8M92f.jpg,0,Red,0,Red,0.00035692215897142887,0.5,correct
000003_frame000041_tJUKsJ5ZN1.jpg,/home/jgaldeano/tfm/data/datasets/classifier/val/Red/000003_frame000041_tJUKsJ5ZN1.jpg,0,Red,0,Red,0.00036334662581793964,0.5,correct
000003_frame000041_taZfXtGt2s.jpg,/home/jgaldeano/tfm/data/datasets/classifier/val/Red/000003_frame000041_taZfXtGt2s.jpg,0,Red,0,Red,0.0007356881978921592,0.5,correct
000003_frame000042_3uHRmaUhuL.jpg,/home/jgaldeano/tfm/data/datasets/classifier/val/Red/000003_frame000042_3uHRmaUhuL.jpg,0,Red,0,Red,0.0005098964320495725,0.5,correct
000003_frame000043_1YCou6SknT.jpg,/home/jgaldeano/tfm/data/datasets/classifier/val/Red/000003_frame000043_1YCou6SknT.jpg,0,Red,0,Red,0.00044180426630191505,0.5,correct
000003_frame000043_Mm3wcd08se.jpg,/home/jgaldeano/tfm/data/datasets/classifier/val/Red/000003_frame000043_Mm3wcd08se.jpg,0,Red,0,Red,0.00038744823541492224,0.5,correct
000003_frame000044_HEHEQoiaWr.jpg,/home/jgaldeano/tfm/data/datasets/classifier/val/Red/000003_frame000044_HEHEQoiaWr.jpg,0,Red,0,Red,0.00042007974116131663,0.5,correct
000003_frame000044_QtJPGXYvoT.jpg,/home/jgaldeano/tfm/data/datasets/classifier/val/Red/000003_frame000044_QtJPGXYvoT.jpg,0,Red,0,Red,0.00037604308454319835,0.5,correct
000003_frame000045_2QjV-Xw_uW.jpg,/home/jgaldeano/tfm/data/datasets/classifier/val/Red/000003_frame000045_2QjV-Xw_uW.jpg,0,Red,0,Red,0.00040670798625797033,0.5,correct
000003_frame000045_7l5vrCwyde.jpg,/home/jgaldeano/tfm/data/datasets/classifier/val/Red/000003_frame000045_7l5vrCwyde.jpg,0,Red,0,Red,0.00038905846304260194,0.5,correct
000003_frame000046_mA9McKpcFN.jpg,/home/jgaldeano/tfm/data/datasets/classifier/val/Red/000003_frame000046_mA9McKpcFN.jpg,0,Red,0,Red,0.00032447263947688043,0.5,correct
000003_frame000046_yKxmI9pHyz.jpg,/home/jgaldeano/tfm/data/datasets/classifier/val/Red/000003_frame000046_yKxmI9pHyz.jpg,0,Red,0,Red,0.00038649074849672616,0.5,correct
000003_frame000047_RSBB7H6q6w.jpg,/home/jgaldeano/tfm/data/datasets/classifier/val/Red/000003_frame000047_RSBB7H6q6w.jpg,0,Red,0,Red,0.00034779496490955353,0.5,correct
000003_frame000047__IqE-VBq1L.jpg,/home/jgaldeano/tfm/data/datasets/classifier/val/Red/000003_frame000047__IqE-VBq1L.jpg,0,Red,0,Red,0.0002992632216773927,0.5,correct
000003_frame000048_3lbAru2iAA.jpg,/home/jgaldeano/tfm/data/datasets/classifier/val/Red/000003_frame000048_3lbAru2iAA.jpg,0,Red,0,Red,0.000479440699564293,0.5,correct
000003_frame000048_xfXbs_s8oU.jpg,/home/jgaldeano/tfm/data/datasets/classifier/val/Red/000003_frame000048_xfXbs_s8oU.jpg,0,Red,0,Red,0.00029830948915332556,0.5,correct
000003_frame000049_YHMKWZ4fgt.jpg,/home/jgaldeano/tfm/data/datasets/classifier/val/Red/000003_frame000049_YHMKWZ4fgt.jpg,0,Red,0,Red,0.0003891762171406299,0.5,correct
000003_frame000049_wku625A6xh.jpg,/home/jgaldeano/tfm/data/datasets/classifier/val/Red/000003_frame000049_wku625A6xh.jpg,0,Red,0,Red,0.0004087626002728939,0.5,correct
000003_frame000050_DHMzIkWRNu.jpg,/home/jgaldeano/tfm/data/datasets/classifier/val/Red/000003_frame000050_DHMzIkWRNu.jpg,0,Red,0,Red,0.00042772787855938077,0.5,correct
000003_frame000050_v_kPfFtvOV.jpg,/home/jgaldeano/tfm/data/datasets/classifier/val/Red/000003_frame000050_v_kPfFtvOV.jpg,0,Red,0,Red,0.00035284014302305877,0.5,correct
000003_frame000051_5nx6GJoPyu.jpg,/home/jgaldeano/tfm/data/datasets/classifier/val/Red/000003_frame000051_5nx6GJoPyu.jpg,0,Red,0,Red,0.0002722428471315652,0.5,correct
000003_frame000051_9DSnG-ytD_.jpg,/home/jgaldeano/tfm/data/datasets/classifier/val/Red/000003_frame000051_9DSnG-ytD_.jpg,0,Red,0,Red,0.0002976810501422733,0.5,correct
000003_frame000052_KExl93e6-L.jpg,/home/jgaldeano/tfm/data/datasets/classifier/val/Red/000003_frame000052_KExl93e6-L.jpg,0,Red,0,Red,0.00038410420529544353,0.5,correct
000003_frame000052__fNH0xe4VN.jpg,/home/jgaldeano/tfm/data/datasets/classifier/val/Red/000003_frame000052__fNH0xe4VN.jpg,0,Red,0,Red,0.0003025589103344828,0.5,correct
000003_frame000053_If3gz8JR0q.jpg,/home/jgaldeano/tfm/data/datasets/classifier/val/Red/000003_frame000053_If3gz8JR0q.jpg,0,Red,0,Red,0.0003020066942553967,0.5,correct
000003_frame000053__pmr4mGTkH.jpg,/home/jgaldeano/tfm/data/datasets/classifier/val/Red/000003_frame000053__pmr4mGTkH.jpg,0,Red,0,Red,0.00021641256171278656,0.5,correct
000003_frame000054_gl0DsH0jMY.jpg,/home/jgaldeano/tfm/data/datasets/classifier/val/Red/000003_frame000054_gl0DsH0jMY.jpg,0,Red,0,Red,0.0002646778302732855,0.5,correct
000003_frame000054_zgC93iOcTt.jpg,/home/jgaldeano/tfm/data/datasets/classifier/val/Red/000003_frame000054_zgC93iOcTt.jpg,0,Red,0,Red,0.0003618484770413488,0.5,correct
000003_frame000055_IM7zkKNULY.jpg,/home/jgaldeano/tfm/data/datasets/classifier/val/Red/000003_frame000055_IM7zkKNULY.jpg,0,Red,0,Red,0.0006712394533678889,0.5,correct
000003_frame000055_Z5UEr5_wSk.jpg,/home/jgaldeano/tfm/data/datasets/classifier/val/Red/000003_frame000055_Z5UEr5_wSk.jpg,0,Red,0,Red,0.00029282542527653277,0.5,correct
000003_frame000056_Q2mdGXkJkv.jpg,/home/jgaldeano/tfm/data/datasets/classifier/val/Red/000003_frame000056_Q2mdGXkJkv.jpg,0,Red,0,Red,0.0003444738395046443,0.5,correct
000003_frame000057_UR57O6xYCz.jpg,/home/jgaldeano/tfm/data/datasets/classifier/val/Red/000003_frame000057_UR57O6xYCz.jpg,0,Red,0,Red,0.0005996984546072781,0.5,correct
000003_frame000058_IEKFDZw70K.jpg,/home/jgaldeano/tfm/data/datasets/classifier/val/Red/000003_frame000058_IEKFDZw70K.jpg,0,Red,0,Red,0.0007307539926841855,0.5,correct
000003_frame000059_cFqAToSGH1.jpg,/home/jgaldeano/tfm/data/datasets/classifier/val/Red/000003_frame000059_cFqAToSGH1.jpg,0,Red,0,Red,0.0010246227029711008,0.5,correct
000003_frame000060_Li7SY31DS7.jpg,/home/jgaldeano/tfm/data/datasets/classifier/val/Red/000003_frame000060_Li7SY31DS7.jpg,0,Red,0,Red,0.0011874879710376263,0.5,correct
000003_frame000061_CzdYgUs2wa.jpg,/home/jgaldeano/tfm/data/datasets/classifier/val/Red/000003_frame000061_CzdYgUs2wa.jpg,0,Red,0,Red,0.0010452753631398082,0.5,correct
000003_frame000062__a1yiD7cD3.jpg,/home/jgaldeano/tfm/data/datasets/classifier/val/Red/000003_frame000062__a1yiD7cD3.jpg,0,Red,0,Red,0.0023245078045874834,0.5,correct
000003_frame000063_itC9VfdiLx.jpg,/home/jgaldeano/tfm/data/datasets/classifier/val/Red/000003_frame000063_itC9VfdiLx.jpg,0,Red,0,Red,0.007526942063122988,0.5,correct
000003_frame000066_l2FmUnCPf1.jpg,/home/jgaldeano/tfm/data/datasets/classifier/val/Red/000003_frame000066_l2FmUnCPf1.jpg,0,Red,0,Red,0.18730397522449493,0.5,correct
000003_frame000067_tYD1_bl7qu.jpg,/home/jgaldeano/tfm/data/datasets/classifier/val/Red/000003_frame000067_tYD1_bl7qu.jpg,0,Red,0,Red,0.04498475417494774,0.5,correct
000003_frame000067_ycBYLP65Au.jpg,/home/jgaldeano/tfm/data/datasets/classifier/val/Red/000003_frame000067_ycBYLP65Au.jpg,0,Red,0,Red,0.00042450460023246706,0.5,correct
000003_frame000068_1XBKJrP_YC.jpg,/home/jgaldeano/tfm/data/datasets/classifier/val/Red/000003_frame000068_1XBKJrP_YC.jpg,0,Red,0,Red,0.0004671959613915533,0.5,correct
000003_frame000068_BvdPgYnY-w.jpg,/home/jgaldeano/tfm/data/datasets/classifier/val/Red/000003_frame000068_BvdPgYnY-w.jpg,0,Red,0,Red,0.00739941606298089,0.5,correct
000003_frame000069_6CJi_sz-Wk.jpg,/home/jgaldeano/tfm/data/datasets/classifier/val/Red/000003_frame000069_6CJi_sz-Wk.jpg,0,Red,0,Red,0.001763557898811996,0.5,correct
000003_frame000070__Y6h4hOEN8.jpg,/home/jgaldeano/tfm/data/datasets/classifier/val/Red/000003_frame000070__Y6h4hOEN8.jpg,0,Red,0,Red,0.001541371108032763,0.5,correct
000003_frame000071_6CWVZXkYr2.jpg,/home/jgaldeano/tfm/data/datasets/classifier/val/Red/000003_frame000071_6CWVZXkYr2.jpg,0,Red,0,Red,0.003062361152842641,0.5,correct
000003_frame000071_hHIiX__MNI.jpg,/home/jgaldeano/tfm/data/datasets/classifier/val/Red/000003_frame000071_hHIiX__MNI.jpg,0,Red,0,Red,0.0005100396228954196,0.5,correct
000003_frame000072_-my5GWr7wL.jpg,/home/jgaldeano/tfm/data/datasets/classifier/val/Red/000003_frame000072_-my5GWr7wL.jpg,0,Red,0,Red,0.0016409914242103696,0.5,correct
000003_frame000072_BHf5UllzlY.jpg,/home/jgaldeano/tfm/data/datasets/classifier/val/Red/000003_frame000072_BHf5UllzlY.jpg,0,Red,0,Red,0.0005184119218029082,0.5,correct
000003_frame000073_THguBnV3f2.jpg,/home/jgaldeano/tfm/data/datasets/classifier/val/Red/000003_frame000073_THguBnV3f2.jpg,0,Red,0,Red,0.000334800046402961,0.5,correct
000003_frame000073_qZgMx2NKej.jpg,/home/jgaldeano/tfm/data/datasets/classifier/val/Red/000003_frame000073_qZgMx2NKej.jpg,0,Red,0,Red,0.002487797988578677,0.5,correct
000003_frame000074_308CptpMPc.jpg,/home/jgaldeano/tfm/data/datasets/classifier/val/Red/000003_frame000074_308CptpMPc.jpg,0,Red,0,Red,0.0003669869329314679,0.5,correct
000003_frame000074_M_60B0Ug0U.jpg,/home/jgaldeano/tfm/data/datasets/classifier/val/Red/000003_frame000074_M_60B0Ug0U.jpg,0,Red,0,Red,0.001708001596853137,0.5,correct
000003_frame000075_WieXMHFNad.jpg,/home/jgaldeano/tfm/data/datasets/classifier/val/Red/000003_frame000075_WieXMHFNad.jpg,0,Red,0,Red,0.0013307419139891863,0.5,correct
000003_frame000075_Z0Kllc1lJm.jpg,/home/jgaldeano/tfm/data/datasets/classifier/val/Red/000003_frame000075_Z0Kllc1lJm.jpg,0,Red,0,Red,0.00028663428383879364,0.5,correct
000003_frame000076_1yOBMj5A5R.jpg,/home/jgaldeano/tfm/data/datasets/classifier/val/Red/000003_frame000076_1yOBMj5A5R.jpg,0,Red,0,Red,0.002094597788527608,0.5,correct
000003_frame000076_XGwCP4UsWY.jpg,/home/jgaldeano/tfm/data/datasets/classifier/val/Red/000003_frame000076_XGwCP4UsWY.jpg,0,Red,0,Red,0.000246487237745896,0.5,correct
000003_frame000077_0Mjf4h-twy.jpg,/home/jgaldeano/tfm/data/datasets/classifier/val/Red/000003_frame000077_0Mjf4h-twy.jpg,0,Red,0,Red,0.023679569363594055,0.5,correct
000003_frame000077_LLb9cJpZ9N.jpg,/home/jgaldeano/tfm/data/datasets/classifier/val/Red/000003_frame000077_LLb9cJpZ9N.jpg,0,Red,0,Red,0.00032016911427490413,0.5,correct
000003_frame000078_DASJM9FA6V.jpg,/home/jgaldeano/tfm/data/datasets/classifier/val/Red/000003_frame000078_DASJM9FA6V.jpg,0,Red,0,Red,0.010767046362161636,0.5,correct
000003_frame000078_d-JdfS6pcQ.jpg,/home/jgaldeano/tfm/data/datasets/classifier/val/Red/000003_frame000078_d-JdfS6pcQ.jpg,0,Red,0,Red,0.00028056249720975757,0.5,correct
000003_frame000079_g5ZIFGoikt.jpg,/home/jgaldeano/tfm/data/datasets/classifier/val/Red/000003_frame000079_g5ZIFGoikt.jpg,0,Red,0,Red,0.005816939286887646,0.5,correct
000003_frame000079_me074_HUBG.jpg,/home/jgaldeano/tfm/data/datasets/classifier/val/Red/000003_frame000079_me074_HUBG.jpg,0,Red,0,Red,0.0004167093138676137,0.5,correct
000003_frame000080_DtLE8cC4cx.jpg,/home/jgaldeano/tfm/data/datasets/classifier/val/Red/000003_frame000080_DtLE8cC4cx.jpg,0,Red,0,Red,0.005910853389650583,0.5,correct
000003_frame000081_FaMCJA_PoG.jpg,/home/jgaldeano/tfm/data/datasets/classifier/val/Red/000003_frame000081_FaMCJA_PoG.jpg,0,Red,0,Red,0.0005836408236064017,0.5,correct
000003_frame000081_YLf-3uZDUC.jpg,/home/jgaldeano/tfm/data/datasets/classifier/val/Red/000003_frame000081_YLf-3uZDUC.jpg,0,Red,0,Red,0.0034765847958624363,0.5,correct
000003_frame000082_PUwIl1MaVl.jpg,/home/jgaldeano/tfm/data/datasets/classifier/val/Red/000003_frame000082_PUwIl1MaVl.jpg,0,Red,0,Red,0.000596859899815172,0.5,correct
000003_frame000082__PU846qOhr.jpg,/home/jgaldeano/tfm/data/datasets/classifier/val/Red/000003_frame000082__PU846qOhr.jpg,0,Red,0,Red,0.0072045475244522095,0.5,correct
000003_frame000083_LPsz4kPRB8.jpg,/home/jgaldeano/tfm/data/datasets/classifier/val/Red/000003_frame000083_LPsz4kPRB8.jpg,0,Red,0,Red,0.0038330189418047667,0.5,correct
000003_frame000083_fDPJyGolNF.jpg,/home/jgaldeano/tfm/data/datasets/classifier/val/Red/000003_frame000083_fDPJyGolNF.jpg,0,Red,0,Red,0.0003958073502872139,0.5,correct
000003_frame000084_G5_BTGW5v8.jpg,/home/jgaldeano/tfm/data/datasets/classifier/val/Red/000003_frame000084_G5_BTGW5v8.jpg,0,Red,0,Red,0.0021014190278947353,0.5,correct
000003_frame000084_eZkqATuxTj.jpg,/home/jgaldeano/tfm/data/datasets/classifier/val/Red/000003_frame000084_eZkqATuxTj.jpg,0,Red,0,Red,0.0004345494962763041,0.5,correct
000003_frame000085_BdK3z128MS.jpg,/home/jgaldeano/tfm/data/datasets/classifier/val/Red/000003_frame000085_BdK3z128MS.jpg,0,Red,0,Red,0.0004733010719064623,0.5,correct
000003_frame000085_Frjrk7ZwPe.jpg,/home/jgaldeano/tfm/data/datasets/classifier/val/Red/000003_frame000085_Frjrk7ZwPe.jpg,0,Red,0,Red,0.0031680879183113575,0.5,correct
000003_frame000087_s1uBvf5Apa.jpg,/home/jgaldeano/tfm/data/datasets/classifier/val/Red/000003_frame000087_s1uBvf5Apa.jpg,0,Red,0,Red,0.041364699602127075,0.5,correct
000003_frame000088_ZG2yHGAp-e.jpg,/home/jgaldeano/tfm/data/datasets/classifier/val/Red/000003_frame000088_ZG2yHGAp-e.jpg,0,Red,0,Red,0.02287282422184944,0.5,correct
000003_frame000088_xIGxumbFS-.jpg,/home/jgaldeano/tfm/data/datasets/classifier/val/Red/000003_frame000088_xIGxumbFS-.jpg,0,Red,0,Red,0.0007786930655129254,0.5,correct
000003_frame000089_eq30pOMZD7.jpg,/home/jgaldeano/tfm/data/datasets/classifier/val/Red/000003_frame000089_eq30pOMZD7.jpg,0,Red,0,Red,0.010286509059369564,0.5,correct
000003_frame000089_nYWy4WCB25.jpg,/home/jgaldeano/tfm/data/datasets/classifier/val/Red/000003_frame000089_nYWy4WCB25.jpg,0,Red,0,Red,0.0005369643331505358,0.5,correct
000003_frame000090_hoHzVhef1B.jpg,/home/jgaldeano/tfm/data/datasets/classifier/val/Red/000003_frame000090_hoHzVhef1B.jpg,0,Red,0,Red,0.0008016214123927057,0.5,correct
000003_frame000090_r2CBNEselM.jpg,/home/jgaldeano/tfm/data/datasets/classifier/val/Red/000003_frame000090_r2CBNEselM.jpg,0,Red,0,Red,0.003132297657430172,0.5,correct
000003_frame000091_nwiNzNltD-.jpg,/home/jgaldeano/tfm/data/datasets/classifier/val/Red/000003_frame000091_nwiNzNltD-.jpg,0,Red,0,Red,0.0004838135209865868,0.5,correct
000003_frame000091_w-sB_UDtgg.jpg,/home/jgaldeano/tfm/data/datasets/classifier/val/Red/000003_frame000091_w-sB_UDtgg.jpg,0,Red,0,Red,0.003764394437894225,0.5,correct
000003_frame000092_83kbF0Pr8i.jpg,/home/jgaldeano/tfm/data/datasets/classifier/val/Red/000003_frame000092_83kbF0Pr8i.jpg,0,Red,0,Red,0.004183801356703043,0.5,correct
000003_frame000093_-VoBced2xj.jpg,/home/jgaldeano/tfm/data/datasets/classifier/val/Red/000003_frame000093_-VoBced2xj.jpg,0,Red,0,Red,0.02368330769240856,0.5,correct
000003_frame000095_Q1sUNdQyth.jpg,/home/jgaldeano/tfm/data/datasets/classifier/val/Red/000003_frame000095_Q1sUNdQyth.jpg,0,Red,0,Red,0.016757624223828316,0.5,correct
000003_frame000095_bMZ-dlXnMK.jpg,/home/jgaldeano/tfm/data/datasets/classifier/val/Red/000003_frame000095_bMZ-dlXnMK.jpg,0,Red,0,Red,0.000263061432633549,0.5,correct
000003_frame000096_BwqQZsuL1B.jpg,/home/jgaldeano/tfm/data/datasets/classifier/val/Red/000003_frame000096_BwqQZsuL1B.jpg,0,Red,0,Red,0.0005898960516788065,0.5,correct
000003_frame000096_DjvEGJmVRR.jpg,/home/jgaldeano/tfm/data/datasets/classifier/val/Red/000003_frame000096_DjvEGJmVRR.jpg,0,Red,0,Red,0.00386995542794466,0.5,correct
000003_frame000097_UlJjddabm8.jpg,/home/jgaldeano/tfm/data/datasets/classifier/val/Red/000003_frame000097_UlJjddabm8.jpg,0,Red,0,Red,0.01581651344895363,0.5,correct
000003_frame000097_uHoKY8a2Qx.jpg,/home/jgaldeano/tfm/data/datasets/classifier/val/Red/000003_frame000097_uHoKY8a2Qx.jpg,0,Red,0,Red,0.0006094952113926411,0.5,correct
000003_frame000098_RCSWcsC9F3.jpg,/home/jgaldeano/tfm/data/datasets/classifier/val/Red/000003_frame000098_RCSWcsC9F3.jpg,0,Red,0,Red,0.010001991875469685,0.5,correct
000003_frame000098_tCek8JFL05.jpg,/home/jgaldeano/tfm/data/datasets/classifier/val/Red/000003_frame000098_tCek8JFL05.jpg,0,Red,0,Red,0.000487463636090979,0.5,correct
000003_frame000099_7AIbKvE7dK.jpg,/home/jgaldeano/tfm/data/datasets/classifier/val/Red/000003_frame000099_7AIbKvE7dK.jpg,0,Red,0,Red,0.00024873021175153553,0.5,correct
000003_frame000099_ZzMm4tm5lO.jpg,/home/jgaldeano/tfm/data/datasets/classifier/val/Red/000003_frame000099_ZzMm4tm5lO.jpg,0,Red,0,Red,0.0018339970847591758,0.5,correct
000003_frame000100_-lHVRpUmfK.jpg,/home/jgaldeano/tfm/data/datasets/classifier/val/Red/000003_frame000100_-lHVRpUmfK.jpg,0,Red,0,Red,0.00020408560521900654,0.5,correct
000003_frame000100_Cam9c3AINb.jpg,/home/jgaldeano/tfm/data/datasets/classifier/val/Red/000003_frame000100_Cam9c3AINb.jpg,0,Red,0,Red,0.0017302046762779355,0.5,correct
000003_frame000101_Krc58ycKIv.jpg,/home/jgaldeano/tfm/data/datasets/classifier/val/Red/000003_frame000101_Krc58ycKIv.jpg,0,Red,0,Red,0.001212170347571373,0.5,correct
000003_frame000101_eq6G7QBt7M.jpg,/home/jgaldeano/tfm/data/datasets/classifier/val/Red/000003_frame000101_eq6G7QBt7M.jpg,0,Red,0,Red,0.00025685798027552664,0.5,correct
000003_frame000102_3cT1AYIjsx.jpg,/home/jgaldeano/tfm/data/datasets/classifier/val/Red/000003_frame000102_3cT1AYIjsx.jpg,0,Red,0,Red,0.0008070609183050692,0.5,correct
000003_frame000102_qGvfQYbXdk.jpg,/home/jgaldeano/tfm/data/datasets/classifier/val/Red/000003_frame000102_qGvfQYbXdk.jpg,0,Red,0,Red,0.00017216411652043462,0.5,correct
000003_frame000103_4QyE7x_hhO.jpg,/home/jgaldeano/tfm/data/datasets/classifier/val/Red/000003_frame000103_4QyE7x_hhO.jpg,0,Red,0,Red,0.0011494900099933147,0.5,correct
000003_frame000103_NK1hmW9nqs.jpg,/home/jgaldeano/tfm/data/datasets/classifier/val/Red/000003_frame000103_NK1hmW9nqs.jpg,0,Red,0,Red,0.0002138614363502711,0.5,correct
000003_frame000104_KBNWnhZ1PI.jpg,/home/jgaldeano/tfm/data/datasets/classifier/val/Red/000003_frame000104_KBNWnhZ1PI.jpg,0,Red,0,Red,0.00022060927585698664,0.5,correct
000003_frame000104_itHc4dfvfK.jpg,/home/jgaldeano/tfm/data/datasets/classifier/val/Red/000003_frame000104_itHc4dfvfK.jpg,0,Red,0,Red,0.0007243130239658058,0.5,correct
000003_frame000105_DmReU4zAce.jpg,/home/jgaldeano/tfm/data/datasets/classifier/val/Red/000003_frame000105_DmReU4zAce.jpg,0,Red,0,Red,0.00020261357713025063,0.5,correct
000003_frame000105_OT8n21qBfR.jpg,/home/jgaldeano/tfm/data/datasets/classifier/val/Red/000003_frame000105_OT8n21qBfR.jpg,0,Red,0,Red,0.0011915676295757294,0.5,correct
000003_frame000106_1q1yV4bKUM.jpg,/home/jgaldeano/tfm/data/datasets/classifier/val/Red/000003_frame000106_1q1yV4bKUM.jpg,0,Red,0,Red,0.00023013821919448674,0.5,correct
000003_frame000106_wY5FEa2vAB.jpg,/home/jgaldeano/tfm/data/datasets/classifier/val/Red/000003_frame000106_wY5FEa2vAB.jpg,0,Red,0,Red,0.0018771528266370296,0.5,correct
000003_frame000107_-mJGP4N-dz.jpg,/home/jgaldeano/tfm/data/datasets/classifier/val/Red/000003_frame000107_-mJGP4N-dz.jpg,0,Red,0,Red,0.0002571074292063713,0.5,correct
000003_frame000107_I0hWTbJ2mt.jpg,/home/jgaldeano/tfm/data/datasets/classifier/val/Red/000003_frame000107_I0hWTbJ2mt.jpg,0,Red,0,Red,0.004066240508109331,0.5,correct
000003_frame000108_4ucOmvOVhy.jpg,/home/jgaldeano/tfm/data/datasets/classifier/val/Red/000003_frame000108_4ucOmvOVhy.jpg,0,Red,0,Red,0.00019689250621013343,0.5,correct
000003_frame000108_Yj1R4yNaeb.jpg,/home/jgaldeano/tfm/data/datasets/classifier/val/Red/000003_frame000108_Yj1R4yNaeb.jpg,0,Red,0,Red,0.0026074836496263742,0.5,correct
000003_frame000109_aIU1otNsog.jpg,/home/jgaldeano/tfm/data/datasets/classifier/val/Red/000003_frame000109_aIU1otNsog.jpg,0,Red,0,Red,0.0041107917204499245,0.5,correct
000003_frame000109_sRMUPqqUdh.jpg,/home/jgaldeano/tfm/data/datasets/classifier/val/Red/000003_frame000109_sRMUPqqUdh.jpg,0,Red,0,Red,0.00017702173499856144,0.5,correct
000003_frame000110_bJheupvZy6.jpg,/home/jgaldeano/tfm/data/datasets/classifier/val/Red/000003_frame000110_bJheupvZy6.jpg,0,Red,0,Red,0.00016496237367391586,0.5,correct
000003_frame000110_ljM009vgR4.jpg,/home/jgaldeano/tfm/data/datasets/classifier/val/Red/000003_frame000110_ljM009vgR4.jpg,0,Red,0,Red,0.02892376109957695,0.5,correct
000003_frame000111_RllYW2y0QB.jpg,/home/jgaldeano/tfm/data/datasets/classifier/val/Red/000003_frame000111_RllYW2y0QB.jpg,0,Red,0,Red,0.00019112527661491185,0.5,correct
000003_frame000111_iZUhIni4o7.jpg,/home/jgaldeano/tfm/data/datasets/classifier/val/Red/000003_frame000111_iZUhIni4o7.jpg,0,Red,0,Red,0.010408211499452591,0.5,correct
000003_frame000112_incsJ0lKiK.jpg,/home/jgaldeano/tfm/data/datasets/classifier/val/Red/000003_frame000112_incsJ0lKiK.jpg,0,Red,0,Red,0.007909786887466908,0.5,correct
000003_frame000112_oGyyBrRtCW.jpg,/home/jgaldeano/tfm/data/datasets/classifier/val/Red/000003_frame000112_oGyyBrRtCW.jpg,0,Red,0,Red,0.00018804719729814678,0.5,correct
000003_frame000113_1WLNxOUpWl.jpg,/home/jgaldeano/tfm/data/datasets/classifier/val/Red/000003_frame000113_1WLNxOUpWl.jpg,0,Red,0,Red,0.00022612475731875747,0.5,correct
000003_frame000113_vt3-xfWc30.jpg,/home/jgaldeano/tfm/data/datasets/classifier/val/Red/000003_frame000113_vt3-xfWc30.jpg,0,Red,0,Red,0.007751512341201305,0.5,correct
000003_frame000114_vT-58W_3Rb.jpg,/home/jgaldeano/tfm/data/datasets/classifier/val/Red/000003_frame000114_vT-58W_3Rb.jpg,0,Red,0,Red,0.001803910592570901,0.5,correct
000003_frame000115_uf0zbXf-Ep.jpg,/home/jgaldeano/tfm/data/datasets/classifier/val/Red/000003_frame000115_uf0zbXf-Ep.jpg,0,Red,0,Red,0.0012890736106783152,0.5,correct
000003_frame000116_HaQn4UJFTh.jpg,/home/jgaldeano/tfm/data/datasets/classifier/val/Red/000003_frame000116_HaQn4UJFTh.jpg,0,Red,0,Red,0.0007944661192595959,0.5,correct
000003_frame000117_b8Q1NUBk9j.jpg,/home/jgaldeano/tfm/data/datasets/classifier/val/Red/000003_frame000117_b8Q1NUBk9j.jpg,0,Red,0,Red,0.0002012181794270873,0.5,correct
000003_frame000117_blZexzHkZ0.jpg,/home/jgaldeano/tfm/data/datasets/classifier/val/Red/000003_frame000117_blZexzHkZ0.jpg,0,Red,0,Red,0.0009169525583274662,0.5,correct
000003_frame000118__sylaG9ZjN.jpg,/home/jgaldeano/tfm/data/datasets/classifier/val/Red/000003_frame000118__sylaG9ZjN.jpg,0,Red,0,Red,0.0002052971685770899,0.5,correct
000003_frame000118_vFbWh7pgQ3.jpg,/home/jgaldeano/tfm/data/datasets/classifier/val/Red/000003_frame000118_vFbWh7pgQ3.jpg,0,Red,0,Red,0.0010896578896790743,0.5,correct
000003_frame000119_yHE6JdziwB.jpg,/home/jgaldeano/tfm/data/datasets/classifier/val/Red/000003_frame000119_yHE6JdziwB.jpg,0,Red,0,Red,0.00016630830941721797,0.5,correct
000003_frame000120_3-bMHjDYkK.jpg,/home/jgaldeano/tfm/data/datasets/classifier/val/Red/000003_frame000120_3-bMHjDYkK.jpg,0,Red,0,Red,0.00013942878285888582,0.5,correct
000003_frame000121_9wWXdoXkIH.jpg,/home/jgaldeano/tfm/data/datasets/classifier/val/Red/000003_frame000121_9wWXdoXkIH.jpg,0,Red,0,Red,0.00020691391546279192,0.5,correct
000003_frame000123_fJnl1YS45b.jpg,/home/jgaldeano/tfm/data/datasets/classifier/val/Red/000003_frame000123_fJnl1YS45b.jpg,0,Red,0,Red,0.00020371697610244155,0.5,correct
000003_frame000124_DCp8ewNh6m.jpg,/home/jgaldeano/tfm/data/datasets/classifier/val/Red/000003_frame000124_DCp8ewNh6m.jpg,0,Red,0,Red,0.0004669397312682122,0.5,correct
000003_frame000125_QnKyhGmDiy.jpg,/home/jgaldeano/tfm/data/datasets/classifier/val/Red/000003_frame000125_QnKyhGmDiy.jpg,0,Red,0,Red,0.00032547584851272404,0.5,correct
000007_frame000004_CK9ra7x1aL.jpg,/home/jgaldeano/tfm/data/datasets/classifier/val/Red/000007_frame000004_CK9ra7x1aL.jpg,0,Red,0,Red,0.0005448265001177788,0.5,correct
000007_frame000005_xlNmGoNrlE.jpg,/home/jgaldeano/tfm/data/datasets/classifier/val/Red/000007_frame000005_xlNmGoNrlE.jpg,0,Red,0,Red,0.0005276048905216157,0.5,correct
000007_frame000006_Jzue01m1rd.jpg,/home/jgaldeano/tfm/data/datasets/classifier/val/Red/000007_frame000006_Jzue01m1rd.jpg,0,Red,0,Red,0.0004978003562428057,0.5,correct
000007_frame000007_8ep9FGsMqh.jpg,/home/jgaldeano/tfm/data/datasets/classifier/val/Red/000007_frame000007_8ep9FGsMqh.jpg,0,Red,0,Red,0.0006465929327532649,0.5,correct
000007_frame000008_YIW2Qfs6zr.jpg,/home/jgaldeano/tfm/data/datasets/classifier/val/Red/000007_frame000008_YIW2Qfs6zr.jpg,0,Red,0,Red,0.0007906107348389924,0.5,correct
000007_frame000009_T27OTzXQiE.jpg,/home/jgaldeano/tfm/data/datasets/classifier/val/Red/000007_frame000009_T27OTzXQiE.jpg,0,Red,0,Red,0.0011380304349586368,0.5,correct
000007_frame000010_vkZJEnttxY.jpg,/home/jgaldeano/tfm/data/datasets/classifier/val/Red/000007_frame000010_vkZJEnttxY.jpg,0,Red,0,Red,0.0010387240909039974,0.5,correct
000007_frame000011_gT8lHTMEC-.jpg,/home/jgaldeano/tfm/data/datasets/classifier/val/Red/000007_frame000011_gT8lHTMEC-.jpg,0,Red,0,Red,0.0013593030162155628,0.5,correct
000007_frame000012_gXptHZxwLm.jpg,/home/jgaldeano/tfm/data/datasets/classifier/val/Red/000007_frame000012_gXptHZxwLm.jpg,0,Red,0,Red,0.0009963394841179252,0.5,correct
000007_frame000013_FQ_x3vCdDF.jpg,/home/jgaldeano/tfm/data/datasets/classifier/val/Red/000007_frame000013_FQ_x3vCdDF.jpg,0,Red,0,Red,0.0011127355974167585,0.5,correct
000007_frame000014_lz0J-_-n0F.jpg,/home/jgaldeano/tfm/data/datasets/classifier/val/Red/000007_frame000014_lz0J-_-n0F.jpg,0,Red,0,Red,0.0012455253163352609,0.5,correct
000007_frame000015_Z2SzZreYc0.jpg,/home/jgaldeano/tfm/data/datasets/classifier/val/Red/000007_frame000015_Z2SzZreYc0.jpg,0,Red,0,Red,0.001442169421352446,0.5,correct
000007_frame000016_3hpl0ulXTU.jpg,/home/jgaldeano/tfm/data/datasets/classifier/val/Red/000007_frame000016_3hpl0ulXTU.jpg,0,Red,0,Red,0.0016341692535206676,0.5,correct
000007_frame000017_yMMIpSZRnI.jpg,/home/jgaldeano/tfm/data/datasets/classifier/val/Red/000007_frame000017_yMMIpSZRnI.jpg,0,Red,0,Red,0.0015140544855967164,0.5,correct
000007_frame000018_LuY872Adui.jpg,/home/jgaldeano/tfm/data/datasets/classifier/val/Red/000007_frame000018_LuY872Adui.jpg,0,Red,0,Red,0.0009137979941442609,0.5,correct
000007_frame000019_-apsaJ5qSc.jpg,/home/jgaldeano/tfm/data/datasets/classifier/val/Red/000007_frame000019_-apsaJ5qSc.jpg,0,Red,0,Red,0.0008358050836250186,0.5,correct
000007_frame000020_sUzECAO7R1.jpg,/home/jgaldeano/tfm/data/datasets/classifier/val/Red/000007_frame000020_sUzECAO7R1.jpg,0,Red,0,Red,0.0016352999955415726,0.5,correct
000007_frame000021_BRNedbCvNy.jpg,/home/jgaldeano/tfm/data/datasets/classifier/val/Red/000007_frame000021_BRNedbCvNy.jpg,0,Red,0,Red,0.001492690178565681,0.5,correct
000007_frame000022_ZYFtGMnpmU.jpg,/home/jgaldeano/tfm/data/datasets/classifier/val/Red/000007_frame000022_ZYFtGMnpmU.jpg,0,Red,0,Red,0.0017045479035004973,0.5,correct
000007_frame000023_NCN41Q4gAb.jpg,/home/jgaldeano/tfm/data/datasets/classifier/val/Red/000007_frame000023_NCN41Q4gAb.jpg,0,Red,0,Red,0.0011369739659130573,0.5,correct
000007_frame000024_IVw5BmvQzU.jpg,/home/jgaldeano/tfm/data/datasets/classifier/val/Red/000007_frame000024_IVw5BmvQzU.jpg,0,Red,0,Red,0.0011305824154987931,0.5,correct
000007_frame000025_6lVBj_yKho.jpg,/home/jgaldeano/tfm/data/datasets/classifier/val/Red/000007_frame000025_6lVBj_yKho.jpg,0,Red,0,Red,0.0009149723337031901,0.5,correct
000007_frame000026_lLGZOgksnd.jpg,/home/jgaldeano/tfm/data/datasets/classifier/val/Red/000007_frame000026_lLGZOgksnd.jpg,0,Red,0,Red,0.0013338514836505055,0.5,correct
000007_frame000027_7hGYfhXlxU.jpg,/home/jgaldeano/tfm/data/datasets/classifier/val/Red/000007_frame000027_7hGYfhXlxU.jpg,0,Red,0,Red,0.001177665893919766,0.5,correct
000007_frame000028_A8Kh6iiSng.jpg,/home/jgaldeano/tfm/data/datasets/classifier/val/Red/000007_frame000028_A8Kh6iiSng.jpg,0,Red,0,Red,0.0013281576102599502,0.5,correct
000007_frame000029_gy8WSajX6m.jpg,/home/jgaldeano/tfm/data/datasets/classifier/val/Red/000007_frame000029_gy8WSajX6m.jpg,0,Red,0,Red,0.0013032183051109314,0.5,correct
000007_frame000030_Fqjbmi_C55.jpg,/home/jgaldeano/tfm/data/datasets/classifier/val/Red/000007_frame000030_Fqjbmi_C55.jpg,0,Red,0,Red,0.0009080219897441566,0.5,correct
000007_frame000031_IcrCGEqcQd.jpg,/home/jgaldeano/tfm/data/datasets/classifier/val/Red/000007_frame000031_IcrCGEqcQd.jpg,0,Red,0,Red,0.000567161594517529,0.5,correct
000007_frame000032_91fifvBmcq.jpg,/home/jgaldeano/tfm/data/datasets/classifier/val/Red/000007_frame000032_91fifvBmcq.jpg,0,Red,0,Red,0.0009420754504390061,0.5,correct
000007_frame000033_p9CbW66MxK.jpg,/home/jgaldeano/tfm/data/datasets/classifier/val/Red/000007_frame000033_p9CbW66MxK.jpg,0,Red,0,Red,0.0011560500133782625,0.5,correct
000007_frame000034_0TvMVk7nUC.jpg,/home/jgaldeano/tfm/data/datasets/classifier/val/Red/000007_frame000034_0TvMVk7nUC.jpg,0,Red,0,Red,0.00042605469934642315,0.5,correct
000007_frame000035_5PR2Om02Jg.jpg,/home/jgaldeano/tfm/data/datasets/classifier/val/Red/000007_frame000035_5PR2Om02Jg.jpg,0,Red,0,Red,0.0006156056770123541,0.5,correct
000007_frame000037_GD1Hf3s_b5.jpg,/home/jgaldeano/tfm/data/datasets/classifier/val/Red/000007_frame000037_GD1Hf3s_b5.jpg,0,Red,0,Red,0.0006191020947881043,0.5,correct
000007_frame000038_GyOX8UiYDx.jpg,/home/jgaldeano/tfm/data/datasets/classifier/val/Red/000007_frame000038_GyOX8UiYDx.jpg,0,Red,0,Red,0.000854797544889152,0.5,correct
000007_frame000039_bhwWK49Hqn.jpg,/home/jgaldeano/tfm/data/datasets/classifier/val/Red/000007_frame000039_bhwWK49Hqn.jpg,0,Red,0,Red,0.000984717975370586,0.5,correct
000007_frame000040_Q2KvyOEyPb.jpg,/home/jgaldeano/tfm/data/datasets/classifier/val/Red/000007_frame000040_Q2KvyOEyPb.jpg,0,Red,0,Red,0.00037678368971683085,0.5,correct
000007_frame000041_W0BWHS54D8.jpg,/home/jgaldeano/tfm/data/datasets/classifier/val/Red/000007_frame000041_W0BWHS54D8.jpg,0,Red,0,Red,0.0011215711710974574,0.5,correct
000007_frame000042__GJBTlhjge.jpg,/home/jgaldeano/tfm/data/datasets/classifier/val/Red/000007_frame000042__GJBTlhjge.jpg,0,Red,0,Red,0.0017717310693114996,0.5,correct
000007_frame000043_MdRAvMvXiN.jpg,/home/jgaldeano/tfm/data/datasets/classifier/val/Red/000007_frame000043_MdRAvMvXiN.jpg,0,Red,0,Red,0.0012405826710164547,0.5,correct
000007_frame000044_g6O0C3NXKQ.jpg,/home/jgaldeano/tfm/data/datasets/classifier/val/Red/000007_frame000044_g6O0C3NXKQ.jpg,0,Red,0,Red,0.0018867411417886615,0.5,correct
000007_frame000045_9Y1aQWTBC_.jpg,/home/jgaldeano/tfm/data/datasets/classifier/val/Red/000007_frame000045_9Y1aQWTBC_.jpg,0,Red,0,Red,0.003231043927371502,0.5,correct
000007_frame000046_j9GLwPgdpD.jpg,/home/jgaldeano/tfm/data/datasets/classifier/val/Red/000007_frame000046_j9GLwPgdpD.jpg,0,Red,0,Red,0.00206889514811337,0.5,correct
000007_frame000047_kX59K9frz8.jpg,/home/jgaldeano/tfm/data/datasets/classifier/val/Red/000007_frame000047_kX59K9frz8.jpg,0,Red,0,Red,0.002344137988984585,0.5,correct
000007_frame000048_6K3L7cM6Tn.jpg,/home/jgaldeano/tfm/data/datasets/classifier/val/Red/000007_frame000048_6K3L7cM6Tn.jpg,0,Red,0,Red,0.0025851018726825714,0.5,correct
000007_frame000049_XSBgdC_Giz.jpg,/home/jgaldeano/tfm/data/datasets/classifier/val/Red/000007_frame000049_XSBgdC_Giz.jpg,0,Red,0,Red,0.002736720722168684,0.5,correct
000007_frame000050_UgxluDL3_D.jpg,/home/jgaldeano/tfm/data/datasets/classifier/val/Red/000007_frame000050_UgxluDL3_D.jpg,0,Red,0,Red,0.00406409427523613,0.5,correct
000007_frame000051_Rctrya6BM9.jpg,/home/jgaldeano/tfm/data/datasets/classifier/val/Red/000007_frame000051_Rctrya6BM9.jpg,0,Red,0,Red,0.001613997621461749,0.5,correct
000007_frame000052_2rmAC7GWcO.jpg,/home/jgaldeano/tfm/data/datasets/classifier/val/Red/000007_frame000052_2rmAC7GWcO.jpg,0,Red,0,Red,0.002102007158100605,0.5,correct
000007_frame000053_DnN4GYz4lo.jpg,/home/jgaldeano/tfm/data/datasets/classifier/val/Red/000007_frame000053_DnN4GYz4lo.jpg,0,Red,0,Red,0.0019033408025279641,0.5,correct
000007_frame000054_qrfaBBb9xc.jpg,/home/jgaldeano/tfm/data/datasets/classifier/val/Red/000007_frame000054_qrfaBBb9xc.jpg,0,Red,0,Red,0.0015892433002591133,0.5,correct
000011_frame000001_iHTLJiHKCs.jpg,/home/jgaldeano/tfm/data/datasets/classifier/val/Red/000011_frame000001_iHTLJiHKCs.jpg,0,Red,0,Red,0.00028178811771795154,0.5,correct
000011_frame000002_pDfhKVffuu.jpg,/home/jgaldeano/tfm/data/datasets/classifier/val/Red/000011_frame000002_pDfhKVffuu.jpg,0,Red,0,Red,0.0003153620345983654,0.5,correct
000011_frame000003_cueI30kB3n.jpg,/home/jgaldeano/tfm/data/datasets/classifier/val/Red/000011_frame000003_cueI30kB3n.jpg,0,Red,0,Red,0.00029405244276858866,0.5,correct
000011_frame000004_0NFytc_ehw.jpg,/home/jgaldeano/tfm/data/datasets/classifier/val/Red/000011_frame000004_0NFytc_ehw.jpg,0,Red,0,Red,0.00019268496544100344,0.5,correct
000011_frame000005_Md0W6dD9Uo.jpg,/home/jgaldeano/tfm/data/datasets/classifier/val/Red/000011_frame000005_Md0W6dD9Uo.jpg,0,Red,0,Red,0.0002400090597802773,0.5,correct
000011_frame000006_Jc-CVQ8Au3.jpg,/home/jgaldeano/tfm/data/datasets/classifier/val/Red/000011_frame000006_Jc-CVQ8Au3.jpg,0,Red,0,Red,0.0002034578355960548,0.5,correct
000011_frame000007_r1mmgpvNWX.jpg,/home/jgaldeano/tfm/data/datasets/classifier/val/Red/000011_frame000007_r1mmgpvNWX.jpg,0,Red,0,Red,0.0003572200075723231,0.5,correct
000011_frame000008_dY06kWOabG.jpg,/home/jgaldeano/tfm/data/datasets/classifier/val/Red/000011_frame000008_dY06kWOabG.jpg,0,Red,0,Red,0.000412470631999895,0.5,correct
000011_frame000009_7Lk0dFdfoz.jpg,/home/jgaldeano/tfm/data/datasets/classifier/val/Red/000011_frame000009_7Lk0dFdfoz.jpg,0,Red,0,Red,0.00021015864331275225,0.5,correct
000011_frame000010_w6Jj4yOT3F.jpg,/home/jgaldeano/tfm/data/datasets/classifier/val/Red/000011_frame000010_w6Jj4yOT3F.jpg,0,Red,0,Red,0.0004339453298598528,0.5,correct
000011_frame000011_yjmX4Kz1nZ.jpg,/home/jgaldeano/tfm/data/datasets/classifier/val/Red/000011_frame000011_yjmX4Kz1nZ.jpg,0,Red,0,Red,0.00023410501307807863,0.5,correct
000011_frame000012_t-XY0-I3NA.jpg,/home/jgaldeano/tfm/data/datasets/classifier/val/Red/000011_frame000012_t-XY0-I3NA.jpg,0,Red,0,Red,0.00033777731005102396,0.5,correct
000011_frame000013_bod-G9huU3.jpg,/home/jgaldeano/tfm/data/datasets/classifier/val/Red/000011_frame000013_bod-G9huU3.jpg,0,Red,0,Red,0.00024079412105493248,0.5,correct
000011_frame000014_35m6QTlBnI.jpg,/home/jgaldeano/tfm/data/datasets/classifier/val/Red/000011_frame000014_35m6QTlBnI.jpg,0,Red,0,Red,0.0003422495210543275,0.5,correct
000011_frame000015_QZIu9vlfOs.jpg,/home/jgaldeano/tfm/data/datasets/classifier/val/Red/000011_frame000015_QZIu9vlfOs.jpg,0,Red,0,Red,0.0004700992431025952,0.5,correct
000011_frame000016_waXCNtzSLr.jpg,/home/jgaldeano/tfm/data/datasets/classifier/val/Red/000011_frame000016_waXCNtzSLr.jpg,0,Red,0,Red,0.00039957958506420255,0.5,correct
000011_frame000017_EzPWIWXhUu.jpg,/home/jgaldeano/tfm/data/datasets/classifier/val/Red/000011_frame000017_EzPWIWXhUu.jpg,0,Red,0,Red,0.000333306408720091,0.5,correct
000011_frame000018_eAXx6uH73t.jpg,/home/jgaldeano/tfm/data/datasets/classifier/val/Red/000011_frame000018_eAXx6uH73t.jpg,0,Red,0,Red,0.0004377550503704697,0.5,correct
000011_frame000019_WJOqY5pnlv.jpg,/home/jgaldeano/tfm/data/datasets/classifier/val/Red/000011_frame000019_WJOqY5pnlv.jpg,0,Red,0,Red,0.00035679491702467203,0.5,correct
000011_frame000020_7AsBaUmD-f.jpg,/home/jgaldeano/tfm/data/datasets/classifier/val/Red/000011_frame000020_7AsBaUmD-f.jpg,0,Red,0,Red,0.000278469204204157,0.5,correct
000011_frame000021_6kHxmV2eRk.jpg,/home/jgaldeano/tfm/data/datasets/classifier/val/Red/000011_frame000021_6kHxmV2eRk.jpg,0,Red,0,Red,0.0002905985456891358,0.5,correct
000011_frame000022_l0_7V3btGt.jpg,/home/jgaldeano/tfm/data/datasets/classifier/val/Red/000011_frame000022_l0_7V3btGt.jpg,0,Red,0,Red,0.00039394403574988246,0.5,correct
000011_frame000023_2UPd1Gx_J5.jpg,/home/jgaldeano/tfm/data/datasets/classifier/val/Red/000011_frame000023_2UPd1Gx_J5.jpg,0,Red,0,Red,0.00034450471866875887,0.5,correct
000011_frame000024_EzcZnxcu1S.jpg,/home/jgaldeano/tfm/data/datasets/classifier/val/Red/000011_frame000024_EzcZnxcu1S.jpg,0,Red,0,Red,0.00032360487966798246,0.5,correct
000011_frame000025_mJeaDCYY5D.jpg,/home/jgaldeano/tfm/data/datasets/classifier/val/Red/000011_frame000025_mJeaDCYY5D.jpg,0,Red,0,Red,0.0003787160385400057,0.5,correct
000011_frame000026_2xdbvDUpTd.jpg,/home/jgaldeano/tfm/data/datasets/classifier/val/Red/000011_frame000026_2xdbvDUpTd.jpg,0,Red,0,Red,0.0003063374024350196,0.5,correct
000011_frame000027_OsOzKlDJeT.jpg,/home/jgaldeano/tfm/data/datasets/classifier/val/Red/000011_frame000027_OsOzKlDJeT.jpg,0,Red,0,Red,0.00031213663169182837,0.5,correct
000011_frame000028_j_AUK-ZVjw.jpg,/home/jgaldeano/tfm/data/datasets/classifier/val/Red/000011_frame000028_j_AUK-ZVjw.jpg,0,Red,0,Red,0.0003593344008550048,0.5,correct
000011_frame000029_lvb_iW4s4t.jpg,/home/jgaldeano/tfm/data/datasets/classifier/val/Red/000011_frame000029_lvb_iW4s4t.jpg,0,Red,0,Red,0.0003507372457534075,0.5,correct
000011_frame000030_3xEcbNcOou.jpg,/home/jgaldeano/tfm/data/datasets/classifier/val/Red/000011_frame000030_3xEcbNcOou.jpg,0,Red,0,Red,0.00032780610490590334,0.5,correct
000011_frame000031_13BWqYRvSg.jpg,/home/jgaldeano/tfm/data/datasets/classifier/val/Red/000011_frame000031_13BWqYRvSg.jpg,0,Red,0,Red,0.00031570918508805335,0.5,correct
000011_frame000032_xKw1f4TCAh.jpg,/home/jgaldeano/tfm/data/datasets/classifier/val/Red/000011_frame000032_xKw1f4TCAh.jpg,0,Red,0,Red,0.0003248022694606334,0.5,correct
000011_frame000033_a8DYa8zYHf.jpg,/home/jgaldeano/tfm/data/datasets/classifier/val/Red/000011_frame000033_a8DYa8zYHf.jpg,0,Red,0,Red,0.00022933651052881032,0.5,correct
000011_frame000034_uymO6Tv66p.jpg,/home/jgaldeano/tfm/data/datasets/classifier/val/Red/000011_frame000034_uymO6Tv66p.jpg,0,Red,0,Red,0.0003068152873311192,0.5,correct
000011_frame000035_HEtFcUSatZ.jpg,/home/jgaldeano/tfm/data/datasets/classifier/val/Red/000011_frame000035_HEtFcUSatZ.jpg,0,Red,0,Red,0.0005787466652691364,0.5,correct
000017_frame000001_sEIVqrXbsl.jpg,/home/jgaldeano/tfm/data/datasets/classifier/val/Red/000017_frame000001_sEIVqrXbsl.jpg,0,Red,0,Red,0.0004976069903932512,0.5,correct
000017_frame000002_YwE4wwS8d5.jpg,/home/jgaldeano/tfm/data/datasets/classifier/val/Red/000017_frame000002_YwE4wwS8d5.jpg,0,Red,0,Red,0.00042484363075345755,0.5,correct
000017_frame000003_mT7fLaWDv9.jpg,/home/jgaldeano/tfm/data/datasets/classifier/val/Red/000017_frame000003_mT7fLaWDv9.jpg,0,Red,0,Red,0.0005054382490925491,0.5,correct
000017_frame000004_-FXQL5WzR3.jpg,/home/jgaldeano/tfm/data/datasets/classifier/val/Red/000017_frame000004_-FXQL5WzR3.jpg,0,Red,0,Red,0.0005207232316024601,0.5,correct
000017_frame000021_fEqNBWBOdu.jpg,/home/jgaldeano/tfm/data/datasets/classifier/val/Red/000017_frame000021_fEqNBWBOdu.jpg,0,Red,0,Red,0.031085342168807983,0.5,correct
000017_frame000022_B6rbX2YASq.jpg,/home/jgaldeano/tfm/data/datasets/classifier/val/Red/000017_frame000022_B6rbX2YASq.jpg,0,Red,0,Red,0.0004943324602209032,0.5,correct
000017_frame000084_qlhLFvL4IK.jpg,/home/jgaldeano/tfm/data/datasets/classifier/val/Red/000017_frame000084_qlhLFvL4IK.jpg,0,Red,0,Red,0.0039070346392691135,0.5,correct
000017_frame000087_GVFcaOHfFx.jpg,/home/jgaldeano/tfm/data/datasets/classifier/val/Red/000017_frame000087_GVFcaOHfFx.jpg,0,Red,0,Red,0.00036136899143457413,0.5,correct
000017_frame000090_XLDMs0lXDc.jpg,/home/jgaldeano/tfm/data/datasets/classifier/val/Red/000017_frame000090_XLDMs0lXDc.jpg,0,Red,0,Red,0.00014616874977946281,0.5,correct
000017_frame000102_9rjoK65SqM.jpg,/home/jgaldeano/tfm/data/datasets/classifier/val/Red/000017_frame000102_9rjoK65SqM.jpg,0,Red,0,Red,0.00017933087656274438,0.5,correct
000017_frame000105_jMuJhm7vz6.jpg,/home/jgaldeano/tfm/data/datasets/classifier/val/Red/000017_frame000105_jMuJhm7vz6.jpg,0,Red,0,Red,0.00010174707131227478,0.5,correct
000017_frame000108_7kTu4h8B36.jpg,/home/jgaldeano/tfm/data/datasets/classifier/val/Red/000017_frame000108_7kTu4h8B36.jpg,0,Red,0,Red,0.00010902055510086939,0.5,correct
000017_frame000109_ka9Kir7yu1.jpg,/home/jgaldeano/tfm/data/datasets/classifier/val/Red/000017_frame000109_ka9Kir7yu1.jpg,0,Red,0,Red,0.0001587789156474173,0.5,correct
000017_frame000110_V8hRSJ275H.jpg,/home/jgaldeano/tfm/data/datasets/classifier/val/Red/000017_frame000110_V8hRSJ275H.jpg,0,Red,0,Red,0.00013077689800411463,0.5,correct
000017_frame000111_bwk4FTwpD3.jpg,/home/jgaldeano/tfm/data/datasets/classifier/val/Red/000017_frame000111_bwk4FTwpD3.jpg,0,Red,0,Red,0.00018042580632027239,0.5,correct
000017_frame000112_4fNn9rsFWb.jpg,/home/jgaldeano/tfm/data/datasets/classifier/val/Red/000017_frame000112_4fNn9rsFWb.jpg,0,Red,0,Red,0.0002790262224152684,0.5,correct
000023_frame000001_MO2l6DzoxU.jpg,/home/jgaldeano/tfm/data/datasets/classifier/val/Red/000023_frame000001_MO2l6DzoxU.jpg,0,Red,0,Red,0.003300972282886505,0.5,correct
000023_frame000002_dZ17XFa59S.jpg,/home/jgaldeano/tfm/data/datasets/classifier/val/Red/000023_frame000002_dZ17XFa59S.jpg,0,Red,0,Red,0.0019286880269646645,0.5,correct
000023_frame000003_kmp8m8VyOh.jpg,/home/jgaldeano/tfm/data/datasets/classifier/val/Red/000023_frame000003_kmp8m8VyOh.jpg,0,Red,0,Red,0.00391068821772933,0.5,correct
000023_frame000004_en57wQ4Ljq.jpg,/home/jgaldeano/tfm/data/datasets/classifier/val/Red/000023_frame000004_en57wQ4Ljq.jpg,0,Red,0,Red,0.0029738065786659718,0.5,correct
000023_frame000005_OwghBBudcE.jpg,/home/jgaldeano/tfm/data/datasets/classifier/val/Red/000023_frame000005_OwghBBudcE.jpg,0,Red,0,Red,0.0020130896009504795,0.5,correct
000023_frame000006_kOj8mHdL4X.jpg,/home/jgaldeano/tfm/data/datasets/classifier/val/Red/000023_frame000006_kOj8mHdL4X.jpg,0,Red,0,Red,0.001785226515494287,0.5,correct
000023_frame000007_TljPqyEf2d.jpg,/home/jgaldeano/tfm/data/datasets/classifier/val/Red/000023_frame000007_TljPqyEf2d.jpg,0,Red,0,Red,0.0018305088160559535,0.5,correct
000023_frame000008_GnnFub7ai2.jpg,/home/jgaldeano/tfm/data/datasets/classifier/val/Red/000023_frame000008_GnnFub7ai2.jpg,0,Red,0,Red,0.002197905443608761,0.5,correct
000023_frame000009_8VpjfJY_I4.jpg,/home/jgaldeano/tfm/data/datasets/classifier/val/Red/000023_frame000009_8VpjfJY_I4.jpg,0,Red,0,Red,0.0024852300994098186,0.5,correct
000023_frame000014_NRlaaysKuk.jpg,/home/jgaldeano/tfm/data/datasets/classifier/val/Red/000023_frame000014_NRlaaysKuk.jpg,0,Red,0,Red,0.0015863223234191537,0.5,correct
000023_frame000015_21k-hiHJI8.jpg,/home/jgaldeano/tfm/data/datasets/classifier/val/Red/000023_frame000015_21k-hiHJI8.jpg,0,Red,0,Red,0.0008477580267935991,0.5,correct
000023_frame000016_WKuaMK0Afa.jpg,/home/jgaldeano/tfm/data/datasets/classifier/val/Red/000023_frame000016_WKuaMK0Afa.jpg,0,Red,0,Red,0.0006838655681349337,0.5,correct
000023_frame000017_Rw8ISeyhbc.jpg,/home/jgaldeano/tfm/data/datasets/classifier/val/Red/000023_frame000017_Rw8ISeyhbc.jpg,0,Red,0,Red,0.0008425150299444795,0.5,correct
000023_frame000018__KNlSqXrw7.jpg,/home/jgaldeano/tfm/data/datasets/classifier/val/Red/000023_frame000018__KNlSqXrw7.jpg,0,Red,0,Red,0.0006078551523387432,0.5,correct
000023_frame000019_i88FTacPP2.jpg,/home/jgaldeano/tfm/data/datasets/classifier/val/Red/000023_frame000019_i88FTacPP2.jpg,0,Red,0,Red,0.0007851061527617276,0.5,correct
000023_frame000020_auOSQ3G_mr.jpg,/home/jgaldeano/tfm/data/datasets/classifier/val/Red/000023_frame000020_auOSQ3G_mr.jpg,0,Red,0,Red,0.001031763618811965,0.5,correct
000023_frame000021_6RmrlHckNB.jpg,/home/jgaldeano/tfm/data/datasets/classifier/val/Red/000023_frame000021_6RmrlHckNB.jpg,0,Red,0,Red,0.0008020114619284868,0.5,correct
000023_frame000022_yBsY7hYC2W.jpg,/home/jgaldeano/tfm/data/datasets/classifier/val/Red/000023_frame000022_yBsY7hYC2W.jpg,0,Red,0,Red,0.0008235771674662828,0.5,correct
000023_frame000023_mGVuL_tZ0n.jpg,/home/jgaldeano/tfm/data/datasets/classifier/val/Red/000023_frame000023_mGVuL_tZ0n.jpg,0,Red,0,Red,0.0005961045972071588,0.5,correct
000023_frame000024_p9Guz1Uhh1.jpg,/home/jgaldeano/tfm/data/datasets/classifier/val/Red/000023_frame000024_p9Guz1Uhh1.jpg,0,Red,0,Red,0.0005535462987609208,0.5,correct
000023_frame000025_JJBop0naih.jpg,/home/jgaldeano/tfm/data/datasets/classifier/val/Red/000023_frame000025_JJBop0naih.jpg,0,Red,0,Red,0.000780706643126905,0.5,correct
000023_frame000026_Xmj-ZNhmF2.jpg,/home/jgaldeano/tfm/data/datasets/classifier/val/Red/000023_frame000026_Xmj-ZNhmF2.jpg,0,Red,0,Red,0.0026944587007164955,0.5,correct
000023_frame000034_4blLh4MrVm.jpg,/home/jgaldeano/tfm/data/datasets/classifier/val/Red/000023_frame000034_4blLh4MrVm.jpg,0,Red,0,Red,0.0025832976680248976,0.5,correct
000023_frame000035_BKRJ7ldKVe.jpg,/home/jgaldeano/tfm/data/datasets/classifier/val/Red/000023_frame000035_BKRJ7ldKVe.jpg,0,Red,0,Red,0.004042385146021843,0.5,correct
000023_frame000036_Hjgu8qhAXi.jpg,/home/jgaldeano/tfm/data/datasets/classifier/val/Red/000023_frame000036_Hjgu8qhAXi.jpg,0,Red,0,Red,0.003439223160967231,0.5,correct
000023_frame000037_PF9l8NwB7V.jpg,/home/jgaldeano/tfm/data/datasets/classifier/val/Red/000023_frame000037_PF9l8NwB7V.jpg,0,Red,0,Red,0.003052720334380865,0.5,correct
000023_frame000038_aEts0a0cb6.jpg,/home/jgaldeano/tfm/data/datasets/classifier/val/Red/000023_frame000038_aEts0a0cb6.jpg,0,Red,0,Red,0.0022197351790964603,0.5,correct
000023_frame000039_VpORL2HpPk.jpg,/home/jgaldeano/tfm/data/datasets/classifier/val/Red/000023_frame000039_VpORL2HpPk.jpg,0,Red,0,Red,0.0018527745269238949,0.5,correct
000023_frame000040_6W0ChYRgL1.jpg,/home/jgaldeano/tfm/data/datasets/classifier/val/Red/000023_frame000040_6W0ChYRgL1.jpg,0,Red,0,Red,0.001474907505325973,0.5,correct
000023_frame000041_k81m-2YuTW.jpg,/home/jgaldeano/tfm/data/datasets/classifier/val/Red/000023_frame000041_k81m-2YuTW.jpg,0,Red,0,Red,0.0018538522999733686,0.5,correct
000023_frame000042_GqFGdv6ehE.jpg,/home/jgaldeano/tfm/data/datasets/classifier/val/Red/000023_frame000042_GqFGdv6ehE.jpg,0,Red,0,Red,0.0017870882293209434,0.5,correct
000023_frame000043_P_hTx447Eb.jpg,/home/jgaldeano/tfm/data/datasets/classifier/val/Red/000023_frame000043_P_hTx447Eb.jpg,0,Red,0,Red,0.0015247116098180413,0.5,correct
000023_frame000044_PT9433Q0Oj.jpg,/home/jgaldeano/tfm/data/datasets/classifier/val/Red/000023_frame000044_PT9433Q0Oj.jpg,0,Red,0,Red,0.001949202734977007,0.5,correct
000023_frame000045_PUohnZ89op.jpg,/home/jgaldeano/tfm/data/datasets/classifier/val/Red/000023_frame000045_PUohnZ89op.jpg,0,Red,0,Red,0.0021466275211423635,0.5,correct
000023_frame000046_108Un8zDyy.jpg,/home/jgaldeano/tfm/data/datasets/classifier/val/Red/000023_frame000046_108Un8zDyy.jpg,0,Red,0,Red,0.0025767546612769365,0.5,correct
000023_frame000046_Mj0jloZXVr.jpg,/home/jgaldeano/tfm/data/datasets/classifier/val/Red/000023_frame000046_Mj0jloZXVr.jpg,0,Red,0,Red,0.000557751685846597,0.5,correct
000023_frame000047_QQeb5CfrJJ.jpg,/home/jgaldeano/tfm/data/datasets/classifier/val/Red/000023_frame000047_QQeb5CfrJJ.jpg,0,Red,0,Red,0.001619769143871963,0.5,correct
000023_frame000048_U_b9mxll5U.jpg,/home/jgaldeano/tfm/data/datasets/classifier/val/Red/000023_frame000048_U_b9mxll5U.jpg,0,Red,0,Red,0.0029796569142490625,0.5,correct
000023_frame000049_nHTk2QAEZu.jpg,/home/jgaldeano/tfm/data/datasets/classifier/val/Red/000023_frame000049_nHTk2QAEZu.jpg,0,Red,0,Red,0.0029184529557824135,0.5,correct
000023_frame000050_tZZ1MRv8f0.jpg,/home/jgaldeano/tfm/data/datasets/classifier/val/Red/000023_frame000050_tZZ1MRv8f0.jpg,0,Red,0,Red,0.0023186278995126486,0.5,correct
000023_frame000051_MR_vol37HD.jpg,/home/jgaldeano/tfm/data/datasets/classifier/val/Red/000023_frame000051_MR_vol37HD.jpg,0,Red,0,Red,0.003906900994479656,0.5,correct
000023_frame000052_0cPuC0-jKk.jpg,/home/jgaldeano/tfm/data/datasets/classifier/val/Red/000023_frame000052_0cPuC0-jKk.jpg,0,Red,0,Red,0.003151007927954197,0.5,correct
000023_frame000053_ktTJDkV8i_.jpg,/home/jgaldeano/tfm/data/datasets/classifier/val/Red/000023_frame000053_ktTJDkV8i_.jpg,0,Red,0,Red,0.002949537243694067,0.5,correct
000023_frame000054_XQkJZ68d_a.jpg,/home/jgaldeano/tfm/data/datasets/classifier/val/Red/000023_frame000054_XQkJZ68d_a.jpg,0,Red,0,Red,0.0031330883502960205,0.5,correct
000023_frame000055_ZGWWJwxsT4.jpg,/home/jgaldeano/tfm/data/datasets/classifier/val/Red/000023_frame000055_ZGWWJwxsT4.jpg,0,Red,0,Red,0.002515914849936962,0.5,correct
000023_frame000056_bHj9lSLft-.jpg,/home/jgaldeano/tfm/data/datasets/classifier/val/Red/000023_frame000056_bHj9lSLft-.jpg,0,Red,0,Red,0.001957886852324009,0.5,correct
000023_frame000057_wxgCJFgFDR.jpg,/home/jgaldeano/tfm/data/datasets/classifier/val/Red/000023_frame000057_wxgCJFgFDR.jpg,0,Red,0,Red,0.0020149413030594587,0.5,correct
000023_frame000058_O43ROaA9MW.jpg,/home/jgaldeano/tfm/data/datasets/classifier/val/Red/000023_frame000058_O43ROaA9MW.jpg,0,Red,0,Red,0.0025181667879223824,0.5,correct
000023_frame000059_tLnhVeLdNc.jpg,/home/jgaldeano/tfm/data/datasets/classifier/val/Red/000023_frame000059_tLnhVeLdNc.jpg,0,Red,0,Red,0.0025380330625921488,0.5,correct
000023_frame000060_T2ZzLKWaeO.jpg,/home/jgaldeano/tfm/data/datasets/classifier/val/Red/000023_frame000060_T2ZzLKWaeO.jpg,0,Red,0,Red,0.0042045991867780685,0.5,correct
000023_frame000061__94GLFM9oK.jpg,/home/jgaldeano/tfm/data/datasets/classifier/val/Red/000023_frame000061__94GLFM9oK.jpg,0,Red,0,Red,0.006712243892252445,0.5,correct
000023_frame000062_UlbaWI2PuA.jpg,/home/jgaldeano/tfm/data/datasets/classifier/val/Red/000023_frame000062_UlbaWI2PuA.jpg,0,Red,0,Red,0.0008575679967179894,0.5,correct
000023_frame000063_-M5TWvnz3G.jpg,/home/jgaldeano/tfm/data/datasets/classifier/val/Red/000023_frame000063_-M5TWvnz3G.jpg,0,Red,0,Red,0.006994039285928011,0.5,correct
000023_frame000063_QFOn1IZcNG.jpg,/home/jgaldeano/tfm/data/datasets/classifier/val/Red/000023_frame000063_QFOn1IZcNG.jpg,0,Red,0,Red,0.000501901435200125,0.5,correct
000023_frame000064_THupvC_jhG.jpg,/home/jgaldeano/tfm/data/datasets/classifier/val/Red/000023_frame000064_THupvC_jhG.jpg,0,Red,0,Red,0.004060680978000164,0.5,correct
000023_frame000064_jnyonLq1h6.jpg,/home/jgaldeano/tfm/data/datasets/classifier/val/Red/000023_frame000064_jnyonLq1h6.jpg,0,Red,0,Red,0.002073390409350395,0.5,correct
000023_frame000140_IusBPUwWPD.jpg,/home/jgaldeano/tfm/data/datasets/classifier/val/Red/000023_frame000140_IusBPUwWPD.jpg,0,Red,0,Red,0.000169719394762069,0.5,correct
000027_frame000001_oLFkp6LpoX.jpg,/home/jgaldeano/tfm/data/datasets/classifier/val/Red/000027_frame000001_oLFkp6LpoX.jpg,0,Red,0,Red,0.0005087312893010676,0.5,correct
000027_frame000002_UJTjaSmEZK.jpg,/home/jgaldeano/tfm/data/datasets/classifier/val/Red/000027_frame000002_UJTjaSmEZK.jpg,0,Red,0,Red,0.0003416090039536357,0.5,correct
000027_frame000003__CV9F0PCll.jpg,/home/jgaldeano/tfm/data/datasets/classifier/val/Red/000027_frame000003__CV9F0PCll.jpg,0,Red,0,Red,0.0004344904446043074,0.5,correct
000027_frame000004_5wHpNq9I53.jpg,/home/jgaldeano/tfm/data/datasets/classifier/val/Red/000027_frame000004_5wHpNq9I53.jpg,0,Red,0,Red,0.00034014013363048434,0.5,correct
000027_frame000005_qvORpFTOU0.jpg,/home/jgaldeano/tfm/data/datasets/classifier/val/Red/000027_frame000005_qvORpFTOU0.jpg,0,Red,0,Red,0.0003919554583262652,0.5,correct
000027_frame000006_2osSjC2Dps.jpg,/home/jgaldeano/tfm/data/datasets/classifier/val/Red/000027_frame000006_2osSjC2Dps.jpg,0,Red,0,Red,0.0003115233266726136,0.5,correct
000027_frame000007_PaPHoEHQdH.jpg,/home/jgaldeano/tfm/data/datasets/classifier/val/Red/000027_frame000007_PaPHoEHQdH.jpg,0,Red,0,Red,0.00031547481194138527,0.5,correct
000027_frame000008_4XA2Mm_4SM.jpg,/home/jgaldeano/tfm/data/datasets/classifier/val/Red/000027_frame000008_4XA2Mm_4SM.jpg,0,Red,0,Red,0.00021064773318357766,0.5,correct
000027_frame000009_IvtL4LsHjR.jpg,/home/jgaldeano/tfm/data/datasets/classifier/val/Red/000027_frame000009_IvtL4LsHjR.jpg,0,Red,0,Red,0.00025428799563087523,0.5,correct
000027_frame000010_qRGm53YwrG.jpg,/home/jgaldeano/tfm/data/datasets/classifier/val/Red/000027_frame000010_qRGm53YwrG.jpg,0,Red,0,Red,0.00027505194884724915,0.5,correct
000027_frame000011_quxZ7AgQqs.jpg,/home/jgaldeano/tfm/data/datasets/classifier/val/Red/000027_frame000011_quxZ7AgQqs.jpg,0,Red,0,Red,0.00023236646666191518,0.5,correct
000027_frame000012_kCYd2YLZeX.jpg,/home/jgaldeano/tfm/data/datasets/classifier/val/Red/000027_frame000012_kCYd2YLZeX.jpg,0,Red,0,Red,0.0001991977624129504,0.5,correct
000027_frame000013_4rDYaasOQk.jpg,/home/jgaldeano/tfm/data/datasets/classifier/val/Red/000027_frame000013_4rDYaasOQk.jpg,0,Red,0,Red,0.00033592720865271986,0.5,correct
000027_frame000014_Mgj75OmzH_.jpg,/home/jgaldeano/tfm/data/datasets/classifier/val/Red/000027_frame000014_Mgj75OmzH_.jpg,0,Red,0,Red,0.0001694285310804844,0.5,correct
000027_frame000015_xd5J4V8dN_.jpg,/home/jgaldeano/tfm/data/datasets/classifier/val/Red/000027_frame000015_xd5J4V8dN_.jpg,0,Red,0,Red,0.0002876482903957367,0.5,correct
000027_frame000016_0usRx2uqdN.jpg,/home/jgaldeano/tfm/data/datasets/classifier/val/Red/000027_frame000016_0usRx2uqdN.jpg,0,Red,0,Red,0.00044093377073295414,0.5,correct
000027_frame000017__ABhj1gxp0.jpg,/home/jgaldeano/tfm/data/datasets/classifier/val/Red/000027_frame000017__ABhj1gxp0.jpg,0,Red,0,Red,0.00037767732283100486,0.5,correct
000027_frame000018_e-3K7Ffhl2.jpg,/home/jgaldeano/tfm/data/datasets/classifier/val/Red/000027_frame000018_e-3K7Ffhl2.jpg,0,Red,0,Red,0.0004111523739993572,0.5,correct
000027_frame000019_CzIlh7nU8z.jpg,/home/jgaldeano/tfm/data/datasets/classifier/val/Red/000027_frame000019_CzIlh7nU8z.jpg,0,Red,0,Red,0.00046787585597485304,0.5,correct
000027_frame000020_3QHfmH6K-Q.jpg,/home/jgaldeano/tfm/data/datasets/classifier/val/Red/000027_frame000020_3QHfmH6K-Q.jpg,0,Red,0,Red,0.00039778510108590126,0.5,correct
000027_frame000021_R8B7pBryIL.jpg,/home/jgaldeano/tfm/data/datasets/classifier/val/Red/000027_frame000021_R8B7pBryIL.jpg,0,Red,0,Red,0.00047727025230415165,0.5,correct
000027_frame000022_T3nJoKJDlF.jpg,/home/jgaldeano/tfm/data/datasets/classifier/val/Red/000027_frame000022_T3nJoKJDlF.jpg,0,Red,0,Red,0.0004675156087614596,0.5,correct
000027_frame000023_mb_Vu-FMfV.jpg,/home/jgaldeano/tfm/data/datasets/classifier/val/Red/000027_frame000023_mb_Vu-FMfV.jpg,0,Red,0,Red,0.0003266443673055619,0.5,correct
000027_frame000029_8F5NPk7yb2.jpg,/home/jgaldeano/tfm/data/datasets/classifier/val/Red/000027_frame000029_8F5NPk7yb2.jpg,0,Red,0,Red,0.0005584799218922853,0.5,correct
000027_frame000030_zXVTwGZXkc.jpg,/home/jgaldeano/tfm/data/datasets/classifier/val/Red/000027_frame000030_zXVTwGZXkc.jpg,0,Red,0,Red,0.0005227771471254528,0.5,correct
000027_frame000031_NzAdrvaE_q.jpg,/home/jgaldeano/tfm/data/datasets/classifier/val/Red/000027_frame000031_NzAdrvaE_q.jpg,0,Red,0,Red,0.0006221347721293569,0.5,correct
000027_frame000032_PGtgRTQIyq.jpg,/home/jgaldeano/tfm/data/datasets/classifier/val/Red/000027_frame000032_PGtgRTQIyq.jpg,0,Red,0,Red,0.00040413308306597173,0.5,correct
000027_frame000033_RGB1319AKH.jpg,/home/jgaldeano/tfm/data/datasets/classifier/val/Red/000027_frame000033_RGB1319AKH.jpg,0,Red,0,Red,0.00078003661474213,0.5,correct
000027_frame000034_Ojil4OsMDJ.jpg,/home/jgaldeano/tfm/data/datasets/classifier/val/Red/000027_frame000034_Ojil4OsMDJ.jpg,0,Red,0,Red,0.0006472310633398592,0.5,correct
000027_frame000035_dFBlYXwk-c.jpg,/home/jgaldeano/tfm/data/datasets/classifier/val/Red/000027_frame000035_dFBlYXwk-c.jpg,0,Red,0,Red,0.0006079119630157948,0.5,correct
000027_frame000036_tqqgIAXPup.jpg,/home/jgaldeano/tfm/data/datasets/classifier/val/Red/000027_frame000036_tqqgIAXPup.jpg,0,Red,0,Red,0.0008625855552963912,0.5,correct
000027_frame000037_AjMywnqwaD.jpg,/home/jgaldeano/tfm/data/datasets/classifier/val/Red/000027_frame000037_AjMywnqwaD.jpg,0,Red,0,Red,0.0007926271064206958,0.5,correct
000027_frame000038_kMdkux1W9B.jpg,/home/jgaldeano/tfm/data/datasets/classifier/val/Red/000027_frame000038_kMdkux1W9B.jpg,0,Red,0,Red,0.0007135548512451351,0.5,correct
000027_frame000039_C6NberJxtE.jpg,/home/jgaldeano/tfm/data/datasets/classifier/val/Red/000027_frame000039_C6NberJxtE.jpg,0,Red,0,Red,0.0010274534579366446,0.5,correct
000027_frame000040__Q-WDasgIF.jpg,/home/jgaldeano/tfm/data/datasets/classifier/val/Red/000027_frame000040__Q-WDasgIF.jpg,0,Red,0,Red,0.0007187914452515543,0.5,correct
000027_frame000041_V0YHuc-Psd.jpg,/home/jgaldeano/tfm/data/datasets/classifier/val/Red/000027_frame000041_V0YHuc-Psd.jpg,0,Red,0,Red,0.0006078258738853037,0.5,correct
000027_frame000042_rAjXrnORr0.jpg,/home/jgaldeano/tfm/data/datasets/classifier/val/Red/000027_frame000042_rAjXrnORr0.jpg,0,Red,0,Red,0.0006992335547693074,0.5,correct
000027_frame000043_LPNJnAzjbZ.jpg,/home/jgaldeano/tfm/data/datasets/classifier/val/Red/000027_frame000043_LPNJnAzjbZ.jpg,0,Red,0,Red,0.0007367900107055902,0.5,correct
000027_frame000044_e_TKfKeKn5.jpg,/home/jgaldeano/tfm/data/datasets/classifier/val/Red/000027_frame000044_e_TKfKeKn5.jpg,0,Red,0,Red,0.0011288519017398357,0.5,correct
000027_frame000045_j4UHHN4QXO.jpg,/home/jgaldeano/tfm/data/datasets/classifier/val/Red/000027_frame000045_j4UHHN4QXO.jpg,0,Red,0,Red,0.000738934613764286,0.5,correct
000027_frame000046_Sr6g4Gs5iJ.jpg,/home/jgaldeano/tfm/data/datasets/classifier/val/Red/000027_frame000046_Sr6g4Gs5iJ.jpg,0,Red,0,Red,0.0012912448728457093,0.5,correct
000027_frame000047_dpwe-8CNSV.jpg,/home/jgaldeano/tfm/data/datasets/classifier/val/Red/000027_frame000047_dpwe-8CNSV.jpg,0,Red,0,Red,0.0006419435376301408,0.5,correct
000027_frame000048_WlxaCskCXL.jpg,/home/jgaldeano/tfm/data/datasets/classifier/val/Red/000027_frame000048_WlxaCskCXL.jpg,0,Red,0,Red,0.00096987618599087,0.5,correct
000027_frame000049_VV7bzc354v.jpg,/home/jgaldeano/tfm/data/datasets/classifier/val/Red/000027_frame000049_VV7bzc354v.jpg,0,Red,0,Red,0.0011918230447918177,0.5,correct
000027_frame000050_UA4GqJRPWy.jpg,/home/jgaldeano/tfm/data/datasets/classifier/val/Red/000027_frame000050_UA4GqJRPWy.jpg,0,Red,0,Red,0.0011195061961188912,0.5,correct
000027_frame000051_5OaPH4oftl.jpg,/home/jgaldeano/tfm/data/datasets/classifier/val/Red/000027_frame000051_5OaPH4oftl.jpg,0,Red,0,Red,0.0008152712834998965,0.5,correct
000027_frame000052_nz-6UHUHhp.jpg,/home/jgaldeano/tfm/data/datasets/classifier/val/Red/000027_frame000052_nz-6UHUHhp.jpg,0,Red,0,Red,0.0006707623833790421,0.5,correct
000027_frame000053_RBjX8p0LR0.jpg,/home/jgaldeano/tfm/data/datasets/classifier/val/Red/000027_frame000053_RBjX8p0LR0.jpg,0,Red,0,Red,0.0008547506295144558,0.5,correct
000027_frame000054_U8TQdwZo6n.jpg,/home/jgaldeano/tfm/data/datasets/classifier/val/Red/000027_frame000054_U8TQdwZo6n.jpg,0,Red,0,Red,0.00069902726681903,0.5,correct
000027_frame000055_kYTw8yHEhq.jpg,/home/jgaldeano/tfm/data/datasets/classifier/val/Red/000027_frame000055_kYTw8yHEhq.jpg,0,Red,0,Red,0.001080803107470274,0.5,correct
000027_frame000056_Pci26TMZ8S.jpg,/home/jgaldeano/tfm/data/datasets/classifier/val/Red/000027_frame000056_Pci26TMZ8S.jpg,0,Red,0,Red,0.0011951039778068662,0.5,correct
000027_frame000057_mZShFWrJzD.jpg,/home/jgaldeano/tfm/data/datasets/classifier/val/Red/000027_frame000057_mZShFWrJzD.jpg,0,Red,0,Red,0.001063149655237794,0.5,correct
000027_frame000058__xxBqNw835.jpg,/home/jgaldeano/tfm/data/datasets/classifier/val/Red/000027_frame000058__xxBqNw835.jpg,0,Red,0,Red,0.0009529645903967321,0.5,correct
000027_frame000059_iunIsIq5eF.jpg,/home/jgaldeano/tfm/data/datasets/classifier/val/Red/000027_frame000059_iunIsIq5eF.jpg,0,Red,0,Red,0.0015885774046182632,0.5,correct
000027_frame000060_4V6FmvzM4P.jpg,/home/jgaldeano/tfm/data/datasets/classifier/val/Red/000027_frame000060_4V6FmvzM4P.jpg,0,Red,0,Red,0.0010347048519179225,0.5,correct
000027_frame000061_-Xd4dGvspy.jpg,/home/jgaldeano/tfm/data/datasets/classifier/val/Red/000027_frame000061_-Xd4dGvspy.jpg,0,Red,0,Red,0.0008102518040686846,0.5,correct
000027_frame000062_3O5dWxgJF3.jpg,/home/jgaldeano/tfm/data/datasets/classifier/val/Red/000027_frame000062_3O5dWxgJF3.jpg,0,Red,0,Red,0.0015111493412405252,0.5,correct
000027_frame000063_xqKqy9nKxj.jpg,/home/jgaldeano/tfm/data/datasets/classifier/val/Red/000027_frame000063_xqKqy9nKxj.jpg,0,Red,0,Red,0.0011419039219617844,0.5,correct
000027_frame000064_SG14zpciRj.jpg,/home/jgaldeano/tfm/data/datasets/classifier/val/Red/000027_frame000064_SG14zpciRj.jpg,0,Red,0,Red,0.0008164785685949028,0.5,correct
000027_frame000065_dQIQ9pV1Lc.jpg,/home/jgaldeano/tfm/data/datasets/classifier/val/Red/000027_frame000065_dQIQ9pV1Lc.jpg,0,Red,0,Red,0.0006444719037972391,0.5,correct
000027_frame000066__4IpFvfIx2.jpg,/home/jgaldeano/tfm/data/datasets/classifier/val/Red/000027_frame000066__4IpFvfIx2.jpg,0,Red,0,Red,0.0007473663426935673,0.5,correct
000027_frame000067_h3I63EO2JO.jpg,/home/jgaldeano/tfm/data/datasets/classifier/val/Red/000027_frame000067_h3I63EO2JO.jpg,0,Red,0,Red,0.0008919018437154591,0.5,correct
000031_frame000001_CucFlxb4r1.jpg,/home/jgaldeano/tfm/data/datasets/classifier/val/Red/000031_frame000001_CucFlxb4r1.jpg,0,Red,0,Red,0.006562791299074888,0.5,correct
000031_frame000001_ePU-39N0gq.jpg,/home/jgaldeano/tfm/data/datasets/classifier/val/Red/000031_frame000001_ePU-39N0gq.jpg,0,Red,0,Red,0.0005306314560584724,0.5,correct
000031_frame000002_EpmFiJyoo9.jpg,/home/jgaldeano/tfm/data/datasets/classifier/val/Red/000031_frame000002_EpmFiJyoo9.jpg,0,Red,0,Red,0.0024102667812258005,0.5,correct
000031_frame000002_XTW5iOJ1re.jpg,/home/jgaldeano/tfm/data/datasets/classifier/val/Red/000031_frame000002_XTW5iOJ1re.jpg,0,Red,0,Red,0.00013464772200677544,0.5,correct
000031_frame000002_cFKeK8ml8J.jpg,/home/jgaldeano/tfm/data/datasets/classifier/val/Red/000031_frame000002_cFKeK8ml8J.jpg,0,Red,0,Red,0.00037955783773213625,0.5,correct
000031_frame000003_B-U1MfBETZ.jpg,/home/jgaldeano/tfm/data/datasets/classifier/val/Red/000031_frame000003_B-U1MfBETZ.jpg,0,Red,0,Red,0.0027930096257478,0.5,correct
000031_frame000003_yTwtEnoCPx.jpg,/home/jgaldeano/tfm/data/datasets/classifier/val/Red/000031_frame000003_yTwtEnoCPx.jpg,0,Red,0,Red,0.00013959933130536228,0.5,correct
000031_frame000003_zCX10UwMnZ.jpg,/home/jgaldeano/tfm/data/datasets/classifier/val/Red/000031_frame000003_zCX10UwMnZ.jpg,0,Red,0,Red,0.000300751649774611,0.5,correct
000031_frame000004_2r4rbMKIvg.jpg,/home/jgaldeano/tfm/data/datasets/classifier/val/Red/000031_frame000004_2r4rbMKIvg.jpg,0,Red,0,Red,0.006429128814488649,0.5,correct
000031_frame000004_tyDcNo53mK.jpg,/home/jgaldeano/tfm/data/datasets/classifier/val/Red/000031_frame000004_tyDcNo53mK.jpg,0,Red,0,Red,0.00011973254004260525,0.5,correct
000031_frame000006_WEjvxujqcR.jpg,/home/jgaldeano/tfm/data/datasets/classifier/val/Red/000031_frame000006_WEjvxujqcR.jpg,0,Red,0,Red,0.003205769695341587,0.5,correct
000031_frame000006_eglwJutqKB.jpg,/home/jgaldeano/tfm/data/datasets/classifier/val/Red/000031_frame000006_eglwJutqKB.jpg,0,Red,0,Red,0.00015306680870708078,0.5,correct
000031_frame000007_3fst1rjtt3.jpg,/home/jgaldeano/tfm/data/datasets/classifier/val/Red/000031_frame000007_3fst1rjtt3.jpg,0,Red,0,Red,0.00014306670345831662,0.5,correct
000031_frame000007_eEjPxQDBsz.jpg,/home/jgaldeano/tfm/data/datasets/classifier/val/Red/000031_frame000007_eEjPxQDBsz.jpg,0,Red,0,Red,0.003618971211835742,0.5,correct
000031_frame000008_jRhLdAE3VO.jpg,/home/jgaldeano/tfm/data/datasets/classifier/val/Red/000031_frame000008_jRhLdAE3VO.jpg,0,Red,0,Red,0.00022032865672372282,0.5,correct
000031_frame000009_4QQOy9IUQM.jpg,/home/jgaldeano/tfm/data/datasets/classifier/val/Red/000031_frame000009_4QQOy9IUQM.jpg,0,Red,0,Red,0.00015975722635630518,0.5,correct
000031_frame000009_gbfLND9ff8.jpg,/home/jgaldeano/tfm/data/datasets/classifier/val/Red/000031_frame000009_gbfLND9ff8.jpg,0,Red,0,Red,9.385367593495175e-05,0.5,correct
000031_frame000009_rAI7F_z0l6.jpg,/home/jgaldeano/tfm/data/datasets/classifier/val/Red/000031_frame000009_rAI7F_z0l6.jpg,0,Red,0,Red,0.002330467104911804,0.5,correct
000031_frame000010_ZhqHRmI4Ns.jpg,/home/jgaldeano/tfm/data/datasets/classifier/val/Red/000031_frame000010_ZhqHRmI4Ns.jpg,0,Red,0,Red,0.00011606523185037076,0.5,correct
000031_frame000010_oruBaAPJse.jpg,/home/jgaldeano/tfm/data/datasets/classifier/val/Red/000031_frame000010_oruBaAPJse.jpg,0,Red,0,Red,0.004818708170205355,0.5,correct
000031_frame000011_T6GWbRXlDE.jpg,/home/jgaldeano/tfm/data/datasets/classifier/val/Red/000031_frame000011_T6GWbRXlDE.jpg,0,Red,0,Red,9.453704115003347e-05,0.5,correct
000031_frame000011_jLWnrbhwLt.jpg,/home/jgaldeano/tfm/data/datasets/classifier/val/Red/000031_frame000011_jLWnrbhwLt.jpg,0,Red,0,Red,0.0001750121300574392,0.5,correct
000031_frame000011_wTt7EqWo8x.jpg,/home/jgaldeano/tfm/data/datasets/classifier/val/Red/000031_frame000011_wTt7EqWo8x.jpg,0,Red,0,Red,0.00317068537697196,0.5,correct
000031_frame000012_Bzy3UTXG_N.jpg,/home/jgaldeano/tfm/data/datasets/classifier/val/Red/000031_frame000012_Bzy3UTXG_N.jpg,0,Red,0,Red,0.00011297090532025322,0.5,correct
000031_frame000012_Ll9LuoeuNS.jpg,/home/jgaldeano/tfm/data/datasets/classifier/val/Red/000031_frame000012_Ll9LuoeuNS.jpg,0,Red,0,Red,0.0036143932957202196,0.5,correct
000031_frame000012_d5yOI1-S9t.jpg,/home/jgaldeano/tfm/data/datasets/classifier/val/Red/000031_frame000012_d5yOI1-S9t.jpg,0,Red,0,Red,0.00010215246584266424,0.5,correct
000031_frame000013_3BGrp9n1io.jpg,/home/jgaldeano/tfm/data/datasets/classifier/val/Red/000031_frame000013_3BGrp9n1io.jpg,0,Red,0,Red,0.004526669159531593,0.5,correct
000031_frame000013_yONm7y6jkd.jpg,/home/jgaldeano/tfm/data/datasets/classifier/val/Red/000031_frame000013_yONm7y6jkd.jpg,0,Red,0,Red,0.0001434275764040649,0.5,correct
000031_frame000014_YnZJUa-OUk.jpg,/home/jgaldeano/tfm/data/datasets/classifier/val/Red/000031_frame000014_YnZJUa-OUk.jpg,0,Red,0,Red,0.000154680892592296,0.5,correct
000031_frame000014_pLPE2AQEHv.jpg,/home/jgaldeano/tfm/data/datasets/classifier/val/Red/000031_frame000014_pLPE2AQEHv.jpg,0,Red,0,Red,0.002922168467193842,0.5,correct
000031_frame000015_kNhINfpuPK.jpg,/home/jgaldeano/tfm/data/datasets/classifier/val/Red/000031_frame000015_kNhINfpuPK.jpg,0,Red,0,Red,0.002973834751173854,0.5,correct
000031_frame000016_3Z35Pfda4U.jpg,/home/jgaldeano/tfm/data/datasets/classifier/val/Red/000031_frame000016_3Z35Pfda4U.jpg,0,Red,0,Red,0.0001638593676034361,0.5,correct
000031_frame000016_9nyeBAYIe0.jpg,/home/jgaldeano/tfm/data/datasets/classifier/val/Red/000031_frame000016_9nyeBAYIe0.jpg,0,Red,0,Red,0.004603120498359203,0.5,correct
000031_frame000017_4SEcxtGxcy.jpg,/home/jgaldeano/tfm/data/datasets/classifier/val/Red/000031_frame000017_4SEcxtGxcy.jpg,0,Red,0,Red,0.0002092648355755955,0.5,correct
000031_frame000017_DqINrt1wFT.jpg,/home/jgaldeano/tfm/data/datasets/classifier/val/Red/000031_frame000017_DqINrt1wFT.jpg,0,Red,0,Red,0.0024567260406911373,0.5,correct
000031_frame000018_9ahBaw10fg.jpg,/home/jgaldeano/tfm/data/datasets/classifier/val/Red/000031_frame000018_9ahBaw10fg.jpg,0,Red,0,Red,0.000256815372267738,0.5,correct
000031_frame000018_UGO4QSfg6A.jpg,/home/jgaldeano/tfm/data/datasets/classifier/val/Red/000031_frame000018_UGO4QSfg6A.jpg,0,Red,0,Red,0.0018798895180225372,0.5,correct
000031_frame000019_FJDnPK3dN9.jpg,/home/jgaldeano/tfm/data/datasets/classifier/val/Red/000031_frame000019_FJDnPK3dN9.jpg,0,Red,0,Red,0.003111490746960044,0.5,correct
000031_frame000019_YWuyhChLy1.jpg,/home/jgaldeano/tfm/data/datasets/classifier/val/Red/000031_frame000019_YWuyhChLy1.jpg,0,Red,0,Red,0.00023164355661720037,0.5,correct
000031_frame000020_RW5MP0Eeu1.jpg,/home/jgaldeano/tfm/data/datasets/classifier/val/Red/000031_frame000020_RW5MP0Eeu1.jpg,0,Red,0,Red,0.00017288184608332813,0.5,correct
000031_frame000020_zxkQAR-45i.jpg,/home/jgaldeano/tfm/data/datasets/classifier/val/Red/000031_frame000020_zxkQAR-45i.jpg,0,Red,0,Red,0.006349535658955574,0.5,correct
000031_frame000021_7Uu-xbIqAd.jpg,/home/jgaldeano/tfm/data/datasets/classifier/val/Red/000031_frame000021_7Uu-xbIqAd.jpg,0,Red,0,Red,0.004248517099767923,0.5,correct
000031_frame000021_QkqVyA0cPP.jpg,/home/jgaldeano/tfm/data/datasets/classifier/val/Red/000031_frame000021_QkqVyA0cPP.jpg,0,Red,0,Red,0.00021457509137690067,0.5,correct
000031_frame000022_Bzkv-z62Nk.jpg,/home/jgaldeano/tfm/data/datasets/classifier/val/Red/000031_frame000022_Bzkv-z62Nk.jpg,0,Red,0,Red,0.0002627548819873482,0.5,correct
000031_frame000022_X_xXd43bLw.jpg,/home/jgaldeano/tfm/data/datasets/classifier/val/Red/000031_frame000022_X_xXd43bLw.jpg,0,Red,0,Red,0.008042551577091217,0.5,correct
000031_frame000023_4Wp719_iCg.jpg,/home/jgaldeano/tfm/data/datasets/classifier/val/Red/000031_frame000023_4Wp719_iCg.jpg,0,Red,0,Red,0.0011227544164285064,0.5,correct
000031_frame000023_4leezSBTsF.jpg,/home/jgaldeano/tfm/data/datasets/classifier/val/Red/000031_frame000023_4leezSBTsF.jpg,0,Red,0,Red,0.00012174464063718915,0.5,correct
000031_frame000023_yh0Hl4qrdp.jpg,/home/jgaldeano/tfm/data/datasets/classifier/val/Red/000031_frame000023_yh0Hl4qrdp.jpg,0,Red,0,Red,0.00025313126388937235,0.5,correct
000031_frame000024_27iljF1pu6.jpg,/home/jgaldeano/tfm/data/datasets/classifier/val/Red/000031_frame000024_27iljF1pu6.jpg,0,Red,0,Red,0.00029113070922903717,0.5,correct
000031_frame000024_EWU0GGTC8B.jpg,/home/jgaldeano/tfm/data/datasets/classifier/val/Red/000031_frame000024_EWU0GGTC8B.jpg,0,Red,0,Red,0.0022431614343076944,0.5,correct
000031_frame000024_no5DPzHGfq.jpg,/home/jgaldeano/tfm/data/datasets/classifier/val/Red/000031_frame000024_no5DPzHGfq.jpg,0,Red,0,Red,0.0002443781413603574,0.5,correct
000031_frame000025_JVe1VMFcCj.jpg,/home/jgaldeano/tfm/data/datasets/classifier/val/Red/000031_frame000025_JVe1VMFcCj.jpg,0,Red,0,Red,0.000681425619404763,0.5,correct
000031_frame000025_jgI88KpmsE.jpg,/home/jgaldeano/tfm/data/datasets/classifier/val/Red/000031_frame000025_jgI88KpmsE.jpg,0,Red,0,Red,0.006042353343218565,0.5,correct
000031_frame000026_OqaEIiQ-JO.jpg,/home/jgaldeano/tfm/data/datasets/classifier/val/Red/000031_frame000026_OqaEIiQ-JO.jpg,0,Red,0,Red,0.00032674806425347924,0.5,correct
000031_frame000026_s71rm640cG.jpg,/home/jgaldeano/tfm/data/datasets/classifier/val/Red/000031_frame000026_s71rm640cG.jpg,0,Red,0,Red,0.0009429034544155002,0.5,correct
000031_frame000026_wVj0SNBwxn.jpg,/home/jgaldeano/tfm/data/datasets/classifier/val/Red/000031_frame000026_wVj0SNBwxn.jpg,0,Red,0,Red,0.0001072277154889889,0.5,correct
000031_frame000027_WLj5hWB2bJ.jpg,/home/jgaldeano/tfm/data/datasets/classifier/val/Red/000031_frame000027_WLj5hWB2bJ.jpg,0,Red,0,Red,0.0005629287916235626,0.5,correct
000031_frame000027_ggj9MErp8f.jpg,/home/jgaldeano/tfm/data/datasets/classifier/val/Red/000031_frame000027_ggj9MErp8f.jpg,0,Red,0,Red,0.013404729776084423,0.5,correct
000031_frame000028_10zFK_X11u.jpg,/home/jgaldeano/tfm/data/datasets/classifier/val/Red/000031_frame000028_10zFK_X11u.jpg,0,Red,0,Red,0.0007238407270051539,0.5,correct
000031_frame000028_Ms6ImFbKlf.jpg,/home/jgaldeano/tfm/data/datasets/classifier/val/Red/000031_frame000028_Ms6ImFbKlf.jpg,0,Red,0,Red,0.00014770742563996464,0.5,correct
000031_frame000028_x61dFlk8T5.jpg,/home/jgaldeano/tfm/data/datasets/classifier/val/Red/000031_frame000028_x61dFlk8T5.jpg,0,Red,0,Red,0.0003887913189828396,0.5,correct
000031_frame000029_GAfql3WhFt.jpg,/home/jgaldeano/tfm/data/datasets/classifier/val/Red/000031_frame000029_GAfql3WhFt.jpg,0,Red,0,Red,0.00024115623091347516,0.5,correct
000031_frame000029_Sgc6QsJMRl.jpg,/home/jgaldeano/tfm/data/datasets/classifier/val/Red/000031_frame000029_Sgc6QsJMRl.jpg,0,Red,0,Red,0.003521573729813099,0.5,correct
000031_frame000030_F1cZZCpBS-.jpg,/home/jgaldeano/tfm/data/datasets/classifier/val/Red/000031_frame000030_F1cZZCpBS-.jpg,0,Red,0,Red,0.0004851726698689163,0.5,correct
000031_frame000030_WqVUgDz63c.jpg,/home/jgaldeano/tfm/data/datasets/classifier/val/Red/000031_frame000030_WqVUgDz63c.jpg,0,Red,0,Red,0.0005060167168267071,0.5,correct
000031_frame000030__w9GCZ70No.jpg,/home/jgaldeano/tfm/data/datasets/classifier/val/Red/000031_frame000030__w9GCZ70No.jpg,0,Red,0,Red,9.798983228392899e-05,0.5,correct
000031_frame000115_Gmu6meCHGk.jpg,/home/jgaldeano/tfm/data/datasets/classifier/val/Red/000031_frame000115_Gmu6meCHGk.jpg,0,Red,0,Red,0.00011197904677828774,0.5,correct
000031_frame000118_lMmPCf2n0B.jpg,/home/jgaldeano/tfm/data/datasets/classifier/val/Red/000031_frame000118_lMmPCf2n0B.jpg,0,Red,0,Red,7.933124288683757e-05,0.5,correct
