filename,filepath,true_label,true_class,predicted_label,predicted_class,probability_green,threshold,error_type
000002_frame000001_tdWqnzsoW5.jpg,/home/jgaldeano/tfm/data/datasets/classifier/val/Green/000002_frame000001_tdWqnzsoW5.jpg,1,Green,1,Green,0.9999643564224243,0.5,correct
000002_frame000002_gAfLmaPpQX.jpg,/home/jgaldeano/tfm/data/datasets/classifier/val/Green/000002_frame000002_gAfLmaPpQX.jpg,1,Green,1,Green,0.9999805688858032,0.5,correct
000002_frame000003_rYdAr2L_qh.jpg,/home/jgaldeano/tfm/data/datasets/classifier/val/Green/000002_frame000003_rYdAr2L_qh.jpg,1,Green,1,Green,0.999893307685852,0.5,correct
000002_frame000004_T-MZ98wc_M.jpg,/home/jgaldeano/tfm/data/datasets/classifier/val/Green/000002_frame000004_T-MZ98wc_M.jpg,1,Green,1,Green,0.9999779462814331,0.5,correct
000002_frame000005_k2-TrHuyer.jpg,/home/jgaldeano/tfm/data/datasets/classifier/val/Green/000002_frame000005_k2-TrHuyer.jpg,1,Green,1,Green,0.9999804496765137,0.5,correct
000002_frame000006_AiR1Q_kmch.jpg,/home/jgaldeano/tfm/data/datasets/classifier/val/Green/000002_frame000006_AiR1Q_kmch.jpg,1,Green,1,Green,0.9998438358306885,0.5,correct
000002_frame000007_6F1c076I1p.jpg,/home/jgaldeano/tfm/data/datasets/classifier/val/Green/000002_frame000007_6F1c076I1p.jpg,1,Green,1,Green,0.9999828338623047,0.5,correct
000002_frame000008_Ba_FpjplFD.jpg,/home/jgaldeano/tfm/data/datasets/classifier/val/Green/000002_frame000008_Ba_FpjplFD.jpg,1,Green,1,Green,0.9999788999557495,0.5,correct
000002_frame000009_jrb0iChe6j.jpg,/home/jgaldeano/tfm/data/datasets/classifier/val/Green/000002_frame000009_jrb0iChe6j.jpg,1,Green,1,Green,0.9999496936798096,0.5,correct
000002_frame000010_3A5GvvTu4u.jpg,/home/jgaldeano/tfm/data/datasets/classifier/val/Green/000002_frame000010_3A5GvvTu4u.jpg,1,Green,1,Green,0.9999830722808838,0.5,correct
000002_frame000011_uS8Zd30_Rf.jpg,/home/jgaldeano/tfm/data/datasets/classifier/val/Green/000002_frame000011_uS8Zd30_Rf.jpg,1,Green,1,Green,0.9999738931655884,0.5,correct
000002_frame000012_7P287AyYye.jpg,/home/jgaldeano/tfm/data/datasets/classifier/val/Green/000002_frame000012_7P287AyYye.jpg,1,Green,1,Green,0.999967098236084,0.5,correct
000002_frame000013_iXdKrYxnOM.jpg,/home/jgaldeano/tfm/data/datasets/classifier/val/Green/000002_frame000013_iXdKrYxnOM.jpg,1,Green,1,Green,0.9999675750732422,0.5,correct
000002_frame000014_ShLZ9e4GXQ.jpg,/home/jgaldeano/tfm/data/datasets/classifier/val/Green/000002_frame000014_ShLZ9e4GXQ.jpg,1,Green,1,Green,0.9999676942825317,0.5,correct
000002_frame000015_06tqMH4q9c.jpg,/home/jgaldeano/tfm/data/datasets/classifier/val/Green/000002_frame000015_06tqMH4q9c.jpg,1,Green,1,Green,0.9998286962509155,0.5,correct
000002_frame000016_3PAbq97yK5.jpg,/home/jgaldeano/tfm/data/datasets/classifier/val/Green/000002_frame000016_3PAbq97yK5.jpg,1,Green,1,Green,0.9999340772628784,0.5,correct
000002_frame000017_As7YNI7J1j.jpg,/home/jgaldeano/tfm/data/datasets/classifier/val/Green/000002_frame000017_As7YNI7J1j.jpg,1,Green,1,Green,0.9999064207077026,0.5,correct
000002_frame000018_5NpnvdG3J5.jpg,/home/jgaldeano/tfm/data/datasets/classifier/val/Green/000002_frame000018_5NpnvdG3J5.jpg,1,Green,1,Green,0.9998323917388916,0.5,correct
000002_frame000019__ydTqMqr3l.jpg,/home/jgaldeano/tfm/data/datasets/classifier/val/Green/000002_frame000019__ydTqMqr3l.jpg,1,Green,1,Green,0.9998635053634644,0.5,correct
000002_frame000020_HM3d4lUXlY.jpg,/home/jgaldeano/tfm/data/datasets/classifier/val/Green/000002_frame000020_HM3d4lUXlY.jpg,1,Green,1,Green,0.9997473359107971,0.5,correct
000002_frame000021_zX9ZenSdbD.jpg,/home/jgaldeano/tfm/data/datasets/classifier/val/Green/000002_frame000021_zX9ZenSdbD.jpg,1,Green,1,Green,0.9990911483764648,0.5,correct
000002_frame000022_-TZ1xAX6VQ.jpg,/home/jgaldeano/tfm/data/datasets/classifier/val/Green/000002_frame000022_-TZ1xAX6VQ.jpg,1,Green,1,Green,0.9995778203010559,0.5,correct
000002_frame000023_LpS6K8cHb7.jpg,/home/jgaldeano/tfm/data/datasets/classifier/val/Green/000002_frame000023_LpS6K8cHb7.jpg,1,Green,1,Green,0.9985892176628113,0.5,correct
000002_frame000024_3jNCnLIvws.jpg,/home/jgaldeano/tfm/data/datasets/classifier/val/Green/000002_frame000024_3jNCnLIvws.jpg,1,Green,1,Green,0.9891568422317505,0.5,correct
000002_frame000025_oGOp46p8To.jpg,/home/jgaldeano/tfm/data/datasets/classifier/val/Green/000002_frame000025_oGOp46p8To.jpg,1,Green,1,Green,0.9998021721839905,0.5,correct
000010_frame000001_hteyST-d2O.jpg,/home/jgaldeano/tfm/data/datasets/classifier/val/Green/000010_frame000001_hteyST-d2O.jpg,1,Green,1,Green,0.9999997615814209,0.5,correct
000010_frame000002_PHnQnjljm4.jpg,/home/jgaldeano/tfm/data/datasets/classifier/val/Green/000010_frame000002_PHnQnjljm4.jpg,1,Green,1,Green,0.9999998807907104,0.5,correct
000010_frame000003_YncH3punvh.jpg,/home/jgaldeano/tfm/data/datasets/classifier/val/Green/000010_frame000003_YncH3punvh.jpg,1,Green,1,Green,0.9999996423721313,0.5,correct
000010_frame000004_yB5CZpgDgO.jpg,/home/jgaldeano/tfm/data/datasets/classifier/val/Green/000010_frame000004_yB5CZpgDgO.jpg,1,Green,1,Green,0.9999997615814209,0.5,correct
000010_frame000005_v8cWDwiUUS.jpg,/home/jgaldeano/tfm/data/datasets/classifier/val/Green/000010_frame000005_v8cWDwiUUS.jpg,1,Green,1,Green,0.9999995231628418,0.5,correct
000010_frame000006_VrS-5S9MdR.jpg,/home/jgaldeano/tfm/data/datasets/classifier/val/Green/000010_frame000006_VrS-5S9MdR.jpg,1,Green,1,Green,0.9999997615814209,0.5,correct
000010_frame000007_n6Drua_7e6.jpg,/home/jgaldeano/tfm/data/datasets/classifier/val/Green/000010_frame000007_n6Drua_7e6.jpg,1,Green,1,Green,0.9999997615814209,0.5,correct
000010_frame000008_bT8CE-Nmbv.jpg,/home/jgaldeano/tfm/data/datasets/classifier/val/Green/000010_frame000008_bT8CE-Nmbv.jpg,1,Green,1,Green,0.9999998807907104,0.5,correct
000010_frame000009_Gg2a_tLRcH.jpg,/home/jgaldeano/tfm/data/datasets/classifier/val/Green/000010_frame000009_Gg2a_tLRcH.jpg,1,Green,1,Green,1.0,0.5,correct
000010_frame000010_5ZdAM9bIOW.jpg,/home/jgaldeano/tfm/data/datasets/classifier/val/Green/000010_frame000010_5ZdAM9bIOW.jpg,1,Green,1,Green,0.9999998807907104,0.5,correct
000010_frame000011_MNjbEL_tuD.jpg,/home/jgaldeano/tfm/data/datasets/classifier/val/Green/000010_frame000011_MNjbEL_tuD.jpg,1,Green,1,Green,0.9999997615814209,0.5,correct
000010_frame000012_cLLlkdqja5.jpg,/home/jgaldeano/tfm/data/datasets/classifier/val/Green/000010_frame000012_cLLlkdqja5.jpg,1,Green,1,Green,0.9999996423721313,0.5,correct
000010_frame000013_yZ7YSCGKbh.jpg,/home/jgaldeano/tfm/data/datasets/classifier/val/Green/000010_frame000013_yZ7YSCGKbh.jpg,1,Green,1,Green,0.9999998807907104,0.5,correct
000010_frame000014_UjP-vUazUx.jpg,/home/jgaldeano/tfm/data/datasets/classifier/val/Green/000010_frame000014_UjP-vUazUx.jpg,1,Green,1,Green,0.9999995231628418,0.5,correct
000010_frame000015_HaZsQm_g6L.jpg,/home/jgaldeano/tfm/data/datasets/classifier/val/Green/000010_frame000015_HaZsQm_g6L.jpg,1,Green,1,Green,0.9999996423721313,0.5,correct
000010_frame000016_CS_F1oQxm5.jpg,/home/jgaldeano/tfm/data/datasets/classifier/val/Green/000010_frame000016_CS_F1oQxm5.jpg,1,Green,1,Green,0.9999995231628418,0.5,correct
000010_frame000017_T_HWcO4QwJ.jpg,/home/jgaldeano/tfm/data/datasets/classifier/val/Green/000010_frame000017_T_HWcO4QwJ.jpg,1,Green,1,Green,0.9999995231628418,0.5,correct
000010_frame000018_5_szMiCL62.jpg,/home/jgaldeano/tfm/data/datasets/classifier/val/Green/000010_frame000018_5_szMiCL62.jpg,1,Green,1,Green,0.9999997615814209,0.5,correct
000010_frame000019_4XSu7JovLr.jpg,/home/jgaldeano/tfm/data/datasets/classifier/val/Green/000010_frame000019_4XSu7JovLr.jpg,1,Green,1,Green,0.9999994039535522,0.5,correct
000010_frame000020_w0bv2-oYpa.jpg,/home/jgaldeano/tfm/data/datasets/classifier/val/Green/000010_frame000020_w0bv2-oYpa.jpg,1,Green,1,Green,0.9999997615814209,0.5,correct
000010_frame000021_AH8IaA2or2.jpg,/home/jgaldeano/tfm/data/datasets/classifier/val/Green/000010_frame000021_AH8IaA2or2.jpg,1,Green,1,Green,0.9999995231628418,0.5,correct
000010_frame000022_SurNAqnjnD.jpg,/home/jgaldeano/tfm/data/datasets/classifier/val/Green/000010_frame000022_SurNAqnjnD.jpg,1,Green,1,Green,0.9999992847442627,0.5,correct
000010_frame000023_nRfQoA7iir.jpg,/home/jgaldeano/tfm/data/datasets/classifier/val/Green/000010_frame000023_nRfQoA7iir.jpg,1,Green,1,Green,0.9999997615814209,0.5,correct
000010_frame000024_5qk018dbUu.jpg,/home/jgaldeano/tfm/data/datasets/classifier/val/Green/000010_frame000024_5qk018dbUu.jpg,1,Green,1,Green,0.9999997615814209,0.5,correct
000010_frame000025_EzTjdwP5tR.jpg,/home/jgaldeano/tfm/data/datasets/classifier/val/Green/000010_frame000025_EzTjdwP5tR.jpg,1,Green,1,Green,0.9999990463256836,0.5,correct
000010_frame000026_CMsn2mHqDG.jpg,/home/jgaldeano/tfm/data/datasets/classifier/val/Green/000010_frame000026_CMsn2mHqDG.jpg,1,Green,1,Green,0.9999996423721313,0.5,correct
000010_frame000027_polN36xPnn.jpg,/home/jgaldeano/tfm/data/datasets/classifier/val/Green/000010_frame000027_polN36xPnn.jpg,1,Green,1,Green,0.9999996423721313,0.5,correct
000010_frame000028_zGKX_9WV3j.jpg,/home/jgaldeano/tfm/data/datasets/classifier/val/Green/000010_frame000028_zGKX_9WV3j.jpg,1,Green,1,Green,0.9999997615814209,0.5,correct
000010_frame000029_JJ4-gWC1Rs.jpg,/home/jgaldeano/tfm/data/datasets/classifier/val/Green/000010_frame000029_JJ4-gWC1Rs.jpg,1,Green,1,Green,0.9999996423721313,0.5,correct
000010_frame000030_EufOhhadFq.jpg,/home/jgaldeano/tfm/data/datasets/classifier/val/Green/000010_frame000030_EufOhhadFq.jpg,1,Green,1,Green,0.9999992847442627,0.5,correct
000010_frame000031_MjTXQ30lE6.jpg,/home/jgaldeano/tfm/data/datasets/classifier/val/Green/000010_frame000031_MjTXQ30lE6.jpg,1,Green,1,Green,0.9999997615814209,0.5,correct
000010_frame000032_EvdrbZQ5lE.jpg,/home/jgaldeano/tfm/data/datasets/classifier/val/Green/000010_frame000032_EvdrbZQ5lE.jpg,1,Green,1,Green,0.9999996423721313,0.5,correct
000010_frame000033_QySnD8wht-.jpg,/home/jgaldeano/tfm/data/datasets/classifier/val/Green/000010_frame000033_QySnD8wht-.jpg,1,Green,1,Green,0.9999997615814209,0.5,correct
000010_frame000034_e9IT9Gw42n.jpg,/home/jgaldeano/tfm/data/datasets/classifier/val/Green/000010_frame000034_e9IT9Gw42n.jpg,1,Green,1,Green,0.9999997615814209,0.5,correct
000010_frame000035_w4_QwoFehk.jpg,/home/jgaldeano/tfm/data/datasets/classifier/val/Green/000010_frame000035_w4_QwoFehk.jpg,1,Green,1,Green,0.9999996423721313,0.5,correct
000010_frame000036_aY-oSJFaDf.jpg,/home/jgaldeano/tfm/data/datasets/classifier/val/Green/000010_frame000036_aY-oSJFaDf.jpg,1,Green,1,Green,0.9999996423721313,0.5,correct
000010_frame000037_w2q3wwfDP7.jpg,/home/jgaldeano/tfm/data/datasets/classifier/val/Green/000010_frame000037_w2q3wwfDP7.jpg,1,Green,1,Green,0.9999988079071045,0.5,correct
000010_frame000038_eYEb7ov4yW.jpg,/home/jgaldeano/tfm/data/datasets/classifier/val/Green/000010_frame000038_eYEb7ov4yW.jpg,1,Green,1,Green,0.9999990463256836,0.5,correct
000010_frame000039_oKVNmAhtio.jpg,/home/jgaldeano/tfm/data/datasets/classifier/val/Green/000010_frame000039_oKVNmAhtio.jpg,1,Green,1,Green,0.9999990463256836,0.5,correct
000010_frame000040_C7uJyjrFAF.jpg,/home/jgaldeano/tfm/data/datasets/classifier/val/Green/000010_frame000040_C7uJyjrFAF.jpg,1,Green,1,Green,0.9999994039535522,0.5,correct
000010_frame000041_CBbUDLiJZB.jpg,/home/jgaldeano/tfm/data/datasets/classifier/val/Green/000010_frame000041_CBbUDLiJZB.jpg,1,Green,1,Green,0.9999994039535522,0.5,correct
000010_frame000042_Bo93OkEFXO.jpg,/home/jgaldeano/tfm/data/datasets/classifier/val/Green/000010_frame000042_Bo93OkEFXO.jpg,1,Green,1,Green,0.9999994039535522,0.5,correct
000010_frame000043_h9WReIfnDF.jpg,/home/jgaldeano/tfm/data/datasets/classifier/val/Green/000010_frame000043_h9WReIfnDF.jpg,1,Green,1,Green,0.999998927116394,0.5,correct
000010_frame000044_NQC0ZSxR2t.jpg,/home/jgaldeano/tfm/data/datasets/classifier/val/Green/000010_frame000044_NQC0ZSxR2t.jpg,1,Green,1,Green,0.9999992847442627,0.5,correct
000010_frame000045_C-_AOzC7kv.jpg,/home/jgaldeano/tfm/data/datasets/classifier/val/Green/000010_frame000045_C-_AOzC7kv.jpg,1,Green,1,Green,0.9999988079071045,0.5,correct
000010_frame000046_s2NIGyLlZZ.jpg,/home/jgaldeano/tfm/data/datasets/classifier/val/Green/000010_frame000046_s2NIGyLlZZ.jpg,1,Green,1,Green,0.9999979734420776,0.5,correct
000010_frame000047_rouIQhGCFB.jpg,/home/jgaldeano/tfm/data/datasets/classifier/val/Green/000010_frame000047_rouIQhGCFB.jpg,1,Green,1,Green,0.999995231628418,0.5,correct
000010_frame000048_qSl_8oklq_.jpg,/home/jgaldeano/tfm/data/datasets/classifier/val/Green/000010_frame000048_qSl_8oklq_.jpg,1,Green,1,Green,0.9999954700469971,0.5,correct
000010_frame000050_Q1IGHT21sz.jpg,/home/jgaldeano/tfm/data/datasets/classifier/val/Green/000010_frame000050_Q1IGHT21sz.jpg,1,Green,1,Green,0.9999939203262329,0.5,correct
000010_frame000051_CCCwk3amzU.jpg,/home/jgaldeano/tfm/data/datasets/classifier/val/Green/000010_frame000051_CCCwk3amzU.jpg,1,Green,1,Green,0.9999849796295166,0.5,correct
000012_frame000001_ZRKcpXL3jD.jpg,/home/jgaldeano/tfm/data/datasets/classifier/val/Green/000012_frame000001_ZRKcpXL3jD.jpg,1,Green,1,Green,0.9791891574859619,0.5,correct
000012_frame000002_bqrl5I0j4u.jpg,/home/jgaldeano/tfm/data/datasets/classifier/val/Green/000012_frame000002_bqrl5I0j4u.jpg,1,Green,1,Green,0.9964653253555298,0.5,correct
000012_frame000003_8SsD5hfEtm.jpg,/home/jgaldeano/tfm/data/datasets/classifier/val/Green/000012_frame000003_8SsD5hfEtm.jpg,1,Green,1,Green,0.9961879849433899,0.5,correct
000012_frame000004_u8M_KVXWNx.jpg,/home/jgaldeano/tfm/data/datasets/classifier/val/Green/000012_frame000004_u8M_KVXWNx.jpg,1,Green,1,Green,0.9968351721763611,0.5,correct
000012_frame000005_cSka3-2k8J.jpg,/home/jgaldeano/tfm/data/datasets/classifier/val/Green/000012_frame000005_cSka3-2k8J.jpg,1,Green,1,Green,0.9988723397254944,0.5,correct
000012_frame000006_fYOKKItgX5.jpg,/home/jgaldeano/tfm/data/datasets/classifier/val/Green/000012_frame000006_fYOKKItgX5.jpg,1,Green,1,Green,0.9979704022407532,0.5,correct
000012_frame000008_2kwVAvj0WU.jpg,/home/jgaldeano/tfm/data/datasets/classifier/val/Green/000012_frame000008_2kwVAvj0WU.jpg,1,Green,1,Green,0.9982941746711731,0.5,correct
000012_frame000010_ZI_5mr7_0g.jpg,/home/jgaldeano/tfm/data/datasets/classifier/val/Green/000012_frame000010_ZI_5mr7_0g.jpg,1,Green,1,Green,0.9986091256141663,0.5,correct
000012_frame000011_lBmrGjsKUq.jpg,/home/jgaldeano/tfm/data/datasets/classifier/val/Green/000012_frame000011_lBmrGjsKUq.jpg,1,Green,1,Green,0.9866857528686523,0.5,correct
000012_frame000012_JXZVnqDG1w.jpg,/home/jgaldeano/tfm/data/datasets/classifier/val/Green/000012_frame000012_JXZVnqDG1w.jpg,1,Green,1,Green,0.9190998673439026,0.5,correct
000021_frame000062_BFV_-r6HQd.jpg,/home/jgaldeano/tfm/data/datasets/classifier/val/Green/000021_frame000062_BFV_-r6HQd.jpg,1,Green,1,Green,1.0,0.5,correct
000021_frame000062_WNqeQ0FWKj.jpg,/home/jgaldeano/tfm/data/datasets/classifier/val/Green/000021_frame000062_WNqeQ0FWKj.jpg,1,Green,1,Green,1.0,0.5,correct
000021_frame000063_3Xr0L8XxSz.jpg,/home/jgaldeano/tfm/data/datasets/classifier/val/Green/000021_frame000063_3Xr0L8XxSz.jpg,1,Green,1,Green,1.0,0.5,correct
000021_frame000063_b4LF5bjtKd.jpg,/home/jgaldeano/tfm/data/datasets/classifier/val/Green/000021_frame000063_b4LF5bjtKd.jpg,1,Green,1,Green,1.0,0.5,correct
000021_frame000064_cv94gKC5c7.jpg,/home/jgaldeano/tfm/data/datasets/classifier/val/Green/000021_frame000064_cv94gKC5c7.jpg,1,Green,1,Green,1.0,0.5,correct
000021_frame000064_weMSwAHV0L.jpg,/home/jgaldeano/tfm/data/datasets/classifier/val/Green/000021_frame000064_weMSwAHV0L.jpg,1,Green,1,Green,1.0,0.5,correct
000021_frame000065_6Rq0vUr-T5.jpg,/home/jgaldeano/tfm/data/datasets/classifier/val/Green/000021_frame000065_6Rq0vUr-T5.jpg,1,Green,1,Green,1.0,0.5,correct
000021_frame000065_QnWFNHxCGp.jpg,/home/jgaldeano/tfm/data/datasets/classifier/val/Green/000021_frame000065_QnWFNHxCGp.jpg,1,Green,1,Green,0.9999998807907104,0.5,correct
000021_frame000066_0lWjTT1ADG.jpg,/home/jgaldeano/tfm/data/datasets/classifier/val/Green/000021_frame000066_0lWjTT1ADG.jpg,1,Green,1,Green,1.0,0.5,correct
000021_frame000066_uiZA0MAKrj.jpg,/home/jgaldeano/tfm/data/datasets/classifier/val/Green/000021_frame000066_uiZA0MAKrj.jpg,1,Green,1,Green,1.0,0.5,correct
000021_frame000067_lmCozIQa8I.jpg,/home/jgaldeano/tfm/data/datasets/classifier/val/Green/000021_frame000067_lmCozIQa8I.jpg,1,Green,1,Green,1.0,0.5,correct
000021_frame000067_slzHDwiygA.jpg,/home/jgaldeano/tfm/data/datasets/classifier/val/Green/000021_frame000067_slzHDwiygA.jpg,1,Green,1,Green,1.0,0.5,correct
000021_frame000068_7er0IAJ6ZB.jpg,/home/jgaldeano/tfm/data/datasets/classifier/val/Green/000021_frame000068_7er0IAJ6ZB.jpg,1,Green,1,Green,1.0,0.5,correct
000021_frame000068_DkhI3j514O.jpg,/home/jgaldeano/tfm/data/datasets/classifier/val/Green/000021_frame000068_DkhI3j514O.jpg,1,Green,1,Green,1.0,0.5,correct
000021_frame000069_Hfpdk_K2ql.jpg,/home/jgaldeano/tfm/data/datasets/classifier/val/Green/000021_frame000069_Hfpdk_K2ql.jpg,1,Green,1,Green,1.0,0.5,correct
000021_frame000069_wqQnQgX-28.jpg,/home/jgaldeano/tfm/data/datasets/classifier/val/Green/000021_frame000069_wqQnQgX-28.jpg,1,Green,1,Green,1.0,0.5,correct
000021_frame000070_2O9x_sFeaG.jpg,/home/jgaldeano/tfm/data/datasets/classifier/val/Green/000021_frame000070_2O9x_sFeaG.jpg,1,Green,1,Green,1.0,0.5,correct
000021_frame000070_c3aYgfXBye.jpg,/home/jgaldeano/tfm/data/datasets/classifier/val/Green/000021_frame000070_c3aYgfXBye.jpg,1,Green,1,Green,1.0,0.5,correct
000021_frame000071_YDQluwZi4x.jpg,/home/jgaldeano/tfm/data/datasets/classifier/val/Green/000021_frame000071_YDQluwZi4x.jpg,1,Green,1,Green,1.0,0.5,correct
000021_frame000071_py2hyPMnlQ.jpg,/home/jgaldeano/tfm/data/datasets/classifier/val/Green/000021_frame000071_py2hyPMnlQ.jpg,1,Green,1,Green,1.0,0.5,correct
000021_frame000072_F42oGX65BT.jpg,/home/jgaldeano/tfm/data/datasets/classifier/val/Green/000021_frame000072_F42oGX65BT.jpg,1,Green,1,Green,1.0,0.5,correct
000021_frame000072_HqmC1r9aw0.jpg,/home/jgaldeano/tfm/data/datasets/classifier/val/Green/000021_frame000072_HqmC1r9aw0.jpg,1,Green,1,Green,1.0,0.5,correct
000021_frame000072_nmPzFqJik8.jpg,/home/jgaldeano/tfm/data/datasets/classifier/val/Green/000021_frame000072_nmPzFqJik8.jpg,1,Green,1,Green,1.0,0.5,correct
000021_frame000073_6KHJNPcEPk.jpg,/home/jgaldeano/tfm/data/datasets/classifier/val/Green/000021_frame000073_6KHJNPcEPk.jpg,1,Green,1,Green,1.0,0.5,correct
000021_frame000073_xZk4gAVRoD.jpg,/home/jgaldeano/tfm/data/datasets/classifier/val/Green/000021_frame000073_xZk4gAVRoD.jpg,1,Green,1,Green,1.0,0.5,correct
000021_frame000074_Ot9d_7h6s7.jpg,/home/jgaldeano/tfm/data/datasets/classifier/val/Green/000021_frame000074_Ot9d_7h6s7.jpg,1,Green,1,Green,1.0,0.5,correct
000021_frame000074_uqHDZfLVDT.jpg,/home/jgaldeano/tfm/data/datasets/classifier/val/Green/000021_frame000074_uqHDZfLVDT.jpg,1,Green,1,Green,1.0,0.5,correct
000021_frame000075__FxJCBq9r6.jpg,/home/jgaldeano/tfm/data/datasets/classifier/val/Green/000021_frame000075__FxJCBq9r6.jpg,1,Green,1,Green,1.0,0.5,correct
000021_frame000075_o8Z8RDmXMa.jpg,/home/jgaldeano/tfm/data/datasets/classifier/val/Green/000021_frame000075_o8Z8RDmXMa.jpg,1,Green,1,Green,1.0,0.5,correct
000021_frame000076_mwvIH7_jPM.jpg,/home/jgaldeano/tfm/data/datasets/classifier/val/Green/000021_frame000076_mwvIH7_jPM.jpg,1,Green,1,Green,1.0,0.5,correct
000021_frame000076_z0rCJs0mJX.jpg,/home/jgaldeano/tfm/data/datasets/classifier/val/Green/000021_frame000076_z0rCJs0mJX.jpg,1,Green,1,Green,1.0,0.5,correct
000021_frame000077_K8NHW0Zxa0.jpg,/home/jgaldeano/tfm/data/datasets/classifier/val/Green/000021_frame000077_K8NHW0Zxa0.jpg,1,Green,1,Green,1.0,0.5,correct
000021_frame000077_u0OHUQz1B1.jpg,/home/jgaldeano/tfm/data/datasets/classifier/val/Green/000021_frame000077_u0OHUQz1B1.jpg,1,Green,1,Green,1.0,0.5,correct
000021_frame000078_FM-IxYlGr5.jpg,/home/jgaldeano/tfm/data/datasets/classifier/val/Green/000021_frame000078_FM-IxYlGr5.jpg,1,Green,1,Green,1.0,0.5,correct
000021_frame000078_pyZE1q5HgF.jpg,/home/jgaldeano/tfm/data/datasets/classifier/val/Green/000021_frame000078_pyZE1q5HgF.jpg,1,Green,1,Green,1.0,0.5,correct
000021_frame000079_Ho3hVCpQQJ.jpg,/home/jgaldeano/tfm/data/datasets/classifier/val/Green/000021_frame000079_Ho3hVCpQQJ.jpg,1,Green,1,Green,1.0,0.5,correct
000021_frame000079_fgbO6lidp_.jpg,/home/jgaldeano/tfm/data/datasets/classifier/val/Green/000021_frame000079_fgbO6lidp_.jpg,1,Green,1,Green,1.0,0.5,correct
000021_frame000079_hFw42ou3u7.jpg,/home/jgaldeano/tfm/data/datasets/classifier/val/Green/000021_frame000079_hFw42ou3u7.jpg,1,Green,1,Green,1.0,0.5,correct
000021_frame000080_5cNFaOZ9h-.jpg,/home/jgaldeano/tfm/data/datasets/classifier/val/Green/000021_frame000080_5cNFaOZ9h-.jpg,1,Green,1,Green,1.0,0.5,correct
000021_frame000080_ngIoAX5ygR.jpg,/home/jgaldeano/tfm/data/datasets/classifier/val/Green/000021_frame000080_ngIoAX5ygR.jpg,1,Green,1,Green,1.0,0.5,correct
000021_frame000080_njbVKdJP7j.jpg,/home/jgaldeano/tfm/data/datasets/classifier/val/Green/000021_frame000080_njbVKdJP7j.jpg,1,Green,1,Green,1.0,0.5,correct
000021_frame000081_-yyFsMDI31.jpg,/home/jgaldeano/tfm/data/datasets/classifier/val/Green/000021_frame000081_-yyFsMDI31.jpg,1,Green,1,Green,1.0,0.5,correct
000021_frame000081_BvVe2FKkw1.jpg,/home/jgaldeano/tfm/data/datasets/classifier/val/Green/000021_frame000081_BvVe2FKkw1.jpg,1,Green,1,Green,1.0,0.5,correct
000021_frame000081_eLz4_C_8q5.jpg,/home/jgaldeano/tfm/data/datasets/classifier/val/Green/000021_frame000081_eLz4_C_8q5.jpg,1,Green,1,Green,1.0,0.5,correct
000021_frame000082_Ln7vzWVUrf.jpg,/home/jgaldeano/tfm/data/datasets/classifier/val/Green/000021_frame000082_Ln7vzWVUrf.jpg,1,Green,1,Green,1.0,0.5,correct
000021_frame000082_c-z0K91c3b.jpg,/home/jgaldeano/tfm/data/datasets/classifier/val/Green/000021_frame000082_c-z0K91c3b.jpg,1,Green,1,Green,1.0,0.5,correct
000021_frame000082_gCTyk9tdYG.jpg,/home/jgaldeano/tfm/data/datasets/classifier/val/Green/000021_frame000082_gCTyk9tdYG.jpg,1,Green,1,Green,1.0,0.5,correct
000021_frame000083_7067cw6SiV.jpg,/home/jgaldeano/tfm/data/datasets/classifier/val/Green/000021_frame000083_7067cw6SiV.jpg,1,Green,1,Green,1.0,0.5,correct
000021_frame000083_gOodWm08kJ.jpg,/home/jgaldeano/tfm/data/datasets/classifier/val/Green/000021_frame000083_gOodWm08kJ.jpg,1,Green,1,Green,1.0,0.5,correct
000021_frame000083_y9zaq4gxZQ.jpg,/home/jgaldeano/tfm/data/datasets/classifier/val/Green/000021_frame000083_y9zaq4gxZQ.jpg,1,Green,1,Green,1.0,0.5,correct
000021_frame000084_rGPRUe40Hq.jpg,/home/jgaldeano/tfm/data/datasets/classifier/val/Green/000021_frame000084_rGPRUe40Hq.jpg,1,Green,1,Green,1.0,0.5,correct
000021_frame000084_x-sK9l1KuG.jpg,/home/jgaldeano/tfm/data/datasets/classifier/val/Green/000021_frame000084_x-sK9l1KuG.jpg,1,Green,1,Green,1.0,0.5,correct
000021_frame000085_1HhXt961ek.jpg,/home/jgaldeano/tfm/data/datasets/classifier/val/Green/000021_frame000085_1HhXt961ek.jpg,1,Green,1,Green,1.0,0.5,correct
000021_frame000085_gENeG2-Buk.jpg,/home/jgaldeano/tfm/data/datasets/classifier/val/Green/000021_frame000085_gENeG2-Buk.jpg,1,Green,1,Green,1.0,0.5,correct
000021_frame000085_knZISnjoO4.jpg,/home/jgaldeano/tfm/data/datasets/classifier/val/Green/000021_frame000085_knZISnjoO4.jpg,1,Green,1,Green,1.0,0.5,correct
000021_frame000086_JuG04KBrl_.jpg,/home/jgaldeano/tfm/data/datasets/classifier/val/Green/000021_frame000086_JuG04KBrl_.jpg,1,Green,1,Green,1.0,0.5,correct
000021_frame000086_QIHYiBQgpK.jpg,/home/jgaldeano/tfm/data/datasets/classifier/val/Green/000021_frame000086_QIHYiBQgpK.jpg,1,Green,1,Green,1.0,0.5,correct
000021_frame000086_qBNeQUZRDr.jpg,/home/jgaldeano/tfm/data/datasets/classifier/val/Green/000021_frame000086_qBNeQUZRDr.jpg,1,Green,1,Green,1.0,0.5,correct
000021_frame000087_MFIVH4z8Hp.jpg,/home/jgaldeano/tfm/data/datasets/classifier/val/Green/000021_frame000087_MFIVH4z8Hp.jpg,1,Green,1,Green,1.0,0.5,correct
000021_frame000087_VBDL0X5CDu.jpg,/home/jgaldeano/tfm/data/datasets/classifier/val/Green/000021_frame000087_VBDL0X5CDu.jpg,1,Green,1,Green,1.0,0.5,correct
000021_frame000087_a67st-dJBk.jpg,/home/jgaldeano/tfm/data/datasets/classifier/val/Green/000021_frame000087_a67st-dJBk.jpg,1,Green,1,Green,1.0,0.5,correct
000021_frame000088_Gj451jqAUa.jpg,/home/jgaldeano/tfm/data/datasets/classifier/val/Green/000021_frame000088_Gj451jqAUa.jpg,1,Green,1,Green,1.0,0.5,correct
000021_frame000088_RL7LX_UIyD.jpg,/home/jgaldeano/tfm/data/datasets/classifier/val/Green/000021_frame000088_RL7LX_UIyD.jpg,1,Green,1,Green,1.0,0.5,correct
000021_frame000088_XfUwmi-0RM.jpg,/home/jgaldeano/tfm/data/datasets/classifier/val/Green/000021_frame000088_XfUwmi-0RM.jpg,1,Green,1,Green,1.0,0.5,correct
000021_frame000089_c1prBnjxKk.jpg,/home/jgaldeano/tfm/data/datasets/classifier/val/Green/000021_frame000089_c1prBnjxKk.jpg,1,Green,1,Green,1.0,0.5,correct
000021_frame000089_hEt2xGQZpW.jpg,/home/jgaldeano/tfm/data/datasets/classifier/val/Green/000021_frame000089_hEt2xGQZpW.jpg,1,Green,1,Green,1.0,0.5,correct
000021_frame000089_tLqAR7JUDA.jpg,/home/jgaldeano/tfm/data/datasets/classifier/val/Green/000021_frame000089_tLqAR7JUDA.jpg,1,Green,1,Green,1.0,0.5,correct
000021_frame000090_3mkhedjfFN.jpg,/home/jgaldeano/tfm/data/datasets/classifier/val/Green/000021_frame000090_3mkhedjfFN.jpg,1,Green,1,Green,1.0,0.5,correct
000021_frame000091_tjK75kFir7.jpg,/home/jgaldeano/tfm/data/datasets/classifier/val/Green/000021_frame000091_tjK75kFir7.jpg,1,Green,1,Green,1.0,0.5,correct
000021_frame000092_-Nc4eZOAgM.jpg,/home/jgaldeano/tfm/data/datasets/classifier/val/Green/000021_frame000092_-Nc4eZOAgM.jpg,1,Green,1,Green,1.0,0.5,correct
000021_frame000092_WdAj7afRh3.jpg,/home/jgaldeano/tfm/data/datasets/classifier/val/Green/000021_frame000092_WdAj7afRh3.jpg,1,Green,1,Green,1.0,0.5,correct
000021_frame000093_V6f3vKgY6x.jpg,/home/jgaldeano/tfm/data/datasets/classifier/val/Green/000021_frame000093_V6f3vKgY6x.jpg,1,Green,1,Green,1.0,0.5,correct
000021_frame000093_WNKQd5wZwo.jpg,/home/jgaldeano/tfm/data/datasets/classifier/val/Green/000021_frame000093_WNKQd5wZwo.jpg,1,Green,1,Green,1.0,0.5,correct
000021_frame000094_2W4kYEsLEo.jpg,/home/jgaldeano/tfm/data/datasets/classifier/val/Green/000021_frame000094_2W4kYEsLEo.jpg,1,Green,1,Green,1.0,0.5,correct
000021_frame000094_5stMAOQZAW.jpg,/home/jgaldeano/tfm/data/datasets/classifier/val/Green/000021_frame000094_5stMAOQZAW.jpg,1,Green,1,Green,1.0,0.5,correct
000021_frame000095_YDg6nLG5Lr.jpg,/home/jgaldeano/tfm/data/datasets/classifier/val/Green/000021_frame000095_YDg6nLG5Lr.jpg,1,Green,1,Green,1.0,0.5,correct
000021_frame000095_hYYukef2af.jpg,/home/jgaldeano/tfm/data/datasets/classifier/val/Green/000021_frame000095_hYYukef2af.jpg,1,Green,1,Green,1.0,0.5,correct
000021_frame000096_Dk3Wc9-z0v.jpg,/home/jgaldeano/tfm/data/datasets/classifier/val/Green/000021_frame000096_Dk3Wc9-z0v.jpg,1,Green,1,Green,1.0,0.5,correct
000021_frame000096_uZ4eJjwlSl.jpg,/home/jgaldeano/tfm/data/datasets/classifier/val/Green/000021_frame000096_uZ4eJjwlSl.jpg,1,Green,1,Green,1.0,0.5,correct
000021_frame000097_fLsb_YpUOv.jpg,/home/jgaldeano/tfm/data/datasets/classifier/val/Green/000021_frame000097_fLsb_YpUOv.jpg,1,Green,1,Green,1.0,0.5,correct
000021_frame000097_pGlk10bhfT.jpg,/home/jgaldeano/tfm/data/datasets/classifier/val/Green/000021_frame000097_pGlk10bhfT.jpg,1,Green,1,Green,1.0,0.5,correct
000031_frame000031_3BFl7OMP2m.jpg,/home/jgaldeano/tfm/data/datasets/classifier/val/Green/000031_frame000031_3BFl7OMP2m.jpg,1,Green,1,Green,1.0,0.5,correct
000031_frame000031_90eKm2n8dv.jpg,/home/jgaldeano/tfm/data/datasets/classifier/val/Green/000031_frame000031_90eKm2n8dv.jpg,1,Green,1,Green,1.0,0.5,correct
000031_frame000031_wHXsJi0CIH.jpg,/home/jgaldeano/tfm/data/datasets/classifier/val/Green/000031_frame000031_wHXsJi0CIH.jpg,1,Green,1,Green,1.0,0.5,correct
000031_frame000032_9rz_o7IPYE.jpg,/home/jgaldeano/tfm/data/datasets/classifier/val/Green/000031_frame000032_9rz_o7IPYE.jpg,1,Green,1,Green,1.0,0.5,correct
000031_frame000032_KH1xqeJM4J.jpg,/home/jgaldeano/tfm/data/datasets/classifier/val/Green/000031_frame000032_KH1xqeJM4J.jpg,1,Green,1,Green,1.0,0.5,correct
000031_frame000032_vsRNettYVx.jpg,/home/jgaldeano/tfm/data/datasets/classifier/val/Green/000031_frame000032_vsRNettYVx.jpg,1,Green,1,Green,1.0,0.5,correct
000031_frame000033_4Y9Mr0U-DX.jpg,/home/jgaldeano/tfm/data/datasets/classifier/val/Green/000031_frame000033_4Y9Mr0U-DX.jpg,1,Green,1,Green,1.0,0.5,correct
000031_frame000033__78HLVRC23.jpg,/home/jgaldeano/tfm/data/datasets/classifier/val/Green/000031_frame000033__78HLVRC23.jpg,1,Green,1,Green,1.0,0.5,correct
000031_frame000033__K95U8L1Kt.jpg,/home/jgaldeano/tfm/data/datasets/classifier/val/Green/000031_frame000033__K95U8L1Kt.jpg,1,Green,1,Green,1.0,0.5,correct
000031_frame000034_QGcsEMnh-y.jpg,/home/jgaldeano/tfm/data/datasets/classifier/val/Green/000031_frame000034_QGcsEMnh-y.jpg,1,Green,1,Green,1.0,0.5,correct
000031_frame000034_ufmVWxq8_k.jpg,/home/jgaldeano/tfm/data/datasets/classifier/val/Green/000031_frame000034_ufmVWxq8_k.jpg,1,Green,1,Green,1.0,0.5,correct
000031_frame000035_MZSJUb5Mnf.jpg,/home/jgaldeano/tfm/data/datasets/classifier/val/Green/000031_frame000035_MZSJUb5Mnf.jpg,1,Green,1,Green,1.0,0.5,correct
000031_frame000035_NnqyxLFfB1.jpg,/home/jgaldeano/tfm/data/datasets/classifier/val/Green/000031_frame000035_NnqyxLFfB1.jpg,1,Green,1,Green,1.0,0.5,correct
000031_frame000035_eishabTE2d.jpg,/home/jgaldeano/tfm/data/datasets/classifier/val/Green/000031_frame000035_eishabTE2d.jpg,1,Green,1,Green,1.0,0.5,correct
000031_frame000036_tLUihr3KEI.jpg,/home/jgaldeano/tfm/data/datasets/classifier/val/Green/000031_frame000036_tLUihr3KEI.jpg,1,Green,1,Green,1.0,0.5,correct
000031_frame000036_tzXNXdecCp.jpg,/home/jgaldeano/tfm/data/datasets/classifier/val/Green/000031_frame000036_tzXNXdecCp.jpg,1,Green,1,Green,1.0,0.5,correct
000031_frame000037_FjvagM4tGi.jpg,/home/jgaldeano/tfm/data/datasets/classifier/val/Green/000031_frame000037_FjvagM4tGi.jpg,1,Green,1,Green,1.0,0.5,correct
000031_frame000037_kx91Pj1ESF.jpg,/home/jgaldeano/tfm/data/datasets/classifier/val/Green/000031_frame000037_kx91Pj1ESF.jpg,1,Green,1,Green,1.0,0.5,correct
000031_frame000037_oRPdiYC1qG.jpg,/home/jgaldeano/tfm/data/datasets/classifier/val/Green/000031_frame000037_oRPdiYC1qG.jpg,1,Green,1,Green,1.0,0.5,correct
000031_frame000038_Pk4x712NHZ.jpg,/home/jgaldeano/tfm/data/datasets/classifier/val/Green/000031_frame000038_Pk4x712NHZ.jpg,1,Green,1,Green,1.0,0.5,correct
000031_frame000038_TvJhYyAQuO.jpg,/home/jgaldeano/tfm/data/datasets/classifier/val/Green/000031_frame000038_TvJhYyAQuO.jpg,1,Green,1,Green,1.0,0.5,correct
000031_frame000038_ovWR-royOa.jpg,/home/jgaldeano/tfm/data/datasets/classifier/val/Green/000031_frame000038_ovWR-royOa.jpg,1,Green,1,Green,1.0,0.5,correct
000031_frame000039_PTpW0bqIdf.jpg,/home/jgaldeano/tfm/data/datasets/classifier/val/Green/000031_frame000039_PTpW0bqIdf.jpg,1,Green,1,Green,1.0,0.5,correct
000031_frame000039_PuLf7gAC2P.jpg,/home/jgaldeano/tfm/data/datasets/classifier/val/Green/000031_frame000039_PuLf7gAC2P.jpg,1,Green,1,Green,1.0,0.5,correct
000031_frame000039_taopRNJ6z5.jpg,/home/jgaldeano/tfm/data/datasets/classifier/val/Green/000031_frame000039_taopRNJ6z5.jpg,1,Green,1,Green,1.0,0.5,correct
000031_frame000040_d2jiulZWNA.jpg,/home/jgaldeano/tfm/data/datasets/classifier/val/Green/000031_frame000040_d2jiulZWNA.jpg,1,Green,1,Green,1.0,0.5,correct
000031_frame000040_lm7UimDdaL.jpg,/home/jgaldeano/tfm/data/datasets/classifier/val/Green/000031_frame000040_lm7UimDdaL.jpg,1,Green,1,Green,1.0,0.5,correct
000031_frame000041_YPwqkSmQAD.jpg,/home/jgaldeano/tfm/data/datasets/classifier/val/Green/000031_frame000041_YPwqkSmQAD.jpg,1,Green,1,Green,1.0,0.5,correct
000031_frame000041_c-VUcXr-He.jpg,/home/jgaldeano/tfm/data/datasets/classifier/val/Green/000031_frame000041_c-VUcXr-He.jpg,1,Green,1,Green,1.0,0.5,correct
000031_frame000041_q7aY9pQqMd.jpg,/home/jgaldeano/tfm/data/datasets/classifier/val/Green/000031_frame000041_q7aY9pQqMd.jpg,1,Green,1,Green,1.0,0.5,correct
000031_frame000042_gViKYWswhi.jpg,/home/jgaldeano/tfm/data/datasets/classifier/val/Green/000031_frame000042_gViKYWswhi.jpg,1,Green,1,Green,1.0,0.5,correct
000031_frame000042_rmnObdQ3Kl.jpg,/home/jgaldeano/tfm/data/datasets/classifier/val/Green/000031_frame000042_rmnObdQ3Kl.jpg,1,Green,1,Green,1.0,0.5,correct
000031_frame000043_2xLJtK3PdL.jpg,/home/jgaldeano/tfm/data/datasets/classifier/val/Green/000031_frame000043_2xLJtK3PdL.jpg,1,Green,1,Green,1.0,0.5,correct
000031_frame000043_3DyWzB7EFg.jpg,/home/jgaldeano/tfm/data/datasets/classifier/val/Green/000031_frame000043_3DyWzB7EFg.jpg,1,Green,1,Green,1.0,0.5,correct
000031_frame000043_O6Jgin10eG.jpg,/home/jgaldeano/tfm/data/datasets/classifier/val/Green/000031_frame000043_O6Jgin10eG.jpg,1,Green,1,Green,1.0,0.5,correct
000031_frame000044_jN9WbcvytP.jpg,/home/jgaldeano/tfm/data/datasets/classifier/val/Green/000031_frame000044_jN9WbcvytP.jpg,1,Green,1,Green,1.0,0.5,correct
000031_frame000044_nTyn0Hbfbv.jpg,/home/jgaldeano/tfm/data/datasets/classifier/val/Green/000031_frame000044_nTyn0Hbfbv.jpg,1,Green,1,Green,1.0,0.5,correct
000031_frame000044_oRxKe-q8KH.jpg,/home/jgaldeano/tfm/data/datasets/classifier/val/Green/000031_frame000044_oRxKe-q8KH.jpg,1,Green,1,Green,1.0,0.5,correct
000031_frame000045_4pEhPY-lS4.jpg,/home/jgaldeano/tfm/data/datasets/classifier/val/Green/000031_frame000045_4pEhPY-lS4.jpg,1,Green,1,Green,1.0,0.5,correct
000031_frame000045_QQRQFHc0Wk.jpg,/home/jgaldeano/tfm/data/datasets/classifier/val/Green/000031_frame000045_QQRQFHc0Wk.jpg,1,Green,1,Green,1.0,0.5,correct
000031_frame000045_iAtyhOsQOi.jpg,/home/jgaldeano/tfm/data/datasets/classifier/val/Green/000031_frame000045_iAtyhOsQOi.jpg,1,Green,1,Green,1.0,0.5,correct
000031_frame000046_MGrZqoblpc.jpg,/home/jgaldeano/tfm/data/datasets/classifier/val/Green/000031_frame000046_MGrZqoblpc.jpg,1,Green,1,Green,1.0,0.5,correct
000031_frame000046_QV052P__8y.jpg,/home/jgaldeano/tfm/data/datasets/classifier/val/Green/000031_frame000046_QV052P__8y.jpg,1,Green,1,Green,1.0,0.5,correct
000031_frame000046__ST5Py1j2G.jpg,/home/jgaldeano/tfm/data/datasets/classifier/val/Green/000031_frame000046__ST5Py1j2G.jpg,1,Green,1,Green,1.0,0.5,correct
000031_frame000047_6HOu5RvKUu.jpg,/home/jgaldeano/tfm/data/datasets/classifier/val/Green/000031_frame000047_6HOu5RvKUu.jpg,1,Green,1,Green,1.0,0.5,correct
000031_frame000047_SeICqiHX2p.jpg,/home/jgaldeano/tfm/data/datasets/classifier/val/Green/000031_frame000047_SeICqiHX2p.jpg,1,Green,1,Green,1.0,0.5,correct
000031_frame000047_lAuNG_LtAa.jpg,/home/jgaldeano/tfm/data/datasets/classifier/val/Green/000031_frame000047_lAuNG_LtAa.jpg,1,Green,1,Green,1.0,0.5,correct
000031_frame000048_CQWS8lO4OY.jpg,/home/jgaldeano/tfm/data/datasets/classifier/val/Green/000031_frame000048_CQWS8lO4OY.jpg,1,Green,1,Green,1.0,0.5,correct
000031_frame000048_SIva7ZFMT6.jpg,/home/jgaldeano/tfm/data/datasets/classifier/val/Green/000031_frame000048_SIva7ZFMT6.jpg,1,Green,1,Green,1.0,0.5,correct
000031_frame000048_cnlYmtgi8C.jpg,/home/jgaldeano/tfm/data/datasets/classifier/val/Green/000031_frame000048_cnlYmtgi8C.jpg,1,Green,1,Green,1.0,0.5,correct
000031_frame000049_52-D4X0fke.jpg,/home/jgaldeano/tfm/data/datasets/classifier/val/Green/000031_frame000049_52-D4X0fke.jpg,1,Green,1,Green,1.0,0.5,correct
000031_frame000049_UCGusDuXz7.jpg,/home/jgaldeano/tfm/data/datasets/classifier/val/Green/000031_frame000049_UCGusDuXz7.jpg,1,Green,1,Green,1.0,0.5,correct
000031_frame000049_d1bmxdIHYR.jpg,/home/jgaldeano/tfm/data/datasets/classifier/val/Green/000031_frame000049_d1bmxdIHYR.jpg,1,Green,1,Green,1.0,0.5,correct
000031_frame000050_GVgOn388W0.jpg,/home/jgaldeano/tfm/data/datasets/classifier/val/Green/000031_frame000050_GVgOn388W0.jpg,1,Green,1,Green,1.0,0.5,correct
000031_frame000050_GtRa6ww8X_.jpg,/home/jgaldeano/tfm/data/datasets/classifier/val/Green/000031_frame000050_GtRa6ww8X_.jpg,1,Green,1,Green,1.0,0.5,correct
000031_frame000050_V0CdNEUAro.jpg,/home/jgaldeano/tfm/data/datasets/classifier/val/Green/000031_frame000050_V0CdNEUAro.jpg,1,Green,1,Green,1.0,0.5,correct
000031_frame000051_Vq0eW50V-r.jpg,/home/jgaldeano/tfm/data/datasets/classifier/val/Green/000031_frame000051_Vq0eW50V-r.jpg,1,Green,1,Green,1.0,0.5,correct
000031_frame000051_cqFRN--o2D.jpg,/home/jgaldeano/tfm/data/datasets/classifier/val/Green/000031_frame000051_cqFRN--o2D.jpg,1,Green,1,Green,1.0,0.5,correct
000031_frame000051_ksc4Z2MOIZ.jpg,/home/jgaldeano/tfm/data/datasets/classifier/val/Green/000031_frame000051_ksc4Z2MOIZ.jpg,1,Green,1,Green,1.0,0.5,correct
000031_frame000052_5ALJJBKNo7.jpg,/home/jgaldeano/tfm/data/datasets/classifier/val/Green/000031_frame000052_5ALJJBKNo7.jpg,1,Green,1,Green,1.0,0.5,correct
000031_frame000052_jz00lHh197.jpg,/home/jgaldeano/tfm/data/datasets/classifier/val/Green/000031_frame000052_jz00lHh197.jpg,1,Green,1,Green,1.0,0.5,correct
000031_frame000052_zdQXfjeFiU.jpg,/home/jgaldeano/tfm/data/datasets/classifier/val/Green/000031_frame000052_zdQXfjeFiU.jpg,1,Green,1,Green,1.0,0.5,correct
000031_frame000053_CKC_GZpfCy.jpg,/home/jgaldeano/tfm/data/datasets/classifier/val/Green/000031_frame000053_CKC_GZpfCy.jpg,1,Green,1,Green,1.0,0.5,correct
000031_frame000053_KqaHUBtVON.jpg,/home/jgaldeano/tfm/data/datasets/classifier/val/Green/000031_frame000053_KqaHUBtVON.jpg,1,Green,1,Green,1.0,0.5,correct
000031_frame000053_V1GkeFf_dG.jpg,/home/jgaldeano/tfm/data/datasets/classifier/val/Green/000031_frame000053_V1GkeFf_dG.jpg,1,Green,1,Green,1.0,0.5,correct
000031_frame000054_4Lo9V4iCi0.jpg,/home/jgaldeano/tfm/data/datasets/classifier/val/Green/000031_frame000054_4Lo9V4iCi0.jpg,1,Green,1,Green,1.0,0.5,correct
000031_frame000054_7mhL4k-1HO.jpg,/home/jgaldeano/tfm/data/datasets/classifier/val/Green/000031_frame000054_7mhL4k-1HO.jpg,1,Green,1,Green,1.0,0.5,correct
000031_frame000054_N8p0WG1SeT.jpg,/home/jgaldeano/tfm/data/datasets/classifier/val/Green/000031_frame000054_N8p0WG1SeT.jpg,1,Green,1,Green,1.0,0.5,correct
000031_frame000055_UyoWWmI0C4.jpg,/home/jgaldeano/tfm/data/datasets/classifier/val/Green/000031_frame000055_UyoWWmI0C4.jpg,1,Green,1,Green,1.0,0.5,correct
000031_frame000055_aWxiLowLOJ.jpg,/home/jgaldeano/tfm/data/datasets/classifier/val/Green/000031_frame000055_aWxiLowLOJ.jpg,1,Green,1,Green,1.0,0.5,correct
000031_frame000055_jQ43xslIFl.jpg,/home/jgaldeano/tfm/data/datasets/classifier/val/Green/000031_frame000055_jQ43xslIFl.jpg,1,Green,1,Green,1.0,0.5,correct
000031_frame000056_CBE97bc32w.jpg,/home/jgaldeano/tfm/data/datasets/classifier/val/Green/000031_frame000056_CBE97bc32w.jpg,1,Green,1,Green,1.0,0.5,correct
000031_frame000056_O26nEEENoO.jpg,/home/jgaldeano/tfm/data/datasets/classifier/val/Green/000031_frame000056_O26nEEENoO.jpg,1,Green,1,Green,1.0,0.5,correct
000031_frame000056_hdloDVcg7i.jpg,/home/jgaldeano/tfm/data/datasets/classifier/val/Green/000031_frame000056_hdloDVcg7i.jpg,1,Green,1,Green,1.0,0.5,correct
000031_frame000057_IGI5EubF7n.jpg,/home/jgaldeano/tfm/data/datasets/classifier/val/Green/000031_frame000057_IGI5EubF7n.jpg,1,Green,1,Green,1.0,0.5,correct
000031_frame000057_PkUCRVInZV.jpg,/home/jgaldeano/tfm/data/datasets/classifier/val/Green/000031_frame000057_PkUCRVInZV.jpg,1,Green,1,Green,1.0,0.5,correct
000031_frame000057_rbybDiykdP.jpg,/home/jgaldeano/tfm/data/datasets/classifier/val/Green/000031_frame000057_rbybDiykdP.jpg,1,Green,1,Green,1.0,0.5,correct
000031_frame000058_D6ZPzBFeiL.jpg,/home/jgaldeano/tfm/data/datasets/classifier/val/Green/000031_frame000058_D6ZPzBFeiL.jpg,1,Green,1,Green,1.0,0.5,correct
000031_frame000058_UwFApqhJyQ.jpg,/home/jgaldeano/tfm/data/datasets/classifier/val/Green/000031_frame000058_UwFApqhJyQ.jpg,1,Green,1,Green,1.0,0.5,correct
000031_frame000059_1fXtrUS3Ih.jpg,/home/jgaldeano/tfm/data/datasets/classifier/val/Green/000031_frame000059_1fXtrUS3Ih.jpg,1,Green,1,Green,1.0,0.5,correct
000031_frame000059_XHYNKrdZgD.jpg,/home/jgaldeano/tfm/data/datasets/classifier/val/Green/000031_frame000059_XHYNKrdZgD.jpg,1,Green,1,Green,1.0,0.5,correct
000031_frame000059_c32oxUcqy8.jpg,/home/jgaldeano/tfm/data/datasets/classifier/val/Green/000031_frame000059_c32oxUcqy8.jpg,1,Green,1,Green,1.0,0.5,correct
000031_frame000060_HxsKzLNCyI.jpg,/home/jgaldeano/tfm/data/datasets/classifier/val/Green/000031_frame000060_HxsKzLNCyI.jpg,1,Green,1,Green,1.0,0.5,correct
000031_frame000060_oszNjlJfwH.jpg,/home/jgaldeano/tfm/data/datasets/classifier/val/Green/000031_frame000060_oszNjlJfwH.jpg,1,Green,1,Green,1.0,0.5,correct
000031_frame000060_y0ctfqzRl2.jpg,/home/jgaldeano/tfm/data/datasets/classifier/val/Green/000031_frame000060_y0ctfqzRl2.jpg,1,Green,1,Green,1.0,0.5,correct
000031_frame000061_ECC-YJgLnL.jpg,/home/jgaldeano/tfm/data/datasets/classifier/val/Green/000031_frame000061_ECC-YJgLnL.jpg,1,Green,1,Green,1.0,0.5,correct
000031_frame000061_O83QKyKyVH.jpg,/home/jgaldeano/tfm/data/datasets/classifier/val/Green/000031_frame000061_O83QKyKyVH.jpg,1,Green,1,Green,1.0,0.5,correct
000031_frame000061_VaDqXY0ecq.jpg,/home/jgaldeano/tfm/data/datasets/classifier/val/Green/000031_frame000061_VaDqXY0ecq.jpg,1,Green,1,Green,1.0,0.5,correct
000031_frame000062_dkuCqH7PJB.jpg,/home/jgaldeano/tfm/data/datasets/classifier/val/Green/000031_frame000062_dkuCqH7PJB.jpg,1,Green,1,Green,1.0,0.5,correct
000031_frame000062_hIFyVVe7rU.jpg,/home/jgaldeano/tfm/data/datasets/classifier/val/Green/000031_frame000062_hIFyVVe7rU.jpg,1,Green,1,Green,1.0,0.5,correct
000031_frame000062_i5GpZ_E-Qj.jpg,/home/jgaldeano/tfm/data/datasets/classifier/val/Green/000031_frame000062_i5GpZ_E-Qj.jpg,1,Green,1,Green,1.0,0.5,correct
000031_frame000063_988Ndzkhjv.jpg,/home/jgaldeano/tfm/data/datasets/classifier/val/Green/000031_frame000063_988Ndzkhjv.jpg,1,Green,1,Green,1.0,0.5,correct
000031_frame000064_U2eS3q4UFe.jpg,/home/jgaldeano/tfm/data/datasets/classifier/val/Green/000031_frame000064_U2eS3q4UFe.jpg,1,Green,1,Green,1.0,0.5,correct
000031_frame000064_x-WJ8y1aUp.jpg,/home/jgaldeano/tfm/data/datasets/classifier/val/Green/000031_frame000064_x-WJ8y1aUp.jpg,1,Green,1,Green,1.0,0.5,correct
000031_frame000065_VLqmbBGawD.jpg,/home/jgaldeano/tfm/data/datasets/classifier/val/Green/000031_frame000065_VLqmbBGawD.jpg,1,Green,1,Green,1.0,0.5,correct
000031_frame000066_JMYB8Qxp5v.jpg,/home/jgaldeano/tfm/data/datasets/classifier/val/Green/000031_frame000066_JMYB8Qxp5v.jpg,1,Green,1,Green,1.0,0.5,correct
000031_frame000066_tz7kLJfiW6.jpg,/home/jgaldeano/tfm/data/datasets/classifier/val/Green/000031_frame000066_tz7kLJfiW6.jpg,1,Green,1,Green,1.0,0.5,correct
000031_frame000067_TZsR4v19aP.jpg,/home/jgaldeano/tfm/data/datasets/classifier/val/Green/000031_frame000067_TZsR4v19aP.jpg,1,Green,1,Green,1.0,0.5,correct
000031_frame000067_ktAda331WE.jpg,/home/jgaldeano/tfm/data/datasets/classifier/val/Green/000031_frame000067_ktAda331WE.jpg,1,Green,1,Green,1.0,0.5,correct
000031_frame000068_DY1fwTQCFV.jpg,/home/jgaldeano/tfm/data/datasets/classifier/val/Green/000031_frame000068_DY1fwTQCFV.jpg,1,Green,1,Green,1.0,0.5,correct
000031_frame000068_bRAw87nGYr.jpg,/home/jgaldeano/tfm/data/datasets/classifier/val/Green/000031_frame000068_bRAw87nGYr.jpg,1,Green,1,Green,1.0,0.5,correct
000031_frame000069_TwESXcVvvy.jpg,/home/jgaldeano/tfm/data/datasets/classifier/val/Green/000031_frame000069_TwESXcVvvy.jpg,1,Green,1,Green,1.0,0.5,correct
000031_frame000069_zSsVuwUp0L.jpg,/home/jgaldeano/tfm/data/datasets/classifier/val/Green/000031_frame000069_zSsVuwUp0L.jpg,1,Green,1,Green,1.0,0.5,correct
000031_frame000070_3HHVpGg2oD.jpg,/home/jgaldeano/tfm/data/datasets/classifier/val/Green/000031_frame000070_3HHVpGg2oD.jpg,1,Green,1,Green,1.0,0.5,correct
000031_frame000070_BtkzIqrWqB.jpg,/home/jgaldeano/tfm/data/datasets/classifier/val/Green/000031_frame000070_BtkzIqrWqB.jpg,1,Green,1,Green,1.0,0.5,correct
000031_frame000071_0hWjGTjJIG.jpg,/home/jgaldeano/tfm/data/datasets/classifier/val/Green/000031_frame000071_0hWjGTjJIG.jpg,1,Green,1,Green,1.0,0.5,correct
000031_frame000071_y2GKWySmki.jpg,/home/jgaldeano/tfm/data/datasets/classifier/val/Green/000031_frame000071_y2GKWySmki.jpg,1,Green,1,Green,1.0,0.5,correct
000031_frame000072_EmsgMSd-0M.jpg,/home/jgaldeano/tfm/data/datasets/classifier/val/Green/000031_frame000072_EmsgMSd-0M.jpg,1,Green,1,Green,0.9999997615814209,0.5,correct
000031_frame000072_FsYJMv03le.jpg,/home/jgaldeano/tfm/data/datasets/classifier/val/Green/000031_frame000072_FsYJMv03le.jpg,1,Green,1,Green,1.0,0.5,correct
000031_frame000073_QqdR9Mp1Mg.jpg,/home/jgaldeano/tfm/data/datasets/classifier/val/Green/000031_frame000073_QqdR9Mp1Mg.jpg,1,Green,1,Green,1.0,0.5,correct
000031_frame000073_gjdfJ_lQ1w.jpg,/home/jgaldeano/tfm/data/datasets/classifier/val/Green/000031_frame000073_gjdfJ_lQ1w.jpg,1,Green,1,Green,1.0,0.5,correct
000031_frame000074_p8YSe9EUnI.jpg,/home/jgaldeano/tfm/data/datasets/classifier/val/Green/000031_frame000074_p8YSe9EUnI.jpg,1,Green,1,Green,0.9999998807907104,0.5,correct
000031_frame000074_tC_bhNejCb.jpg,/home/jgaldeano/tfm/data/datasets/classifier/val/Green/000031_frame000074_tC_bhNejCb.jpg,1,Green,1,Green,1.0,0.5,correct
000031_frame000075_IPBwGD1_oV.jpg,/home/jgaldeano/tfm/data/datasets/classifier/val/Green/000031_frame000075_IPBwGD1_oV.jpg,1,Green,1,Green,0.9999998807907104,0.5,correct
000031_frame000075_u3xuoUnwId.jpg,/home/jgaldeano/tfm/data/datasets/classifier/val/Green/000031_frame000075_u3xuoUnwId.jpg,1,Green,1,Green,1.0,0.5,correct
000031_frame000076_I9Ns_9smXz.jpg,/home/jgaldeano/tfm/data/datasets/classifier/val/Green/000031_frame000076_I9Ns_9smXz.jpg,1,Green,1,Green,1.0,0.5,correct
000031_frame000076_s9BqbLx3oM.jpg,/home/jgaldeano/tfm/data/datasets/classifier/val/Green/000031_frame000076_s9BqbLx3oM.jpg,1,Green,1,Green,1.0,0.5,correct
000031_frame000077_8MgqFQp7m0.jpg,/home/jgaldeano/tfm/data/datasets/classifier/val/Green/000031_frame000077_8MgqFQp7m0.jpg,1,Green,1,Green,0.9999998807907104,0.5,correct
000031_frame000077_PJnvbad5Z9.jpg,/home/jgaldeano/tfm/data/datasets/classifier/val/Green/000031_frame000077_PJnvbad5Z9.jpg,1,Green,1,Green,1.0,0.5,correct
000031_frame000078_Eggt42zxOx.jpg,/home/jgaldeano/tfm/data/datasets/classifier/val/Green/000031_frame000078_Eggt42zxOx.jpg,1,Green,1,Green,1.0,0.5,correct
000031_frame000078__noVB_wFsE.jpg,/home/jgaldeano/tfm/data/datasets/classifier/val/Green/000031_frame000078__noVB_wFsE.jpg,1,Green,1,Green,0.9999998807907104,0.5,correct
000031_frame000079_JiQ5O288sC.jpg,/home/jgaldeano/tfm/data/datasets/classifier/val/Green/000031_frame000079_JiQ5O288sC.jpg,1,Green,1,Green,1.0,0.5,correct
000031_frame000079_o6DK4aCxel.jpg,/home/jgaldeano/tfm/data/datasets/classifier/val/Green/000031_frame000079_o6DK4aCxel.jpg,1,Green,1,Green,1.0,0.5,correct
000031_frame000080_EVuUVYtJV7.jpg,/home/jgaldeano/tfm/data/datasets/classifier/val/Green/000031_frame000080_EVuUVYtJV7.jpg,1,Green,1,Green,1.0,0.5,correct
000031_frame000080_nynnUg-crB.jpg,/home/jgaldeano/tfm/data/datasets/classifier/val/Green/000031_frame000080_nynnUg-crB.jpg,1,Green,1,Green,1.0,0.5,correct
000031_frame000081_VsLLJbivTi.jpg,/home/jgaldeano/tfm/data/datasets/classifier/val/Green/000031_frame000081_VsLLJbivTi.jpg,1,Green,1,Green,1.0,0.5,correct
000031_frame000081_oiG5TI51Pd.jpg,/home/jgaldeano/tfm/data/datasets/classifier/val/Green/000031_frame000081_oiG5TI51Pd.jpg,1,Green,1,Green,1.0,0.5,correct
000031_frame000082_mUmnq0OGU6.jpg,/home/jgaldeano/tfm/data/datasets/classifier/val/Green/000031_frame000082_mUmnq0OGU6.jpg,1,Green,1,Green,1.0,0.5,correct
000031_frame000082_ui7xSFnMDG.jpg,/home/jgaldeano/tfm/data/datasets/classifier/val/Green/000031_frame000082_ui7xSFnMDG.jpg,1,Green,1,Green,1.0,0.5,correct
000031_frame000083_PlbQE7KdmO.jpg,/home/jgaldeano/tfm/data/datasets/classifier/val/Green/000031_frame000083_PlbQE7KdmO.jpg,1,Green,1,Green,1.0,0.5,correct
000031_frame000083_f9NW4wTuYC.jpg,/home/jgaldeano/tfm/data/datasets/classifier/val/Green/000031_frame000083_f9NW4wTuYC.jpg,1,Green,1,Green,1.0,0.5,correct
000031_frame000084_-lDMwhBrqy.jpg,/home/jgaldeano/tfm/data/datasets/classifier/val/Green/000031_frame000084_-lDMwhBrqy.jpg,1,Green,1,Green,1.0,0.5,correct
000031_frame000084_7t5TlIajBC.jpg,/home/jgaldeano/tfm/data/datasets/classifier/val/Green/000031_frame000084_7t5TlIajBC.jpg,1,Green,1,Green,1.0,0.5,correct
000031_frame000085_dCX7QHaydB.jpg,/home/jgaldeano/tfm/data/datasets/classifier/val/Green/000031_frame000085_dCX7QHaydB.jpg,1,Green,1,Green,1.0,0.5,correct
000031_frame000085_f8-iz850WL.jpg,/home/jgaldeano/tfm/data/datasets/classifier/val/Green/000031_frame000085_f8-iz850WL.jpg,1,Green,1,Green,1.0,0.5,correct
000031_frame000086_370PCNt4Q9.jpg,/home/jgaldeano/tfm/data/datasets/classifier/val/Green/000031_frame000086_370PCNt4Q9.jpg,1,Green,1,Green,1.0,0.5,correct
000031_frame000086_pbqjyOvbUc.jpg,/home/jgaldeano/tfm/data/datasets/classifier/val/Green/000031_frame000086_pbqjyOvbUc.jpg,1,Green,1,Green,1.0,0.5,correct
000031_frame000087_b1VPXJ_K4N.jpg,/home/jgaldeano/tfm/data/datasets/classifier/val/Green/000031_frame000087_b1VPXJ_K4N.jpg,1,Green,1,Green,1.0,0.5,correct
000031_frame000087_mvSri1Adzl.jpg,/home/jgaldeano/tfm/data/datasets/classifier/val/Green/000031_frame000087_mvSri1Adzl.jpg,1,Green,1,Green,1.0,0.5,correct
000031_frame000088_OJOW4KEPyF.jpg,/home/jgaldeano/tfm/data/datasets/classifier/val/Green/000031_frame000088_OJOW4KEPyF.jpg,1,Green,1,Green,1.0,0.5,correct
000031_frame000089_rnogLc68nq.jpg,/home/jgaldeano/tfm/data/datasets/classifier/val/Green/000031_frame000089_rnogLc68nq.jpg,1,Green,1,Green,1.0,0.5,correct
000031_frame000090_sR40BqBJAb.jpg,/home/jgaldeano/tfm/data/datasets/classifier/val/Green/000031_frame000090_sR40BqBJAb.jpg,1,Green,1,Green,1.0,0.5,correct
000031_frame000091_zLn5O5xmmi.jpg,/home/jgaldeano/tfm/data/datasets/classifier/val/Green/000031_frame000091_zLn5O5xmmi.jpg,1,Green,1,Green,1.0,0.5,correct
000031_frame000092_S_vwB5Xnou.jpg,/home/jgaldeano/tfm/data/datasets/classifier/val/Green/000031_frame000092_S_vwB5Xnou.jpg,1,Green,1,Green,1.0,0.5,correct
000031_frame000093_mtTxoU5Lrt.jpg,/home/jgaldeano/tfm/data/datasets/classifier/val/Green/000031_frame000093_mtTxoU5Lrt.jpg,1,Green,1,Green,1.0,0.5,correct
000031_frame000094_5POqsgP-Ya.jpg,/home/jgaldeano/tfm/data/datasets/classifier/val/Green/000031_frame000094_5POqsgP-Ya.jpg,1,Green,1,Green,1.0,0.5,correct
000031_frame000095_6S-BmE2ZCw.jpg,/home/jgaldeano/tfm/data/datasets/classifier/val/Green/000031_frame000095_6S-BmE2ZCw.jpg,1,Green,1,Green,1.0,0.5,correct
000031_frame000096_vuVzZ7nfxv.jpg,/home/jgaldeano/tfm/data/datasets/classifier/val/Green/000031_frame000096_vuVzZ7nfxv.jpg,1,Green,1,Green,1.0,0.5,correct
000031_frame000097_kQuq_HW_zK.jpg,/home/jgaldeano/tfm/data/datasets/classifier/val/Green/000031_frame000097_kQuq_HW_zK.jpg,1,Green,1,Green,1.0,0.5,correct
000031_frame000098_YbbvHECU_-.jpg,/home/jgaldeano/tfm/data/datasets/classifier/val/Green/000031_frame000098_YbbvHECU_-.jpg,1,Green,1,Green,1.0,0.5,correct
000031_frame000099_Fx1EFLrs0R.jpg,/home/jgaldeano/tfm/data/datasets/classifier/val/Green/000031_frame000099_Fx1EFLrs0R.jpg,1,Green,1,Green,1.0,0.5,correct
000031_frame000100_yLxPJdOMQc.jpg,/home/jgaldeano/tfm/data/datasets/classifier/val/Green/000031_frame000100_yLxPJdOMQc.jpg,1,Green,1,Green,1.0,0.5,correct
000031_frame000101_rtyKmRQLBL.jpg,/home/jgaldeano/tfm/data/datasets/classifier/val/Green/000031_frame000101_rtyKmRQLBL.jpg,1,Green,1,Green,1.0,0.5,correct
000031_frame000102_aujdL8adcg.jpg,/home/jgaldeano/tfm/data/datasets/classifier/val/Green/000031_frame000102_aujdL8adcg.jpg,1,Green,1,Green,1.0,0.5,correct
000031_frame000103_j4mQMUGOc8.jpg,/home/jgaldeano/tfm/data/datasets/classifier/val/Green/000031_frame000103_j4mQMUGOc8.jpg,1,Green,1,Green,1.0,0.5,correct
000031_frame000104_VqBSWUJJB7.jpg,/home/jgaldeano/tfm/data/datasets/classifier/val/Green/000031_frame000104_VqBSWUJJB7.jpg,1,Green,1,Green,1.0,0.5,correct
000031_frame000105_RimRCYNIoB.jpg,/home/jgaldeano/tfm/data/datasets/classifier/val/Green/000031_frame000105_RimRCYNIoB.jpg,1,Green,1,Green,1.0,0.5,correct
000031_frame000106_PfFQDyvkmV.jpg,/home/jgaldeano/tfm/data/datasets/classifier/val/Green/000031_frame000106_PfFQDyvkmV.jpg,1,Green,1,Green,1.0,0.5,correct
000031_frame000107_o8OlR2T-8N.jpg,/home/jgaldeano/tfm/data/datasets/classifier/val/Green/000031_frame000107_o8OlR2T-8N.jpg,1,Green,1,Green,1.0,0.5,correct
000031_frame000108_46mxiYXKtR.jpg,/home/jgaldeano/tfm/data/datasets/classifier/val/Green/000031_frame000108_46mxiYXKtR.jpg,1,Green,1,Green,1.0,0.5,correct
000031_frame000109_E_3H7l8Q77.jpg,/home/jgaldeano/tfm/data/datasets/classifier/val/Green/000031_frame000109_E_3H7l8Q77.jpg,1,Green,1,Green,1.0,0.5,correct
000031_frame000110_82d8cMoP3L.jpg,/home/jgaldeano/tfm/data/datasets/classifier/val/Green/000031_frame000110_82d8cMoP3L.jpg,1,Green,1,Green,1.0,0.5,correct
000031_frame000111_Wj42LSOBCf.jpg,/home/jgaldeano/tfm/data/datasets/classifier/val/Green/000031_frame000111_Wj42LSOBCf.jpg,1,Green,1,Green,1.0,0.5,correct
000031_frame000112_oLkAXn07DW.jpg,/home/jgaldeano/tfm/data/datasets/classifier/val/Green/000031_frame000112_oLkAXn07DW.jpg,1,Green,1,Green,1.0,0.5,correct
000031_frame000113_rLk4n-E0PS.jpg,/home/jgaldeano/tfm/data/datasets/classifier/val/Green/000031_frame000113_rLk4n-E0PS.jpg,1,Green,1,Green,1.0,0.5,correct
000031_frame000114_3uXOo0McGO.jpg,/home/jgaldeano/tfm/data/datasets/classifier/val/Green/000031_frame000114_3uXOo0McGO.jpg,1,Green,1,Green,1.0,0.5,correct
000031_frame000116_k5bMb1L9Xr.jpg,/home/jgaldeano/tfm/data/datasets/classifier/val/Green/000031_frame000116_k5bMb1L9Xr.jpg,1,Green,1,Green,1.0,0.5,correct
000031_frame000117_5CyQ2boEOS.jpg,/home/jgaldeano/tfm/data/datasets/classifier/val/Green/000031_frame000117_5CyQ2boEOS.jpg,1,Green,1,Green,1.0,0.5,correct
000031_frame000119_fMxznrVWrR.jpg,/home/jgaldeano/tfm/data/datasets/classifier/val/Green/000031_frame000119_fMxznrVWrR.jpg,1,Green,1,Green,1.0,0.5,correct
000031_frame000120_MbTazJZU7d.jpg,/home/jgaldeano/tfm/data/datasets/classifier/val/Green/000031_frame000120_MbTazJZU7d.jpg,1,Green,1,Green,1.0,0.5,correct
000033_frame000002_FYB20bZFhZ.jpg,/home/jgaldeano/tfm/data/datasets/classifier/val/Green/000033_frame000002_FYB20bZFhZ.jpg,1,Green,1,Green,0.9993126392364502,0.5,correct
000033_frame000103_sOWvmgbrbU.jpg,/home/jgaldeano/tfm/data/datasets/classifier/val/Green/000033_frame000103_sOWvmgbrbU.jpg,1,Green,1,Green,1.0,0.5,correct
000033_frame000103_yDnr5A0YCK.jpg,/home/jgaldeano/tfm/data/datasets/classifier/val/Green/000033_frame000103_yDnr5A0YCK.jpg,1,Green,1,Green,0.9999998807907104,0.5,correct
000033_frame000104_VYBCDs4oKg.jpg,/home/jgaldeano/tfm/data/datasets/classifier/val/Green/000033_frame000104_VYBCDs4oKg.jpg,1,Green,1,Green,1.0,0.5,correct
000033_frame000104_q_o7BEZsZ7.jpg,/home/jgaldeano/tfm/data/datasets/classifier/val/Green/000033_frame000104_q_o7BEZsZ7.jpg,1,Green,1,Green,1.0,0.5,correct
000033_frame000105_4ePjGYikzq.jpg,/home/jgaldeano/tfm/data/datasets/classifier/val/Green/000033_frame000105_4ePjGYikzq.jpg,1,Green,1,Green,0.9999997615814209,0.5,correct
000033_frame000105_zNBRQOUUrv.jpg,/home/jgaldeano/tfm/data/datasets/classifier/val/Green/000033_frame000105_zNBRQOUUrv.jpg,1,Green,1,Green,1.0,0.5,correct
000033_frame000106_kkz6dN2KEQ.jpg,/home/jgaldeano/tfm/data/datasets/classifier/val/Green/000033_frame000106_kkz6dN2KEQ.jpg,1,Green,1,Green,0.9999997615814209,0.5,correct
000033_frame000106_s0T7p2-vmZ.jpg,/home/jgaldeano/tfm/data/datasets/classifier/val/Green/000033_frame000106_s0T7p2-vmZ.jpg,1,Green,1,Green,1.0,0.5,correct
000033_frame000107_UN1xWxKxG_.jpg,/home/jgaldeano/tfm/data/datasets/classifier/val/Green/000033_frame000107_UN1xWxKxG_.jpg,1,Green,1,Green,1.0,0.5,correct
000033_frame000107_ik0-dOv3WF.jpg,/home/jgaldeano/tfm/data/datasets/classifier/val/Green/000033_frame000107_ik0-dOv3WF.jpg,1,Green,1,Green,0.9999997615814209,0.5,correct
000033_frame000108_DUdvIffg5Y.jpg,/home/jgaldeano/tfm/data/datasets/classifier/val/Green/000033_frame000108_DUdvIffg5Y.jpg,1,Green,1,Green,0.9999997615814209,0.5,correct
000033_frame000108_tHxAtkD0s-.jpg,/home/jgaldeano/tfm/data/datasets/classifier/val/Green/000033_frame000108_tHxAtkD0s-.jpg,1,Green,1,Green,1.0,0.5,correct
000033_frame000109_AstBF42613.jpg,/home/jgaldeano/tfm/data/datasets/classifier/val/Green/000033_frame000109_AstBF42613.jpg,1,Green,1,Green,1.0,0.5,correct
000033_frame000109_GZf6cudDnH.jpg,/home/jgaldeano/tfm/data/datasets/classifier/val/Green/000033_frame000109_GZf6cudDnH.jpg,1,Green,1,Green,0.9999997615814209,0.5,correct
000033_frame000110_9fzsmOmYHh.jpg,/home/jgaldeano/tfm/data/datasets/classifier/val/Green/000033_frame000110_9fzsmOmYHh.jpg,1,Green,1,Green,0.9999998807907104,0.5,correct
000033_frame000110_odVP5TNdN6.jpg,/home/jgaldeano/tfm/data/datasets/classifier/val/Green/000033_frame000110_odVP5TNdN6.jpg,1,Green,1,Green,0.9999990463256836,0.5,correct
000033_frame000111_S93bwOND88.jpg,/home/jgaldeano/tfm/data/datasets/classifier/val/Green/000033_frame000111_S93bwOND88.jpg,1,Green,1,Green,0.9999933242797852,0.5,correct
000033_frame000111__1hl7mEo9E.jpg,/home/jgaldeano/tfm/data/datasets/classifier/val/Green/000033_frame000111__1hl7mEo9E.jpg,1,Green,1,Green,0.9999995231628418,0.5,correct
000033_frame000112_RTdboXdi25.jpg,/home/jgaldeano/tfm/data/datasets/classifier/val/Green/000033_frame000112_RTdboXdi25.jpg,1,Green,1,Green,0.9999991655349731,0.5,correct
000033_frame000112_omcql_6_aM.jpg,/home/jgaldeano/tfm/data/datasets/classifier/val/Green/000033_frame000112_omcql_6_aM.jpg,1,Green,1,Green,1.0,0.5,correct
000033_frame000113_lyoxLS8ht2.jpg,/home/jgaldeano/tfm/data/datasets/classifier/val/Green/000033_frame000113_lyoxLS8ht2.jpg,1,Green,1,Green,0.999998927116394,0.5,correct
000033_frame000113_muBqZIb9aQ.jpg,/home/jgaldeano/tfm/data/datasets/classifier/val/Green/000033_frame000113_muBqZIb9aQ.jpg,1,Green,1,Green,1.0,0.5,correct
000033_frame000114_V_giIvPLHk.jpg,/home/jgaldeano/tfm/data/datasets/classifier/val/Green/000033_frame000114_V_giIvPLHk.jpg,1,Green,1,Green,0.9999998807907104,0.5,correct
000033_frame000114_e4xk7H9wXF.jpg,/home/jgaldeano/tfm/data/datasets/classifier/val/Green/000033_frame000114_e4xk7H9wXF.jpg,1,Green,1,Green,0.9999983310699463,0.5,correct
000033_frame000115_1GIZjjqAHj.jpg,/home/jgaldeano/tfm/data/datasets/classifier/val/Green/000033_frame000115_1GIZjjqAHj.jpg,1,Green,1,Green,0.9999980926513672,0.5,correct
000033_frame000115_m7A-CWWU54.jpg,/home/jgaldeano/tfm/data/datasets/classifier/val/Green/000033_frame000115_m7A-CWWU54.jpg,1,Green,1,Green,0.9999998807907104,0.5,correct
000033_frame000116_4NEJjdaqkH.jpg,/home/jgaldeano/tfm/data/datasets/classifier/val/Green/000033_frame000116_4NEJjdaqkH.jpg,1,Green,1,Green,0.9999997615814209,0.5,correct
000033_frame000116_H5bIfmFBpr.jpg,/home/jgaldeano/tfm/data/datasets/classifier/val/Green/000033_frame000116_H5bIfmFBpr.jpg,1,Green,1,Green,0.9999969005584717,0.5,correct
000033_frame000117_FdHk-qBmC1.jpg,/home/jgaldeano/tfm/data/datasets/classifier/val/Green/000033_frame000117_FdHk-qBmC1.jpg,1,Green,1,Green,1.0,0.5,correct
000033_frame000117_sJPeZWUuSn.jpg,/home/jgaldeano/tfm/data/datasets/classifier/val/Green/000033_frame000117_sJPeZWUuSn.jpg,1,Green,1,Green,0.9999982118606567,0.5,correct
000033_frame000118_1qWy9IKMCh.jpg,/home/jgaldeano/tfm/data/datasets/classifier/val/Green/000033_frame000118_1qWy9IKMCh.jpg,1,Green,1,Green,0.9999961853027344,0.5,correct
000033_frame000118_M03UynqjCV.jpg,/home/jgaldeano/tfm/data/datasets/classifier/val/Green/000033_frame000118_M03UynqjCV.jpg,1,Green,1,Green,0.9999992847442627,0.5,correct
000033_frame000119_hkh15M7T16.jpg,/home/jgaldeano/tfm/data/datasets/classifier/val/Green/000033_frame000119_hkh15M7T16.jpg,1,Green,1,Green,0.9999991655349731,0.5,correct
000033_frame000119_wKuKnFDMSo.jpg,/home/jgaldeano/tfm/data/datasets/classifier/val/Green/000033_frame000119_wKuKnFDMSo.jpg,1,Green,1,Green,0.9999998807907104,0.5,correct
000033_frame000120_GTh0qMYKB5.jpg,/home/jgaldeano/tfm/data/datasets/classifier/val/Green/000033_frame000120_GTh0qMYKB5.jpg,1,Green,1,Green,0.9999949932098389,0.5,correct
000033_frame000120_tax5YR-dP8.jpg,/home/jgaldeano/tfm/data/datasets/classifier/val/Green/000033_frame000120_tax5YR-dP8.jpg,1,Green,1,Green,1.0,0.5,correct
000033_frame000121_cM6FRtVBey.jpg,/home/jgaldeano/tfm/data/datasets/classifier/val/Green/000033_frame000121_cM6FRtVBey.jpg,1,Green,1,Green,0.9999998807907104,0.5,correct
000033_frame000121_f6-pGr53aZ.jpg,/home/jgaldeano/tfm/data/datasets/classifier/val/Green/000033_frame000121_f6-pGr53aZ.jpg,1,Green,1,Green,0.9999990463256836,0.5,correct
000033_frame000122_AwUNdvtXJ0.jpg,/home/jgaldeano/tfm/data/datasets/classifier/val/Green/000033_frame000122_AwUNdvtXJ0.jpg,1,Green,1,Green,0.9999994039535522,0.5,correct
000033_frame000122_VzP70I83ns.jpg,/home/jgaldeano/tfm/data/datasets/classifier/val/Green/000033_frame000122_VzP70I83ns.jpg,1,Green,1,Green,0.9999997615814209,0.5,correct
000033_frame000123_6DsIEvKvO5.jpg,/home/jgaldeano/tfm/data/datasets/classifier/val/Green/000033_frame000123_6DsIEvKvO5.jpg,1,Green,1,Green,0.9999998807907104,0.5,correct
000033_frame000123_zmaZmSHlfJ.jpg,/home/jgaldeano/tfm/data/datasets/classifier/val/Green/000033_frame000123_zmaZmSHlfJ.jpg,1,Green,1,Green,0.9999998807907104,0.5,correct
000033_frame000124_oRnCjy73QO.jpg,/home/jgaldeano/tfm/data/datasets/classifier/val/Green/000033_frame000124_oRnCjy73QO.jpg,1,Green,1,Green,0.9999997615814209,0.5,correct
000033_frame000124_riT76ADy74.jpg,/home/jgaldeano/tfm/data/datasets/classifier/val/Green/000033_frame000124_riT76ADy74.jpg,1,Green,1,Green,0.9999982118606567,0.5,correct
000033_frame000125_LdXr1qvDMa.jpg,/home/jgaldeano/tfm/data/datasets/classifier/val/Green/000033_frame000125_LdXr1qvDMa.jpg,1,Green,1,Green,0.9999990463256836,0.5,correct
000033_frame000125_lJb4in38D-.jpg,/home/jgaldeano/tfm/data/datasets/classifier/val/Green/000033_frame000125_lJb4in38D-.jpg,1,Green,1,Green,0.9999983310699463,0.5,correct
000033_frame000126_LXshLOTl0N.jpg,/home/jgaldeano/tfm/data/datasets/classifier/val/Green/000033_frame000126_LXshLOTl0N.jpg,1,Green,1,Green,0.9999994039535522,0.5,correct
000033_frame000126_M59--JCir6.jpg,/home/jgaldeano/tfm/data/datasets/classifier/val/Green/000033_frame000126_M59--JCir6.jpg,1,Green,1,Green,0.9999998807907104,0.5,correct
000033_frame000127_I4j2nzjb7L.jpg,/home/jgaldeano/tfm/data/datasets/classifier/val/Green/000033_frame000127_I4j2nzjb7L.jpg,1,Green,1,Green,0.9999730587005615,0.5,correct
000033_frame000127_ZhjIOqq7Ee.jpg,/home/jgaldeano/tfm/data/datasets/classifier/val/Green/000033_frame000127_ZhjIOqq7Ee.jpg,1,Green,1,Green,0.9999998807907104,0.5,correct
000033_frame000128_FP-gZy03Q3.jpg,/home/jgaldeano/tfm/data/datasets/classifier/val/Green/000033_frame000128_FP-gZy03Q3.jpg,1,Green,1,Green,0.9999995231628418,0.5,correct
000033_frame000129_MVlEXSmZeg.jpg,/home/jgaldeano/tfm/data/datasets/classifier/val/Green/000033_frame000129_MVlEXSmZeg.jpg,1,Green,1,Green,0.9999997615814209,0.5,correct
000033_frame000130_71Sy0WQUcY.jpg,/home/jgaldeano/tfm/data/datasets/classifier/val/Green/000033_frame000130_71Sy0WQUcY.jpg,1,Green,1,Green,0.9999991655349731,0.5,correct
000033_frame000131_L0YxMAG-DP.jpg,/home/jgaldeano/tfm/data/datasets/classifier/val/Green/000033_frame000131_L0YxMAG-DP.jpg,1,Green,1,Green,0.9999991655349731,0.5,correct
000033_frame000132_1wTx5STHVu.jpg,/home/jgaldeano/tfm/data/datasets/classifier/val/Green/000033_frame000132_1wTx5STHVu.jpg,1,Green,1,Green,1.0,0.5,correct
000033_frame000133_NLMhcu59YV.jpg,/home/jgaldeano/tfm/data/datasets/classifier/val/Green/000033_frame000133_NLMhcu59YV.jpg,1,Green,1,Green,0.9999998807907104,0.5,correct
000033_frame000134_rOv3SJmUFs.jpg,/home/jgaldeano/tfm/data/datasets/classifier/val/Green/000033_frame000134_rOv3SJmUFs.jpg,1,Green,1,Green,0.9999998807907104,0.5,correct
000033_frame000135_v93nU8Bvkf.jpg,/home/jgaldeano/tfm/data/datasets/classifier/val/Green/000033_frame000135_v93nU8Bvkf.jpg,1,Green,1,Green,0.9999998807907104,0.5,correct
000033_frame000136_6He61cYCZj.jpg,/home/jgaldeano/tfm/data/datasets/classifier/val/Green/000033_frame000136_6He61cYCZj.jpg,1,Green,1,Green,0.9999998807907104,0.5,correct
000033_frame000137_db81hursW7.jpg,/home/jgaldeano/tfm/data/datasets/classifier/val/Green/000033_frame000137_db81hursW7.jpg,1,Green,1,Green,0.9999997615814209,0.5,correct
000033_frame000138_KthgiHVm5d.jpg,/home/jgaldeano/tfm/data/datasets/classifier/val/Green/000033_frame000138_KthgiHVm5d.jpg,1,Green,1,Green,0.9999996423721313,0.5,correct
000033_frame000139_AtOezYXFde.jpg,/home/jgaldeano/tfm/data/datasets/classifier/val/Green/000033_frame000139_AtOezYXFde.jpg,1,Green,1,Green,0.9999998807907104,0.5,correct
000033_frame000140_BqhUUKkou6.jpg,/home/jgaldeano/tfm/data/datasets/classifier/val/Green/000033_frame000140_BqhUUKkou6.jpg,1,Green,1,Green,0.9999988079071045,0.5,correct
000033_frame000141_rRNHx1CIuu.jpg,/home/jgaldeano/tfm/data/datasets/classifier/val/Green/000033_frame000141_rRNHx1CIuu.jpg,1,Green,1,Green,0.9999998807907104,0.5,correct
000033_frame000142_5icyMADf-L.jpg,/home/jgaldeano/tfm/data/datasets/classifier/val/Green/000033_frame000142_5icyMADf-L.jpg,1,Green,1,Green,0.9999998807907104,0.5,correct
000033_frame000143_flvy3CH2iT.jpg,/home/jgaldeano/tfm/data/datasets/classifier/val/Green/000033_frame000143_flvy3CH2iT.jpg,1,Green,1,Green,0.9999997615814209,0.5,correct
000033_frame000144_oV2FSSDZL3.jpg,/home/jgaldeano/tfm/data/datasets/classifier/val/Green/000033_frame000144_oV2FSSDZL3.jpg,1,Green,1,Green,0.9999997615814209,0.5,correct
000033_frame000145_DVtz69y6gI.jpg,/home/jgaldeano/tfm/data/datasets/classifier/val/Green/000033_frame000145_DVtz69y6gI.jpg,1,Green,1,Green,0.9999997615814209,0.5,correct
000033_frame000146_1qZ6DkGDi9.jpg,/home/jgaldeano/tfm/data/datasets/classifier/val/Green/000033_frame000146_1qZ6DkGDi9.jpg,1,Green,1,Green,0.9999998807907104,0.5,correct
000033_frame000147_BK87P23WH6.jpg,/home/jgaldeano/tfm/data/datasets/classifier/val/Green/000033_frame000147_BK87P23WH6.jpg,1,Green,1,Green,0.9999996423721313,0.5,correct
000033_frame000148_1TUvHe2yE4.jpg,/home/jgaldeano/tfm/data/datasets/classifier/val/Green/000033_frame000148_1TUvHe2yE4.jpg,1,Green,1,Green,0.9999990463256836,0.5,correct
000033_frame000149_TvsQw9PmLr.jpg,/home/jgaldeano/tfm/data/datasets/classifier/val/Green/000033_frame000149_TvsQw9PmLr.jpg,1,Green,1,Green,0.9999997615814209,0.5,correct
000033_frame000150_Juj8MB4C64.jpg,/home/jgaldeano/tfm/data/datasets/classifier/val/Green/000033_frame000150_Juj8MB4C64.jpg,1,Green,1,Green,0.9999998807907104,0.5,correct
000033_frame000151_IVR5Ckn2rX.jpg,/home/jgaldeano/tfm/data/datasets/classifier/val/Green/000033_frame000151_IVR5Ckn2rX.jpg,1,Green,1,Green,0.9999998807907104,0.5,correct
000033_frame000152_5oag0nElrN.jpg,/home/jgaldeano/tfm/data/datasets/classifier/val/Green/000033_frame000152_5oag0nElrN.jpg,1,Green,1,Green,0.9999998807907104,0.5,correct
000033_frame000153_IV1F6I1JOu.jpg,/home/jgaldeano/tfm/data/datasets/classifier/val/Green/000033_frame000153_IV1F6I1JOu.jpg,1,Green,1,Green,0.9999998807907104,0.5,correct
000033_frame000154_v9ewq7FIPZ.jpg,/home/jgaldeano/tfm/data/datasets/classifier/val/Green/000033_frame000154_v9ewq7FIPZ.jpg,1,Green,1,Green,1.0,0.5,correct
000033_frame000155_nvGGHXkDZF.jpg,/home/jgaldeano/tfm/data/datasets/classifier/val/Green/000033_frame000155_nvGGHXkDZF.jpg,1,Green,1,Green,0.9999998807907104,0.5,correct
000033_frame000156_xo00Ra3-eA.jpg,/home/jgaldeano/tfm/data/datasets/classifier/val/Green/000033_frame000156_xo00Ra3-eA.jpg,1,Green,1,Green,0.9999998807907104,0.5,correct
000033_frame000157_Ro_-gsFHZ4.jpg,/home/jgaldeano/tfm/data/datasets/classifier/val/Green/000033_frame000157_Ro_-gsFHZ4.jpg,1,Green,1,Green,0.9999997615814209,0.5,correct
000033_frame000158_zsMAnGgnqX.jpg,/home/jgaldeano/tfm/data/datasets/classifier/val/Green/000033_frame000158_zsMAnGgnqX.jpg,1,Green,1,Green,1.0,0.5,correct
000033_frame000159__T4gEYhoSI.jpg,/home/jgaldeano/tfm/data/datasets/classifier/val/Green/000033_frame000159__T4gEYhoSI.jpg,1,Green,1,Green,0.9999998807907104,0.5,correct
000033_frame000160_Ei3CbXG7fa.jpg,/home/jgaldeano/tfm/data/datasets/classifier/val/Green/000033_frame000160_Ei3CbXG7fa.jpg,1,Green,1,Green,0.9999998807907104,0.5,correct
000033_frame000161_mQd7WdyF1M.jpg,/home/jgaldeano/tfm/data/datasets/classifier/val/Green/000033_frame000161_mQd7WdyF1M.jpg,1,Green,1,Green,0.9999994039535522,0.5,correct
000033_frame000162_cEQZYMgHuz.jpg,/home/jgaldeano/tfm/data/datasets/classifier/val/Green/000033_frame000162_cEQZYMgHuz.jpg,1,Green,1,Green,0.9999994039535522,0.5,correct
000033_frame000163_WZc5LaRBuF.jpg,/home/jgaldeano/tfm/data/datasets/classifier/val/Green/000033_frame000163_WZc5LaRBuF.jpg,1,Green,1,Green,0.9999995231628418,0.5,correct
000033_frame000164_ThmL9uVNJn.jpg,/home/jgaldeano/tfm/data/datasets/classifier/val/Green/000033_frame000164_ThmL9uVNJn.jpg,1,Green,1,Green,0.9999997615814209,0.5,correct
000033_frame000165_Hfr0p1gTMf.jpg,/home/jgaldeano/tfm/data/datasets/classifier/val/Green/000033_frame000165_Hfr0p1gTMf.jpg,1,Green,1,Green,0.9999969005584717,0.5,correct
000033_frame000166_t-en6Cbzfx.jpg,/home/jgaldeano/tfm/data/datasets/classifier/val/Green/000033_frame000166_t-en6Cbzfx.jpg,1,Green,1,Green,0.9999903440475464,0.5,correct
000033_frame000167_OwaoQ2AL1-.jpg,/home/jgaldeano/tfm/data/datasets/classifier/val/Green/000033_frame000167_OwaoQ2AL1-.jpg,1,Green,1,Green,0.9999896287918091,0.5,correct
000033_frame000168_4sN_q5Z-jN.jpg,/home/jgaldeano/tfm/data/datasets/classifier/val/Green/000033_frame000168_4sN_q5Z-jN.jpg,1,Green,1,Green,0.9999923706054688,0.5,correct
000033_frame000169_rlfI6V_fsW.jpg,/home/jgaldeano/tfm/data/datasets/classifier/val/Green/000033_frame000169_rlfI6V_fsW.jpg,1,Green,1,Green,0.9999948740005493,0.5,correct
000033_frame000170_qtX38Qgi5s.jpg,/home/jgaldeano/tfm/data/datasets/classifier/val/Green/000033_frame000170_qtX38Qgi5s.jpg,1,Green,1,Green,0.9999982118606567,0.5,correct
000033_frame000171_8BAnCkdF8I.jpg,/home/jgaldeano/tfm/data/datasets/classifier/val/Green/000033_frame000171_8BAnCkdF8I.jpg,1,Green,1,Green,0.9999988079071045,0.5,correct
000033_frame000172_hKnJmQ8j9Q.jpg,/home/jgaldeano/tfm/data/datasets/classifier/val/Green/000033_frame000172_hKnJmQ8j9Q.jpg,1,Green,1,Green,1.0,0.5,correct
000036_frame000065_MvFRoX6d5a.jpg,/home/jgaldeano/tfm/data/datasets/classifier/val/Green/000036_frame000065_MvFRoX6d5a.jpg,1,Green,1,Green,1.0,0.5,correct
000036_frame000065_upqr7dzk3N.jpg,/home/jgaldeano/tfm/data/datasets/classifier/val/Green/000036_frame000065_upqr7dzk3N.jpg,1,Green,1,Green,1.0,0.5,correct
000036_frame000066_5FQ3Q_QyBr.jpg,/home/jgaldeano/tfm/data/datasets/classifier/val/Green/000036_frame000066_5FQ3Q_QyBr.jpg,1,Green,1,Green,1.0,0.5,correct
000036_frame000066_GEUI2JGJCB.jpg,/home/jgaldeano/tfm/data/datasets/classifier/val/Green/000036_frame000066_GEUI2JGJCB.jpg,1,Green,1,Green,1.0,0.5,correct
000036_frame000067_Bpsk-kCFop.jpg,/home/jgaldeano/tfm/data/datasets/classifier/val/Green/000036_frame000067_Bpsk-kCFop.jpg,1,Green,1,Green,1.0,0.5,correct
000036_frame000067_oP4QOkZswN.jpg,/home/jgaldeano/tfm/data/datasets/classifier/val/Green/000036_frame000067_oP4QOkZswN.jpg,1,Green,1,Green,1.0,0.5,correct
000036_frame000068_80ailbfipy.jpg,/home/jgaldeano/tfm/data/datasets/classifier/val/Green/000036_frame000068_80ailbfipy.jpg,1,Green,1,Green,1.0,0.5,correct
000036_frame000068_HcjM1klCan.jpg,/home/jgaldeano/tfm/data/datasets/classifier/val/Green/000036_frame000068_HcjM1klCan.jpg,1,Green,1,Green,1.0,0.5,correct
000036_frame000069_iGGz_M8ZB8.jpg,/home/jgaldeano/tfm/data/datasets/classifier/val/Green/000036_frame000069_iGGz_M8ZB8.jpg,1,Green,1,Green,1.0,0.5,correct
000036_frame000069_uUEvTYCJtf.jpg,/home/jgaldeano/tfm/data/datasets/classifier/val/Green/000036_frame000069_uUEvTYCJtf.jpg,1,Green,1,Green,1.0,0.5,correct
000036_frame000070_-0e0Ulwnpw.jpg,/home/jgaldeano/tfm/data/datasets/classifier/val/Green/000036_frame000070_-0e0Ulwnpw.jpg,1,Green,1,Green,1.0,0.5,correct
000036_frame000070_hwgyan5MYV.jpg,/home/jgaldeano/tfm/data/datasets/classifier/val/Green/000036_frame000070_hwgyan5MYV.jpg,1,Green,1,Green,1.0,0.5,correct
000036_frame000071_c3avoHgh6f.jpg,/home/jgaldeano/tfm/data/datasets/classifier/val/Green/000036_frame000071_c3avoHgh6f.jpg,1,Green,1,Green,1.0,0.5,correct
000036_frame000071_vWSQYvHnFS.jpg,/home/jgaldeano/tfm/data/datasets/classifier/val/Green/000036_frame000071_vWSQYvHnFS.jpg,1,Green,1,Green,1.0,0.5,correct
000036_frame000072_RYsJudYK4P.jpg,/home/jgaldeano/tfm/data/datasets/classifier/val/Green/000036_frame000072_RYsJudYK4P.jpg,1,Green,1,Green,1.0,0.5,correct
000036_frame000073_IZJIT_iEWg.jpg,/home/jgaldeano/tfm/data/datasets/classifier/val/Green/000036_frame000073_IZJIT_iEWg.jpg,1,Green,1,Green,1.0,0.5,correct
000036_frame000073_WKD9KqvC-K.jpg,/home/jgaldeano/tfm/data/datasets/classifier/val/Green/000036_frame000073_WKD9KqvC-K.jpg,1,Green,1,Green,1.0,0.5,correct
000036_frame000074_9xAbp0va1f.jpg,/home/jgaldeano/tfm/data/datasets/classifier/val/Green/000036_frame000074_9xAbp0va1f.jpg,1,Green,1,Green,1.0,0.5,correct
000036_frame000075_cYEj7ByvWu.jpg,/home/jgaldeano/tfm/data/datasets/classifier/val/Green/000036_frame000075_cYEj7ByvWu.jpg,1,Green,1,Green,1.0,0.5,correct
000036_frame000075_ybfF8699tl.jpg,/home/jgaldeano/tfm/data/datasets/classifier/val/Green/000036_frame000075_ybfF8699tl.jpg,1,Green,1,Green,1.0,0.5,correct
000036_frame000076__5uHcvfAZ2.jpg,/home/jgaldeano/tfm/data/datasets/classifier/val/Green/000036_frame000076__5uHcvfAZ2.jpg,1,Green,1,Green,1.0,0.5,correct
000036_frame000076_xrkCfbt0Jc.jpg,/home/jgaldeano/tfm/data/datasets/classifier/val/Green/000036_frame000076_xrkCfbt0Jc.jpg,1,Green,1,Green,1.0,0.5,correct
000036_frame000077_gFFzfF3a3p.jpg,/home/jgaldeano/tfm/data/datasets/classifier/val/Green/000036_frame000077_gFFzfF3a3p.jpg,1,Green,1,Green,1.0,0.5,correct
000036_frame000077_wua_02PL5I.jpg,/home/jgaldeano/tfm/data/datasets/classifier/val/Green/000036_frame000077_wua_02PL5I.jpg,1,Green,1,Green,1.0,0.5,correct
000036_frame000078_3uH-spU203.jpg,/home/jgaldeano/tfm/data/datasets/classifier/val/Green/000036_frame000078_3uH-spU203.jpg,1,Green,1,Green,1.0,0.5,correct
000036_frame000078_VhAvzvvYFW.jpg,/home/jgaldeano/tfm/data/datasets/classifier/val/Green/000036_frame000078_VhAvzvvYFW.jpg,1,Green,1,Green,1.0,0.5,correct
000036_frame000079_9SyN54ip96.jpg,/home/jgaldeano/tfm/data/datasets/classifier/val/Green/000036_frame000079_9SyN54ip96.jpg,1,Green,1,Green,1.0,0.5,correct
000036_frame000079_D7zAgZF3aU.jpg,/home/jgaldeano/tfm/data/datasets/classifier/val/Green/000036_frame000079_D7zAgZF3aU.jpg,1,Green,1,Green,1.0,0.5,correct
000036_frame000080_aGEOGgBxiZ.jpg,/home/jgaldeano/tfm/data/datasets/classifier/val/Green/000036_frame000080_aGEOGgBxiZ.jpg,1,Green,1,Green,1.0,0.5,correct
000036_frame000080_hV_pChhhF0.jpg,/home/jgaldeano/tfm/data/datasets/classifier/val/Green/000036_frame000080_hV_pChhhF0.jpg,1,Green,1,Green,1.0,0.5,correct
000036_frame000081_RIdUb73657.jpg,/home/jgaldeano/tfm/data/datasets/classifier/val/Green/000036_frame000081_RIdUb73657.jpg,1,Green,1,Green,1.0,0.5,correct
000036_frame000081_bY99gnjDiE.jpg,/home/jgaldeano/tfm/data/datasets/classifier/val/Green/000036_frame000081_bY99gnjDiE.jpg,1,Green,1,Green,1.0,0.5,correct
000036_frame000082_6l-vgr4_cF.jpg,/home/jgaldeano/tfm/data/datasets/classifier/val/Green/000036_frame000082_6l-vgr4_cF.jpg,1,Green,1,Green,1.0,0.5,correct
000036_frame000082_cahbTnyN7B.jpg,/home/jgaldeano/tfm/data/datasets/classifier/val/Green/000036_frame000082_cahbTnyN7B.jpg,1,Green,1,Green,1.0,0.5,correct
000036_frame000083_FIjZtIJIoD.jpg,/home/jgaldeano/tfm/data/datasets/classifier/val/Green/000036_frame000083_FIjZtIJIoD.jpg,1,Green,1,Green,1.0,0.5,correct
000036_frame000083_Xd-pcCwzfo.jpg,/home/jgaldeano/tfm/data/datasets/classifier/val/Green/000036_frame000083_Xd-pcCwzfo.jpg,1,Green,1,Green,1.0,0.5,correct
000036_frame000084_XOH3YDCRJY.jpg,/home/jgaldeano/tfm/data/datasets/classifier/val/Green/000036_frame000084_XOH3YDCRJY.jpg,1,Green,1,Green,1.0,0.5,correct
000036_frame000084_ld8CjenXsa.jpg,/home/jgaldeano/tfm/data/datasets/classifier/val/Green/000036_frame000084_ld8CjenXsa.jpg,1,Green,1,Green,1.0,0.5,correct
000036_frame000085_9CjCvt32TN.jpg,/home/jgaldeano/tfm/data/datasets/classifier/val/Green/000036_frame000085_9CjCvt32TN.jpg,1,Green,1,Green,1.0,0.5,correct
000036_frame000085_YpDVc2nGDy.jpg,/home/jgaldeano/tfm/data/datasets/classifier/val/Green/000036_frame000085_YpDVc2nGDy.jpg,1,Green,1,Green,1.0,0.5,correct
000036_frame000086_DLF3fu7zCF.jpg,/home/jgaldeano/tfm/data/datasets/classifier/val/Green/000036_frame000086_DLF3fu7zCF.jpg,1,Green,1,Green,1.0,0.5,correct
000036_frame000086_Ni5m_prOYc.jpg,/home/jgaldeano/tfm/data/datasets/classifier/val/Green/000036_frame000086_Ni5m_prOYc.jpg,1,Green,1,Green,1.0,0.5,correct
000036_frame000087_30yAyAapMf.jpg,/home/jgaldeano/tfm/data/datasets/classifier/val/Green/000036_frame000087_30yAyAapMf.jpg,1,Green,1,Green,1.0,0.5,correct
000036_frame000087_RcSM4gZqla.jpg,/home/jgaldeano/tfm/data/datasets/classifier/val/Green/000036_frame000087_RcSM4gZqla.jpg,1,Green,1,Green,1.0,0.5,correct
000036_frame000088_G7y-m1S-xD.jpg,/home/jgaldeano/tfm/data/datasets/classifier/val/Green/000036_frame000088_G7y-m1S-xD.jpg,1,Green,1,Green,1.0,0.5,correct
000036_frame000088_ffC-6pJ_Ef.jpg,/home/jgaldeano/tfm/data/datasets/classifier/val/Green/000036_frame000088_ffC-6pJ_Ef.jpg,1,Green,1,Green,1.0,0.5,correct
000036_frame000089_8ysCXxQALO.jpg,/home/jgaldeano/tfm/data/datasets/classifier/val/Green/000036_frame000089_8ysCXxQALO.jpg,1,Green,1,Green,1.0,0.5,correct
000036_frame000089_C9PZZOzYjN.jpg,/home/jgaldeano/tfm/data/datasets/classifier/val/Green/000036_frame000089_C9PZZOzYjN.jpg,1,Green,1,Green,1.0,0.5,correct
000036_frame000090_JYT3gvJpc7.jpg,/home/jgaldeano/tfm/data/datasets/classifier/val/Green/000036_frame000090_JYT3gvJpc7.jpg,1,Green,1,Green,1.0,0.5,correct
000036_frame000090_u8mKqc3hay.jpg,/home/jgaldeano/tfm/data/datasets/classifier/val/Green/000036_frame000090_u8mKqc3hay.jpg,1,Green,1,Green,1.0,0.5,correct
000036_frame000091_7GNbCVN_da.jpg,/home/jgaldeano/tfm/data/datasets/classifier/val/Green/000036_frame000091_7GNbCVN_da.jpg,1,Green,1,Green,1.0,0.5,correct
000036_frame000091_MClzNbLU5g.jpg,/home/jgaldeano/tfm/data/datasets/classifier/val/Green/000036_frame000091_MClzNbLU5g.jpg,1,Green,1,Green,1.0,0.5,correct
000036_frame000092_5oq8X_Hztz.jpg,/home/jgaldeano/tfm/data/datasets/classifier/val/Green/000036_frame000092_5oq8X_Hztz.jpg,1,Green,1,Green,1.0,0.5,correct
000036_frame000092_SegjX5EPfE.jpg,/home/jgaldeano/tfm/data/datasets/classifier/val/Green/000036_frame000092_SegjX5EPfE.jpg,1,Green,1,Green,1.0,0.5,correct
000036_frame000093_QEKg_vLJBk.jpg,/home/jgaldeano/tfm/data/datasets/classifier/val/Green/000036_frame000093_QEKg_vLJBk.jpg,1,Green,1,Green,1.0,0.5,correct
000036_frame000093_zUSnewuYiC.jpg,/home/jgaldeano/tfm/data/datasets/classifier/val/Green/000036_frame000093_zUSnewuYiC.jpg,1,Green,1,Green,1.0,0.5,correct
000036_frame000094_C6Hc4tFmr_.jpg,/home/jgaldeano/tfm/data/datasets/classifier/val/Green/000036_frame000094_C6Hc4tFmr_.jpg,1,Green,1,Green,1.0,0.5,correct
000036_frame000094_E-f-5u_ZKu.jpg,/home/jgaldeano/tfm/data/datasets/classifier/val/Green/000036_frame000094_E-f-5u_ZKu.jpg,1,Green,1,Green,1.0,0.5,correct
000036_frame000095_O04ZGHjwaX.jpg,/home/jgaldeano/tfm/data/datasets/classifier/val/Green/000036_frame000095_O04ZGHjwaX.jpg,1,Green,1,Green,1.0,0.5,correct
000036_frame000096_GuNhjv8tR2.jpg,/home/jgaldeano/tfm/data/datasets/classifier/val/Green/000036_frame000096_GuNhjv8tR2.jpg,1,Green,1,Green,1.0,0.5,correct
000036_frame000096_c-uURGt323.jpg,/home/jgaldeano/tfm/data/datasets/classifier/val/Green/000036_frame000096_c-uURGt323.jpg,1,Green,1,Green,1.0,0.5,correct
000036_frame000097_J4R3380myV.jpg,/home/jgaldeano/tfm/data/datasets/classifier/val/Green/000036_frame000097_J4R3380myV.jpg,1,Green,1,Green,1.0,0.5,correct
000036_frame000097_cKcyi8lgyK.jpg,/home/jgaldeano/tfm/data/datasets/classifier/val/Green/000036_frame000097_cKcyi8lgyK.jpg,1,Green,1,Green,1.0,0.5,correct
000036_frame000098_MYwVsOtlw1.jpg,/home/jgaldeano/tfm/data/datasets/classifier/val/Green/000036_frame000098_MYwVsOtlw1.jpg,1,Green,1,Green,1.0,0.5,correct
000036_frame000098_cB9ziQgGem.jpg,/home/jgaldeano/tfm/data/datasets/classifier/val/Green/000036_frame000098_cB9ziQgGem.jpg,1,Green,1,Green,1.0,0.5,correct
000036_frame000099_I3QIsIRmId.jpg,/home/jgaldeano/tfm/data/datasets/classifier/val/Green/000036_frame000099_I3QIsIRmId.jpg,1,Green,1,Green,1.0,0.5,correct
000036_frame000099_j_1dLYoFU3.jpg,/home/jgaldeano/tfm/data/datasets/classifier/val/Green/000036_frame000099_j_1dLYoFU3.jpg,1,Green,1,Green,1.0,0.5,correct
000036_frame000100_EYGSw2g-Nu.jpg,/home/jgaldeano/tfm/data/datasets/classifier/val/Green/000036_frame000100_EYGSw2g-Nu.jpg,1,Green,1,Green,1.0,0.5,correct
000036_frame000100_q2DZqocXXl.jpg,/home/jgaldeano/tfm/data/datasets/classifier/val/Green/000036_frame000100_q2DZqocXXl.jpg,1,Green,1,Green,1.0,0.5,correct
000036_frame000101_0zA3CZ0gEi.jpg,/home/jgaldeano/tfm/data/datasets/classifier/val/Green/000036_frame000101_0zA3CZ0gEi.jpg,1,Green,1,Green,1.0,0.5,correct
000036_frame000101_Srde6VWTzV.jpg,/home/jgaldeano/tfm/data/datasets/classifier/val/Green/000036_frame000101_Srde6VWTzV.jpg,1,Green,1,Green,1.0,0.5,correct
000036_frame000102_ZJJTPGqkbx.jpg,/home/jgaldeano/tfm/data/datasets/classifier/val/Green/000036_frame000102_ZJJTPGqkbx.jpg,1,Green,1,Green,1.0,0.5,correct
000036_frame000102__cqDisk1LO.jpg,/home/jgaldeano/tfm/data/datasets/classifier/val/Green/000036_frame000102__cqDisk1LO.jpg,1,Green,1,Green,1.0,0.5,correct
000036_frame000103_PmTi5N4HCL.jpg,/home/jgaldeano/tfm/data/datasets/classifier/val/Green/000036_frame000103_PmTi5N4HCL.jpg,1,Green,1,Green,1.0,0.5,correct
000036_frame000103_ptKycCkLI8.jpg,/home/jgaldeano/tfm/data/datasets/classifier/val/Green/000036_frame000103_ptKycCkLI8.jpg,1,Green,1,Green,1.0,0.5,correct
000036_frame000104_k8I8PrQC6R.jpg,/home/jgaldeano/tfm/data/datasets/classifier/val/Green/000036_frame000104_k8I8PrQC6R.jpg,1,Green,1,Green,1.0,0.5,correct
000036_frame000104_tAzcJpql4d.jpg,/home/jgaldeano/tfm/data/datasets/classifier/val/Green/000036_frame000104_tAzcJpql4d.jpg,1,Green,1,Green,1.0,0.5,correct
000036_frame000105_EW_JXNwcSA.jpg,/home/jgaldeano/tfm/data/datasets/classifier/val/Green/000036_frame000105_EW_JXNwcSA.jpg,1,Green,1,Green,1.0,0.5,correct
000036_frame000105_w07iBZkGwy.jpg,/home/jgaldeano/tfm/data/datasets/classifier/val/Green/000036_frame000105_w07iBZkGwy.jpg,1,Green,1,Green,1.0,0.5,correct
000036_frame000106_DUoXNVdozN.jpg,/home/jgaldeano/tfm/data/datasets/classifier/val/Green/000036_frame000106_DUoXNVdozN.jpg,1,Green,1,Green,1.0,0.5,correct
000036_frame000106_iIVULVGIrq.jpg,/home/jgaldeano/tfm/data/datasets/classifier/val/Green/000036_frame000106_iIVULVGIrq.jpg,1,Green,1,Green,1.0,0.5,correct
000036_frame000107_0A91ca7eOL.jpg,/home/jgaldeano/tfm/data/datasets/classifier/val/Green/000036_frame000107_0A91ca7eOL.jpg,1,Green,1,Green,1.0,0.5,correct
000036_frame000107_ixS72ZdwAR.jpg,/home/jgaldeano/tfm/data/datasets/classifier/val/Green/000036_frame000107_ixS72ZdwAR.jpg,1,Green,1,Green,1.0,0.5,correct
000036_frame000108_Cx-AeY7XLT.jpg,/home/jgaldeano/tfm/data/datasets/classifier/val/Green/000036_frame000108_Cx-AeY7XLT.jpg,1,Green,1,Green,1.0,0.5,correct
000036_frame000108_PNIGpbGfF5.jpg,/home/jgaldeano/tfm/data/datasets/classifier/val/Green/000036_frame000108_PNIGpbGfF5.jpg,1,Green,1,Green,1.0,0.5,correct
000036_frame000109_8I-HxmzO1H.jpg,/home/jgaldeano/tfm/data/datasets/classifier/val/Green/000036_frame000109_8I-HxmzO1H.jpg,1,Green,1,Green,1.0,0.5,correct
000036_frame000109_be1I5TampA.jpg,/home/jgaldeano/tfm/data/datasets/classifier/val/Green/000036_frame000109_be1I5TampA.jpg,1,Green,1,Green,1.0,0.5,correct
000036_frame000110_lytKr-IdLi.jpg,/home/jgaldeano/tfm/data/datasets/classifier/val/Green/000036_frame000110_lytKr-IdLi.jpg,1,Green,1,Green,1.0,0.5,correct
000036_frame000110_ymjveRFfOw.jpg,/home/jgaldeano/tfm/data/datasets/classifier/val/Green/000036_frame000110_ymjveRFfOw.jpg,1,Green,1,Green,1.0,0.5,correct
000036_frame000111_9CYxCHsI6M.jpg,/home/jgaldeano/tfm/data/datasets/classifier/val/Green/000036_frame000111_9CYxCHsI6M.jpg,1,Green,1,Green,1.0,0.5,correct
000036_frame000111_bMgD879i_E.jpg,/home/jgaldeano/tfm/data/datasets/classifier/val/Green/000036_frame000111_bMgD879i_E.jpg,1,Green,1,Green,1.0,0.5,correct
000036_frame000112_HwPwewP9Rm.jpg,/home/jgaldeano/tfm/data/datasets/classifier/val/Green/000036_frame000112_HwPwewP9Rm.jpg,1,Green,1,Green,1.0,0.5,correct
000036_frame000113_IHCI7FxUCz.jpg,/home/jgaldeano/tfm/data/datasets/classifier/val/Green/000036_frame000113_IHCI7FxUCz.jpg,1,Green,1,Green,1.0,0.5,correct
000036_frame000114_PU-IcMsvJu.jpg,/home/jgaldeano/tfm/data/datasets/classifier/val/Green/000036_frame000114_PU-IcMsvJu.jpg,1,Green,1,Green,1.0,0.5,correct
000036_frame000115_L0xa2Hrh4Z.jpg,/home/jgaldeano/tfm/data/datasets/classifier/val/Green/000036_frame000115_L0xa2Hrh4Z.jpg,1,Green,1,Green,1.0,0.5,correct
000036_frame000116_nL7zSCj7V6.jpg,/home/jgaldeano/tfm/data/datasets/classifier/val/Green/000036_frame000116_nL7zSCj7V6.jpg,1,Green,1,Green,1.0,0.5,correct
000036_frame000117_f0k1Z1D9FC.jpg,/home/jgaldeano/tfm/data/datasets/classifier/val/Green/000036_frame000117_f0k1Z1D9FC.jpg,1,Green,1,Green,1.0,0.5,correct
000036_frame000118_QU3DSeC8xR.jpg,/home/jgaldeano/tfm/data/datasets/classifier/val/Green/000036_frame000118_QU3DSeC8xR.jpg,1,Green,1,Green,1.0,0.5,correct
000036_frame000119_Nii9VlPvCL.jpg,/home/jgaldeano/tfm/data/datasets/classifier/val/Green/000036_frame000119_Nii9VlPvCL.jpg,1,Green,1,Green,1.0,0.5,correct
000036_frame000120_-d-PDszqKN.jpg,/home/jgaldeano/tfm/data/datasets/classifier/val/Green/000036_frame000120_-d-PDszqKN.jpg,1,Green,1,Green,1.0,0.5,correct
000036_frame000121_zXC7waato0.jpg,/home/jgaldeano/tfm/data/datasets/classifier/val/Green/000036_frame000121_zXC7waato0.jpg,1,Green,1,Green,1.0,0.5,correct
000036_frame000122_TOR8vsPyA5.jpg,/home/jgaldeano/tfm/data/datasets/classifier/val/Green/000036_frame000122_TOR8vsPyA5.jpg,1,Green,1,Green,1.0,0.5,correct
000036_frame000123_3btdSxFm9P.jpg,/home/jgaldeano/tfm/data/datasets/classifier/val/Green/000036_frame000123_3btdSxFm9P.jpg,1,Green,1,Green,1.0,0.5,correct
000036_frame000124_o8uwd4G83O.jpg,/home/jgaldeano/tfm/data/datasets/classifier/val/Green/000036_frame000124_o8uwd4G83O.jpg,1,Green,1,Green,1.0,0.5,correct
000036_frame000125_4xP4tOz9jT.jpg,/home/jgaldeano/tfm/data/datasets/classifier/val/Green/000036_frame000125_4xP4tOz9jT.jpg,1,Green,1,Green,1.0,0.5,correct
000036_frame000126_fW9xbnMAqc.jpg,/home/jgaldeano/tfm/data/datasets/classifier/val/Green/000036_frame000126_fW9xbnMAqc.jpg,1,Green,1,Green,1.0,0.5,correct
000036_frame000127_t6_3RR47ot.jpg,/home/jgaldeano/tfm/data/datasets/classifier/val/Green/000036_frame000127_t6_3RR47ot.jpg,1,Green,1,Green,1.0,0.5,correct
000036_frame000128_P40fXEnqqc.jpg,/home/jgaldeano/tfm/data/datasets/classifier/val/Green/000036_frame000128_P40fXEnqqc.jpg,1,Green,1,Green,1.0,0.5,correct
000036_frame000129_D0FLgtuSJu.jpg,/home/jgaldeano/tfm/data/datasets/classifier/val/Green/000036_frame000129_D0FLgtuSJu.jpg,1,Green,1,Green,1.0,0.5,correct
000036_frame000130_YfOTfGYWuC.jpg,/home/jgaldeano/tfm/data/datasets/classifier/val/Green/000036_frame000130_YfOTfGYWuC.jpg,1,Green,1,Green,1.0,0.5,correct
000036_frame000131_uz00M_GDaS.jpg,/home/jgaldeano/tfm/data/datasets/classifier/val/Green/000036_frame000131_uz00M_GDaS.jpg,1,Green,1,Green,1.0,0.5,correct
000036_frame000132_-3mpgjqKqu.jpg,/home/jgaldeano/tfm/data/datasets/classifier/val/Green/000036_frame000132_-3mpgjqKqu.jpg,1,Green,1,Green,1.0,0.5,correct
000036_frame000133_2eaMTLxn35.jpg,/home/jgaldeano/tfm/data/datasets/classifier/val/Green/000036_frame000133_2eaMTLxn35.jpg,1,Green,1,Green,1.0,0.5,correct
000036_frame000134_brSZ-uBStD.jpg,/home/jgaldeano/tfm/data/datasets/classifier/val/Green/000036_frame000134_brSZ-uBStD.jpg,1,Green,1,Green,1.0,0.5,correct
000036_frame000135_cQ8vJq1nNb.jpg,/home/jgaldeano/tfm/data/datasets/classifier/val/Green/000036_frame000135_cQ8vJq1nNb.jpg,1,Green,1,Green,1.0,0.5,correct
000036_frame000136_ikccSTDzak.jpg,/home/jgaldeano/tfm/data/datasets/classifier/val/Green/000036_frame000136_ikccSTDzak.jpg,1,Green,1,Green,1.0,0.5,correct
000036_frame000137_J9Kapp7-Nt.jpg,/home/jgaldeano/tfm/data/datasets/classifier/val/Green/000036_frame000137_J9Kapp7-Nt.jpg,1,Green,1,Green,1.0,0.5,correct
000036_frame000138_W694UfmdEU.jpg,/home/jgaldeano/tfm/data/datasets/classifier/val/Green/000036_frame000138_W694UfmdEU.jpg,1,Green,1,Green,1.0,0.5,correct
000036_frame000139_arAkZpFvNS.jpg,/home/jgaldeano/tfm/data/datasets/classifier/val/Green/000036_frame000139_arAkZpFvNS.jpg,1,Green,1,Green,1.0,0.5,correct
000036_frame000141_G2KSDHJFzi.jpg,/home/jgaldeano/tfm/data/datasets/classifier/val/Green/000036_frame000141_G2KSDHJFzi.jpg,1,Green,1,Green,1.0,0.5,correct
000036_frame000142_vOAqShRP3z.jpg,/home/jgaldeano/tfm/data/datasets/classifier/val/Green/000036_frame000142_vOAqShRP3z.jpg,1,Green,1,Green,1.0,0.5,correct
000066_frame000001_LYTp_6g3SB.jpg,/home/jgaldeano/tfm/data/datasets/classifier/val/Green/000066_frame000001_LYTp_6g3SB.jpg,1,Green,1,Green,0.9999513626098633,0.5,correct
000066_frame000002_JpwfxeNpL9.jpg,/home/jgaldeano/tfm/data/datasets/classifier/val/Green/000066_frame000002_JpwfxeNpL9.jpg,1,Green,1,Green,0.999818742275238,0.5,correct
000066_frame000003_vxK5WRWUFM.jpg,/home/jgaldeano/tfm/data/datasets/classifier/val/Green/000066_frame000003_vxK5WRWUFM.jpg,1,Green,1,Green,0.9998823404312134,0.5,correct
000066_frame000004_23yJD7LJQn.jpg,/home/jgaldeano/tfm/data/datasets/classifier/val/Green/000066_frame000004_23yJD7LJQn.jpg,1,Green,1,Green,0.9998499155044556,0.5,correct
000066_frame000005_ji7U6OEkGb.jpg,/home/jgaldeano/tfm/data/datasets/classifier/val/Green/000066_frame000005_ji7U6OEkGb.jpg,1,Green,1,Green,0.9999651908874512,0.5,correct
000066_frame000006_4fxZDr6GsR.jpg,/home/jgaldeano/tfm/data/datasets/classifier/val/Green/000066_frame000006_4fxZDr6GsR.jpg,1,Green,1,Green,0.9999123811721802,0.5,correct
000066_frame000007_opia7SOlrh.jpg,/home/jgaldeano/tfm/data/datasets/classifier/val/Green/000066_frame000007_opia7SOlrh.jpg,1,Green,1,Green,0.9998231530189514,0.5,correct
000066_frame000008_uRoluKAMGe.jpg,/home/jgaldeano/tfm/data/datasets/classifier/val/Green/000066_frame000008_uRoluKAMGe.jpg,1,Green,1,Green,0.9998490810394287,0.5,correct
000066_frame000009_E-7PgWfSyB.jpg,/home/jgaldeano/tfm/data/datasets/classifier/val/Green/000066_frame000009_E-7PgWfSyB.jpg,1,Green,1,Green,0.9999300241470337,0.5,correct
000066_frame000010_F2wFDZVKwJ.jpg,/home/jgaldeano/tfm/data/datasets/classifier/val/Green/000066_frame000010_F2wFDZVKwJ.jpg,1,Green,1,Green,0.9999243021011353,0.5,correct
000066_frame000011___KOB1X9Wu.jpg,/home/jgaldeano/tfm/data/datasets/classifier/val/Green/000066_frame000011___KOB1X9Wu.jpg,1,Green,1,Green,0.999850869178772,0.5,correct
000066_frame000012_L4aS3N6Ldi.jpg,/home/jgaldeano/tfm/data/datasets/classifier/val/Green/000066_frame000012_L4aS3N6Ldi.jpg,1,Green,1,Green,0.9999692440032959,0.5,correct
000066_frame000013_dtNYQ_907V.jpg,/home/jgaldeano/tfm/data/datasets/classifier/val/Green/000066_frame000013_dtNYQ_907V.jpg,1,Green,1,Green,0.9999428987503052,0.5,correct
000066_frame000014_4XXmSl0Fup.jpg,/home/jgaldeano/tfm/data/datasets/classifier/val/Green/000066_frame000014_4XXmSl0Fup.jpg,1,Green,1,Green,0.9999172687530518,0.5,correct
000066_frame000015_PwLnrHmdGE.jpg,/home/jgaldeano/tfm/data/datasets/classifier/val/Green/000066_frame000015_PwLnrHmdGE.jpg,1,Green,1,Green,0.9998390674591064,0.5,correct
000066_frame000016_wakjSJUNvS.jpg,/home/jgaldeano/tfm/data/datasets/classifier/val/Green/000066_frame000016_wakjSJUNvS.jpg,1,Green,1,Green,0.9999490976333618,0.5,correct
000066_frame000017_OqLpilECx5.jpg,/home/jgaldeano/tfm/data/datasets/classifier/val/Green/000066_frame000017_OqLpilECx5.jpg,1,Green,1,Green,0.9998568296432495,0.5,correct
000066_frame000018_qqnzRyhMTM.jpg,/home/jgaldeano/tfm/data/datasets/classifier/val/Green/000066_frame000018_qqnzRyhMTM.jpg,1,Green,1,Green,0.9999514818191528,0.5,correct
000066_frame000019_bUKezsHBbT.jpg,/home/jgaldeano/tfm/data/datasets/classifier/val/Green/000066_frame000019_bUKezsHBbT.jpg,1,Green,1,Green,0.9998644590377808,0.5,correct
000066_frame000020_1F6en6JHY6.jpg,/home/jgaldeano/tfm/data/datasets/classifier/val/Green/000066_frame000020_1F6en6JHY6.jpg,1,Green,1,Green,0.9999686479568481,0.5,correct
000066_frame000021_xVQ99_dYrx.jpg,/home/jgaldeano/tfm/data/datasets/classifier/val/Green/000066_frame000021_xVQ99_dYrx.jpg,1,Green,1,Green,0.9999644756317139,0.5,correct
000066_frame000022_qPhi-KooNB.jpg,/home/jgaldeano/tfm/data/datasets/classifier/val/Green/000066_frame000022_qPhi-KooNB.jpg,1,Green,1,Green,0.9999755620956421,0.5,correct
000066_frame000023_YffHW-iE5Z.jpg,/home/jgaldeano/tfm/data/datasets/classifier/val/Green/000066_frame000023_YffHW-iE5Z.jpg,1,Green,1,Green,0.9999866485595703,0.5,correct
000066_frame000024_w9gI720fh6.jpg,/home/jgaldeano/tfm/data/datasets/classifier/val/Green/000066_frame000024_w9gI720fh6.jpg,1,Green,1,Green,0.9998761415481567,0.5,correct
000066_frame000025_GJtcyYD4s4.jpg,/home/jgaldeano/tfm/data/datasets/classifier/val/Green/000066_frame000025_GJtcyYD4s4.jpg,1,Green,1,Green,0.999967098236084,0.5,correct
000071_frame000001_pl450_5jEx.jpg,/home/jgaldeano/tfm/data/datasets/classifier/val/Green/000071_frame000001_pl450_5jEx.jpg,1,Green,1,Green,0.9999943971633911,0.5,correct
000071_frame000002_1gK4EUkydb.jpg,/home/jgaldeano/tfm/data/datasets/classifier/val/Green/000071_frame000002_1gK4EUkydb.jpg,1,Green,1,Green,0.999996542930603,0.5,correct
000071_frame000003__fLTe13WOz.jpg,/home/jgaldeano/tfm/data/datasets/classifier/val/Green/000071_frame000003__fLTe13WOz.jpg,1,Green,1,Green,0.999995231628418,0.5,correct
000071_frame000004_CLdjtrmfoR.jpg,/home/jgaldeano/tfm/data/datasets/classifier/val/Green/000071_frame000004_CLdjtrmfoR.jpg,1,Green,1,Green,0.9999884366989136,0.5,correct
000071_frame000005_CsjE6ww-Wi.jpg,/home/jgaldeano/tfm/data/datasets/classifier/val/Green/000071_frame000005_CsjE6ww-Wi.jpg,1,Green,1,Green,0.9999933242797852,0.5,correct
000071_frame000006_YtqtII-zsD.jpg,/home/jgaldeano/tfm/data/datasets/classifier/val/Green/000071_frame000006_YtqtII-zsD.jpg,1,Green,1,Green,0.9999961853027344,0.5,correct
000071_frame000007_F0IKUFDRLy.jpg,/home/jgaldeano/tfm/data/datasets/classifier/val/Green/000071_frame000007_F0IKUFDRLy.jpg,1,Green,1,Green,0.9999933242797852,0.5,correct
000071_frame000008_75WFJz3CLY.jpg,/home/jgaldeano/tfm/data/datasets/classifier/val/Green/000071_frame000008_75WFJz3CLY.jpg,1,Green,1,Green,0.9999876022338867,0.5,correct
000071_frame000009_TmBKrxInMZ.jpg,/home/jgaldeano/tfm/data/datasets/classifier/val/Green/000071_frame000009_TmBKrxInMZ.jpg,1,Green,1,Green,0.9999942779541016,0.5,correct
000071_frame000010_wUG3fPmJ2o.jpg,/home/jgaldeano/tfm/data/datasets/classifier/val/Green/000071_frame000010_wUG3fPmJ2o.jpg,1,Green,1,Green,0.9996484518051147,0.5,correct
000071_frame000012_BJx97rDyCR.jpg,/home/jgaldeano/tfm/data/datasets/classifier/val/Green/000071_frame000012_BJx97rDyCR.jpg,1,Green,1,Green,0.9999935626983643,0.5,correct
000076_frame000001_jSoR8jt5su.jpg,/home/jgaldeano/tfm/data/datasets/classifier/val/Green/000076_frame000001_jSoR8jt5su.jpg,1,Green,1,Green,0.9999845027923584,0.5,correct
000076_frame000002_UnehZ5oBKa.jpg,/home/jgaldeano/tfm/data/datasets/classifier/val/Green/000076_frame000002_UnehZ5oBKa.jpg,1,Green,1,Green,0.9999879598617554,0.5,correct
000076_frame000003_xqsmoQ7mIP.jpg,/home/jgaldeano/tfm/data/datasets/classifier/val/Green/000076_frame000003_xqsmoQ7mIP.jpg,1,Green,1,Green,0.9999786615371704,0.5,correct
000076_frame000004_u2gnUqKosn.jpg,/home/jgaldeano/tfm/data/datasets/classifier/val/Green/000076_frame000004_u2gnUqKosn.jpg,1,Green,1,Green,0.9999885559082031,0.5,correct
000076_frame000005_nVbIZp39Pn.jpg,/home/jgaldeano/tfm/data/datasets/classifier/val/Green/000076_frame000005_nVbIZp39Pn.jpg,1,Green,1,Green,0.9999953508377075,0.5,correct
000076_frame000006_NercyNzaeq.jpg,/home/jgaldeano/tfm/data/datasets/classifier/val/Green/000076_frame000006_NercyNzaeq.jpg,1,Green,1,Green,0.9998822212219238,0.5,correct
000076_frame000007_z_ieQ-0uW_.jpg,/home/jgaldeano/tfm/data/datasets/classifier/val/Green/000076_frame000007_z_ieQ-0uW_.jpg,1,Green,1,Green,0.9999324083328247,0.5,correct
000076_frame000008_IEpGVkhLvj.jpg,/home/jgaldeano/tfm/data/datasets/classifier/val/Green/000076_frame000008_IEpGVkhLvj.jpg,1,Green,1,Green,0.9999878406524658,0.5,correct
000076_frame000009_LBp2RjO6SG.jpg,/home/jgaldeano/tfm/data/datasets/classifier/val/Green/000076_frame000009_LBp2RjO6SG.jpg,1,Green,1,Green,0.9990179538726807,0.5,correct
000076_frame000010_H0vtACEiQq.jpg,/home/jgaldeano/tfm/data/datasets/classifier/val/Green/000076_frame000010_H0vtACEiQq.jpg,1,Green,1,Green,0.9999550580978394,0.5,correct
000076_frame000011__ZkDlgobsa.jpg,/home/jgaldeano/tfm/data/datasets/classifier/val/Green/000076_frame000011__ZkDlgobsa.jpg,1,Green,1,Green,0.9999644756317139,0.5,correct
000078_frame000001_iGSseF2_3v.jpg,/home/jgaldeano/tfm/data/datasets/classifier/val/Green/000078_frame000001_iGSseF2_3v.jpg,1,Green,1,Green,0.9999998807907104,0.5,correct
000078_frame000002_Gv1pUrpE6U.jpg,/home/jgaldeano/tfm/data/datasets/classifier/val/Green/000078_frame000002_Gv1pUrpE6U.jpg,1,Green,1,Green,0.9999997615814209,0.5,correct
000078_frame000003_K_tqK07n8V.jpg,/home/jgaldeano/tfm/data/datasets/classifier/val/Green/000078_frame000003_K_tqK07n8V.jpg,1,Green,1,Green,0.9999997615814209,0.5,correct
000078_frame000004_lrLQDd7BGh.jpg,/home/jgaldeano/tfm/data/datasets/classifier/val/Green/000078_frame000004_lrLQDd7BGh.jpg,1,Green,1,Green,0.9999996423721313,0.5,correct
000078_frame000005_BpZsSFfD0a.jpg,/home/jgaldeano/tfm/data/datasets/classifier/val/Green/000078_frame000005_BpZsSFfD0a.jpg,1,Green,1,Green,0.9999986886978149,0.5,correct
000078_frame000006_fkPlK_g31K.jpg,/home/jgaldeano/tfm/data/datasets/classifier/val/Green/000078_frame000006_fkPlK_g31K.jpg,1,Green,1,Green,0.9999991655349731,0.5,correct
000079_frame000001_DV2f8EAi13.jpg,/home/jgaldeano/tfm/data/datasets/classifier/val/Green/000079_frame000001_DV2f8EAi13.jpg,1,Green,1,Green,0.9961430430412292,0.5,correct
000079_frame000002_tANviOpiYU.jpg,/home/jgaldeano/tfm/data/datasets/classifier/val/Green/000079_frame000002_tANviOpiYU.jpg,1,Green,1,Green,0.9995577931404114,0.5,correct
000079_frame000003_pfNrmHdfDE.jpg,/home/jgaldeano/tfm/data/datasets/classifier/val/Green/000079_frame000003_pfNrmHdfDE.jpg,1,Green,1,Green,0.9676252007484436,0.5,correct
000079_frame000004_roW1VII0IJ.jpg,/home/jgaldeano/tfm/data/datasets/classifier/val/Green/000079_frame000004_roW1VII0IJ.jpg,1,Green,1,Green,0.9998217225074768,0.5,correct
000079_frame000005_N-qlej4oVC.jpg,/home/jgaldeano/tfm/data/datasets/classifier/val/Green/000079_frame000005_N-qlej4oVC.jpg,1,Green,1,Green,0.9998829364776611,0.5,correct
000079_frame000006_8AJo1BdxHd.jpg,/home/jgaldeano/tfm/data/datasets/classifier/val/Green/000079_frame000006_8AJo1BdxHd.jpg,1,Green,1,Green,0.9997895359992981,0.5,correct
000079_frame000008_dEIkm0cts4.jpg,/home/jgaldeano/tfm/data/datasets/classifier/val/Green/000079_frame000008_dEIkm0cts4.jpg,1,Green,1,Green,0.9998806715011597,0.5,correct
000079_frame000009_r1YYeogspd.jpg,/home/jgaldeano/tfm/data/datasets/classifier/val/Green/000079_frame000009_r1YYeogspd.jpg,1,Green,1,Green,0.9999682903289795,0.5,correct
000079_frame000010_v5JULjGIHa.jpg,/home/jgaldeano/tfm/data/datasets/classifier/val/Green/000079_frame000010_v5JULjGIHa.jpg,1,Green,1,Green,0.999964714050293,0.5,correct
000079_frame000011_LxCLfdOhPx.jpg,/home/jgaldeano/tfm/data/datasets/classifier/val/Green/000079_frame000011_LxCLfdOhPx.jpg,1,Green,1,Green,0.9999758005142212,0.5,correct
000079_frame000012_1X1liLxaBW.jpg,/home/jgaldeano/tfm/data/datasets/classifier/val/Green/000079_frame000012_1X1liLxaBW.jpg,1,Green,1,Green,0.999964714050293,0.5,correct
000079_frame000013_dgyKq2w8Vo.jpg,/home/jgaldeano/tfm/data/datasets/classifier/val/Green/000079_frame000013_dgyKq2w8Vo.jpg,1,Green,1,Green,0.9999183416366577,0.5,correct
000079_frame000014_eHA42VaAhX.jpg,/home/jgaldeano/tfm/data/datasets/classifier/val/Green/000079_frame000014_eHA42VaAhX.jpg,1,Green,1,Green,0.9998831748962402,0.5,correct
000079_frame000015_RP1nUHWS2_.jpg,/home/jgaldeano/tfm/data/datasets/classifier/val/Green/000079_frame000015_RP1nUHWS2_.jpg,1,Green,1,Green,0.9999265670776367,0.5,correct
000079_frame000016_PFydRIN7Ke.jpg,/home/jgaldeano/tfm/data/datasets/classifier/val/Green/000079_frame000016_PFydRIN7Ke.jpg,1,Green,1,Green,0.9999288320541382,0.5,correct
000079_frame000017_Z08DpVZoFh.jpg,/home/jgaldeano/tfm/data/datasets/classifier/val/Green/000079_frame000017_Z08DpVZoFh.jpg,1,Green,1,Green,0.9981184005737305,0.5,correct
000079_frame000018_80IDnQcQCC.jpg,/home/jgaldeano/tfm/data/datasets/classifier/val/Green/000079_frame000018_80IDnQcQCC.jpg,1,Green,1,Green,0.9999237060546875,0.5,correct
000079_frame000019_N6SFveZdtX.jpg,/home/jgaldeano/tfm/data/datasets/classifier/val/Green/000079_frame000019_N6SFveZdtX.jpg,1,Green,1,Green,0.999747097492218,0.5,correct
000079_frame000020_eQKny1cKIP.jpg,/home/jgaldeano/tfm/data/datasets/classifier/val/Green/000079_frame000020_eQKny1cKIP.jpg,1,Green,0,Red,0.043316006660461426,0.5,FN
000090_frame000001_1xCQ9f6pp4.jpg,/home/jgaldeano/tfm/data/datasets/classifier/val/Green/000090_frame000001_1xCQ9f6pp4.jpg,1,Green,1,Green,0.9999927282333374,0.5,correct
000090_frame000002_5C1AMPwXhm.jpg,/home/jgaldeano/tfm/data/datasets/classifier/val/Green/000090_frame000002_5C1AMPwXhm.jpg,1,Green,1,Green,0.9999938011169434,0.5,correct
000090_frame000003_jGIrDF2HJi.jpg,/home/jgaldeano/tfm/data/datasets/classifier/val/Green/000090_frame000003_jGIrDF2HJi.jpg,1,Green,1,Green,0.9999845027923584,0.5,correct
000090_frame000004_-LneJUznsV.jpg,/home/jgaldeano/tfm/data/datasets/classifier/val/Green/000090_frame000004_-LneJUznsV.jpg,1,Green,1,Green,0.999996542930603,0.5,correct
000090_frame000005_k9UZKKfpU8.jpg,/home/jgaldeano/tfm/data/datasets/classifier/val/Green/000090_frame000005_k9UZKKfpU8.jpg,1,Green,1,Green,0.999990701675415,0.5,correct
000090_frame000006_X9p849VEuV.jpg,/home/jgaldeano/tfm/data/datasets/classifier/val/Green/000090_frame000006_X9p849VEuV.jpg,1,Green,1,Green,0.999987006187439,0.5,correct
000090_frame000007_lXNuitZA53.jpg,/home/jgaldeano/tfm/data/datasets/classifier/val/Green/000090_frame000007_lXNuitZA53.jpg,1,Green,1,Green,0.9999996423721313,0.5,correct
000090_frame000008_Rdw9prgo1K.jpg,/home/jgaldeano/tfm/data/datasets/classifier/val/Green/000090_frame000008_Rdw9prgo1K.jpg,1,Green,1,Green,0.9999769926071167,0.5,correct
000090_frame000008_fl3hBiTQvm.jpg,/home/jgaldeano/tfm/data/datasets/classifier/val/Green/000090_frame000008_fl3hBiTQvm.jpg,1,Green,1,Green,0.9999604225158691,0.5,correct
000090_frame000009_0t2AdWm58q.jpg,/home/jgaldeano/tfm/data/datasets/classifier/val/Green/000090_frame000009_0t2AdWm58q.jpg,1,Green,1,Green,0.9999741315841675,0.5,correct
000090_frame000009_L7ZIvJr5UF.jpg,/home/jgaldeano/tfm/data/datasets/classifier/val/Green/000090_frame000009_L7ZIvJr5UF.jpg,1,Green,1,Green,0.9999953508377075,0.5,correct
000090_frame000010_wnXfwuI03K.jpg,/home/jgaldeano/tfm/data/datasets/classifier/val/Green/000090_frame000010_wnXfwuI03K.jpg,1,Green,1,Green,0.999993085861206,0.5,correct
000094_frame000001_7iUZMQe3gL.jpg,/home/jgaldeano/tfm/data/datasets/classifier/val/Green/000094_frame000001_7iUZMQe3gL.jpg,1,Green,1,Green,0.9999910593032837,0.5,correct
000094_frame000002_mpv7S-tX2w.jpg,/home/jgaldeano/tfm/data/datasets/classifier/val/Green/000094_frame000002_mpv7S-tX2w.jpg,1,Green,1,Green,0.9999970197677612,0.5,correct
000094_frame000003_NQNbjbXgyz.jpg,/home/jgaldeano/tfm/data/datasets/classifier/val/Green/000094_frame000003_NQNbjbXgyz.jpg,1,Green,1,Green,0.9999948740005493,0.5,correct
000094_frame000004_r7oPDL26pV.jpg,/home/jgaldeano/tfm/data/datasets/classifier/val/Green/000094_frame000004_r7oPDL26pV.jpg,1,Green,1,Green,0.999985933303833,0.5,correct
000094_frame000005_WLiSM71UbQ.jpg,/home/jgaldeano/tfm/data/datasets/classifier/val/Green/000094_frame000005_WLiSM71UbQ.jpg,1,Green,1,Green,0.9999960660934448,0.5,correct
000094_frame000006_-AjO5Tdix1.jpg,/home/jgaldeano/tfm/data/datasets/classifier/val/Green/000094_frame000006_-AjO5Tdix1.jpg,1,Green,1,Green,0.9999959468841553,0.5,correct
000094_frame000007_BbxEvliXsc.jpg,/home/jgaldeano/tfm/data/datasets/classifier/val/Green/000094_frame000007_BbxEvliXsc.jpg,1,Green,1,Green,0.9999934434890747,0.5,correct
000094_frame000008_0ozfq_Mlow.jpg,/home/jgaldeano/tfm/data/datasets/classifier/val/Green/000094_frame000008_0ozfq_Mlow.jpg,1,Green,1,Green,0.9999958276748657,0.5,correct
000094_frame000009_JvozDbcVaE.jpg,/home/jgaldeano/tfm/data/datasets/classifier/val/Green/000094_frame000009_JvozDbcVaE.jpg,1,Green,1,Green,0.9999924898147583,0.5,correct
000094_frame000010_PnG0fcX5Pv.jpg,/home/jgaldeano/tfm/data/datasets/classifier/val/Green/000094_frame000010_PnG0fcX5Pv.jpg,1,Green,1,Green,0.9999104738235474,0.5,correct
000098_frame000001_P76rQMcPCj.jpg,/home/jgaldeano/tfm/data/datasets/classifier/val/Green/000098_frame000001_P76rQMcPCj.jpg,1,Green,1,Green,0.9998910427093506,0.5,correct
000098_frame000001_aH_A7KMF7d.jpg,/home/jgaldeano/tfm/data/datasets/classifier/val/Green/000098_frame000001_aH_A7KMF7d.jpg,1,Green,1,Green,0.9999949932098389,0.5,correct
000098_frame000002_-U8pA8iJSY.jpg,/home/jgaldeano/tfm/data/datasets/classifier/val/Green/000098_frame000002_-U8pA8iJSY.jpg,1,Green,1,Green,0.9999953508377075,0.5,correct
000098_frame000002_Lz9aSliRzU.jpg,/home/jgaldeano/tfm/data/datasets/classifier/val/Green/000098_frame000002_Lz9aSliRzU.jpg,1,Green,1,Green,0.9999556541442871,0.5,correct
000098_frame000003_R02X9IIGnZ.jpg,/home/jgaldeano/tfm/data/datasets/classifier/val/Green/000098_frame000003_R02X9IIGnZ.jpg,1,Green,1,Green,0.9999403953552246,0.5,correct
000098_frame000003_dyKDOAGvjv.jpg,/home/jgaldeano/tfm/data/datasets/classifier/val/Green/000098_frame000003_dyKDOAGvjv.jpg,1,Green,1,Green,0.9999790191650391,0.5,correct
000098_frame000004_-2j5Nu26GT.jpg,/home/jgaldeano/tfm/data/datasets/classifier/val/Green/000098_frame000004_-2j5Nu26GT.jpg,1,Green,1,Green,0.9999700784683228,0.5,correct
000098_frame000004_KcP3NvU2r4.jpg,/home/jgaldeano/tfm/data/datasets/classifier/val/Green/000098_frame000004_KcP3NvU2r4.jpg,1,Green,1,Green,0.9999898672103882,0.5,correct
000098_frame000005_6N0oddh39o.jpg,/home/jgaldeano/tfm/data/datasets/classifier/val/Green/000098_frame000005_6N0oddh39o.jpg,1,Green,1,Green,0.9999912977218628,0.5,correct
000098_frame000005_YKtbaSOz_x.jpg,/home/jgaldeano/tfm/data/datasets/classifier/val/Green/000098_frame000005_YKtbaSOz_x.jpg,1,Green,1,Green,0.9999922513961792,0.5,correct
000098_frame000006_3RAK60tCd3.jpg,/home/jgaldeano/tfm/data/datasets/classifier/val/Green/000098_frame000006_3RAK60tCd3.jpg,1,Green,1,Green,0.9999805688858032,0.5,correct
000098_frame000006_B7jaWPjTj2.jpg,/home/jgaldeano/tfm/data/datasets/classifier/val/Green/000098_frame000006_B7jaWPjTj2.jpg,1,Green,1,Green,0.9999514818191528,0.5,correct
000098_frame000007_3M8ry6avhn.jpg,/home/jgaldeano/tfm/data/datasets/classifier/val/Green/000098_frame000007_3M8ry6avhn.jpg,1,Green,1,Green,0.9999872446060181,0.5,correct
000098_frame000007_mPC5py762n.jpg,/home/jgaldeano/tfm/data/datasets/classifier/val/Green/000098_frame000007_mPC5py762n.jpg,1,Green,1,Green,0.9999985694885254,0.5,correct
000098_frame000008_JK0NcLuhp4.jpg,/home/jgaldeano/tfm/data/datasets/classifier/val/Green/000098_frame000008_JK0NcLuhp4.jpg,1,Green,1,Green,0.9999642372131348,0.5,correct
000098_frame000009_unOSQYex1l.jpg,/home/jgaldeano/tfm/data/datasets/classifier/val/Green/000098_frame000009_unOSQYex1l.jpg,1,Green,1,Green,0.9999699592590332,0.5,correct
000098_frame000010_2c5DHTCf_6.jpg,/home/jgaldeano/tfm/data/datasets/classifier/val/Green/000098_frame000010_2c5DHTCf_6.jpg,1,Green,1,Green,0.9999988079071045,0.5,correct
000098_frame000011_qCV5hGtpdl.jpg,/home/jgaldeano/tfm/data/datasets/classifier/val/Green/000098_frame000011_qCV5hGtpdl.jpg,1,Green,1,Green,0.9999933242797852,0.5,correct
000098_frame000012_T12RsQjTiM.jpg,/home/jgaldeano/tfm/data/datasets/classifier/val/Green/000098_frame000012_T12RsQjTiM.jpg,1,Green,1,Green,0.9999867677688599,0.5,correct
000098_frame000013_U3Dmecd7Q_.jpg,/home/jgaldeano/tfm/data/datasets/classifier/val/Green/000098_frame000013_U3Dmecd7Q_.jpg,1,Green,1,Green,0.99998939037323,0.5,correct
000098_frame000014_3VGrjX3I8X.jpg,/home/jgaldeano/tfm/data/datasets/classifier/val/Green/000098_frame000014_3VGrjX3I8X.jpg,1,Green,1,Green,0.9999860525131226,0.5,correct
000098_frame000015_82UXGnzvji.jpg,/home/jgaldeano/tfm/data/datasets/classifier/val/Green/000098_frame000015_82UXGnzvji.jpg,1,Green,1,Green,0.9999974966049194,0.5,correct
000098_frame000016_Z-0OgFckmj.jpg,/home/jgaldeano/tfm/data/datasets/classifier/val/Green/000098_frame000016_Z-0OgFckmj.jpg,1,Green,1,Green,0.9999973773956299,0.5,correct
000098_frame000017_zc80p9IZrR.jpg,/home/jgaldeano/tfm/data/datasets/classifier/val/Green/000098_frame000017_zc80p9IZrR.jpg,1,Green,1,Green,0.9999951124191284,0.5,correct
000098_frame000018_MNJZX7n46V.jpg,/home/jgaldeano/tfm/data/datasets/classifier/val/Green/000098_frame000018_MNJZX7n46V.jpg,1,Green,1,Green,0.9999921321868896,0.5,correct
000098_frame000019_cZvkn-7F8A.jpg,/home/jgaldeano/tfm/data/datasets/classifier/val/Green/000098_frame000019_cZvkn-7F8A.jpg,1,Green,1,Green,0.9999960660934448,0.5,correct
000098_frame000020_8fsp4FcoBh.jpg,/home/jgaldeano/tfm/data/datasets/classifier/val/Green/000098_frame000020_8fsp4FcoBh.jpg,1,Green,1,Green,0.9999964237213135,0.5,correct
000098_frame000021_wo2GYxQPEE.jpg,/home/jgaldeano/tfm/data/datasets/classifier/val/Green/000098_frame000021_wo2GYxQPEE.jpg,1,Green,1,Green,0.9999958276748657,0.5,correct
000098_frame000022_MYA4oqk7aG.jpg,/home/jgaldeano/tfm/data/datasets/classifier/val/Green/000098_frame000022_MYA4oqk7aG.jpg,1,Green,1,Green,0.9999972581863403,0.5,correct
000098_frame000023_fPUTxXswRm.jpg,/home/jgaldeano/tfm/data/datasets/classifier/val/Green/000098_frame000023_fPUTxXswRm.jpg,1,Green,1,Green,0.9999964237213135,0.5,correct
000098_frame000024_dHV9KTqM0v.jpg,/home/jgaldeano/tfm/data/datasets/classifier/val/Green/000098_frame000024_dHV9KTqM0v.jpg,1,Green,1,Green,0.9999974966049194,0.5,correct
000098_frame000025_5gdwzJhahW.jpg,/home/jgaldeano/tfm/data/datasets/classifier/val/Green/000098_frame000025_5gdwzJhahW.jpg,1,Green,1,Green,0.9999948740005493,0.5,correct
000099_frame000001_jtgouFdzud.jpg,/home/jgaldeano/tfm/data/datasets/classifier/val/Green/000099_frame000001_jtgouFdzud.jpg,1,Green,1,Green,0.9999926090240479,0.5,correct
000099_frame000002_iAcXIPPTzS.jpg,/home/jgaldeano/tfm/data/datasets/classifier/val/Green/000099_frame000002_iAcXIPPTzS.jpg,1,Green,1,Green,0.9999964237213135,0.5,correct
000099_frame000003_nzKmPa_OCF.jpg,/home/jgaldeano/tfm/data/datasets/classifier/val/Green/000099_frame000003_nzKmPa_OCF.jpg,1,Green,1,Green,0.9999994039535522,0.5,correct
000099_frame000004_kRhjo0-eEQ.jpg,/home/jgaldeano/tfm/data/datasets/classifier/val/Green/000099_frame000004_kRhjo0-eEQ.jpg,1,Green,1,Green,0.9999979734420776,0.5,correct
000099_frame000005_43LTiLNB6R.jpg,/home/jgaldeano/tfm/data/datasets/classifier/val/Green/000099_frame000005_43LTiLNB6R.jpg,1,Green,1,Green,0.9999972581863403,0.5,correct
000099_frame000006_CVIKM2aSCL.jpg,/home/jgaldeano/tfm/data/datasets/classifier/val/Green/000099_frame000006_CVIKM2aSCL.jpg,1,Green,1,Green,0.9999964237213135,0.5,correct
000099_frame000007_a_KOY3Quwa.jpg,/home/jgaldeano/tfm/data/datasets/classifier/val/Green/000099_frame000007_a_KOY3Quwa.jpg,1,Green,1,Green,0.9999942779541016,0.5,correct
000099_frame000008_57CTFWrMQ0.jpg,/home/jgaldeano/tfm/data/datasets/classifier/val/Green/000099_frame000008_57CTFWrMQ0.jpg,1,Green,1,Green,0.9999897480010986,0.5,correct
000099_frame000009_-HZwPQIYRp.jpg,/home/jgaldeano/tfm/data/datasets/classifier/val/Green/000099_frame000009_-HZwPQIYRp.jpg,1,Green,1,Green,0.999974250793457,0.5,correct
000099_frame000010_Z2Jpz9yaS0.jpg,/home/jgaldeano/tfm/data/datasets/classifier/val/Green/000099_frame000010_Z2Jpz9yaS0.jpg,1,Green,1,Green,0.9999947547912598,0.5,correct
000099_frame000011_0fL9vTFBFc.jpg,/home/jgaldeano/tfm/data/datasets/classifier/val/Green/000099_frame000011_0fL9vTFBFc.jpg,1,Green,1,Green,0.9999897480010986,0.5,correct
000100_frame000001_MPZqbMowhX.jpg,/home/jgaldeano/tfm/data/datasets/classifier/val/Green/000100_frame000001_MPZqbMowhX.jpg,1,Green,1,Green,0.9999990463256836,0.5,correct
000100_frame000001_kMgF2aXTXj.jpg,/home/jgaldeano/tfm/data/datasets/classifier/val/Green/000100_frame000001_kMgF2aXTXj.jpg,1,Green,1,Green,0.9999983310699463,0.5,correct
000100_frame000002_-Mz4Tl_r1s.jpg,/home/jgaldeano/tfm/data/datasets/classifier/val/Green/000100_frame000002_-Mz4Tl_r1s.jpg,1,Green,1,Green,0.9999986886978149,0.5,correct
000100_frame000003_cdor6dSC4n.jpg,/home/jgaldeano/tfm/data/datasets/classifier/val/Green/000100_frame000003_cdor6dSC4n.jpg,1,Green,1,Green,0.9999963045120239,0.5,correct
000100_frame000004_gCyH5hZ-HV.jpg,/home/jgaldeano/tfm/data/datasets/classifier/val/Green/000100_frame000004_gCyH5hZ-HV.jpg,1,Green,1,Green,0.9999985694885254,0.5,correct
000100_frame000004_gyENOrfOkr.jpg,/home/jgaldeano/tfm/data/datasets/classifier/val/Green/000100_frame000004_gyENOrfOkr.jpg,1,Green,1,Green,0.9999998807907104,0.5,correct
000100_frame000005_adeuFr743n.jpg,/home/jgaldeano/tfm/data/datasets/classifier/val/Green/000100_frame000005_adeuFr743n.jpg,1,Green,1,Green,0.9999961853027344,0.5,correct
000100_frame000006_0kDmS4QQ8e.jpg,/home/jgaldeano/tfm/data/datasets/classifier/val/Green/000100_frame000006_0kDmS4QQ8e.jpg,1,Green,1,Green,0.9999983310699463,0.5,correct
000100_frame000007_QOGjDnQNGf.jpg,/home/jgaldeano/tfm/data/datasets/classifier/val/Green/000100_frame000007_QOGjDnQNGf.jpg,1,Green,1,Green,0.999996542930603,0.5,correct
000100_frame000007_f3NyCFZNW5.jpg,/home/jgaldeano/tfm/data/datasets/classifier/val/Green/000100_frame000007_f3NyCFZNW5.jpg,1,Green,1,Green,0.9999998807907104,0.5,correct
000100_frame000008_b2nh3u0XZR.jpg,/home/jgaldeano/tfm/data/datasets/classifier/val/Green/000100_frame000008_b2nh3u0XZR.jpg,1,Green,1,Green,0.9999973773956299,0.5,correct
000100_frame000009_FyPXTN5YUr.jpg,/home/jgaldeano/tfm/data/datasets/classifier/val/Green/000100_frame000009_FyPXTN5YUr.jpg,1,Green,1,Green,0.9999982118606567,0.5,correct
000100_frame000010__pJ8DLGh9E.jpg,/home/jgaldeano/tfm/data/datasets/classifier/val/Green/000100_frame000010__pJ8DLGh9E.jpg,1,Green,1,Green,0.9999970197677612,0.5,correct
000100_frame000010_zRZ_x9AY0E.jpg,/home/jgaldeano/tfm/data/datasets/classifier/val/Green/000100_frame000010_zRZ_x9AY0E.jpg,1,Green,1,Green,0.9999996423721313,0.5,correct
000100_frame000013_7ik3FeeEQX.jpg,/home/jgaldeano/tfm/data/datasets/classifier/val/Green/000100_frame000013_7ik3FeeEQX.jpg,1,Green,1,Green,1.0,0.5,correct
000100_frame000013_pYvlnXK15x.jpg,/home/jgaldeano/tfm/data/datasets/classifier/val/Green/000100_frame000013_pYvlnXK15x.jpg,1,Green,1,Green,0.9999974966049194,0.5,correct
000100_frame000016_9aMimh-30-.jpg,/home/jgaldeano/tfm/data/datasets/classifier/val/Green/000100_frame000016_9aMimh-30-.jpg,1,Green,1,Green,0.9999997615814209,0.5,correct
000100_frame000016_cXuJ5rqXH4.jpg,/home/jgaldeano/tfm/data/datasets/classifier/val/Green/000100_frame000016_cXuJ5rqXH4.jpg,1,Green,1,Green,0.9999988079071045,0.5,correct
000102_frame000001_g0LWI__tQW.jpg,/home/jgaldeano/tfm/data/datasets/classifier/val/Green/000102_frame000001_g0LWI__tQW.jpg,1,Green,1,Green,0.9999997615814209,0.5,correct
000102_frame000002_s3S9lCB3GY.jpg,/home/jgaldeano/tfm/data/datasets/classifier/val/Green/000102_frame000002_s3S9lCB3GY.jpg,1,Green,1,Green,0.9999997615814209,0.5,correct
000102_frame000003_JxI6vhZFS-.jpg,/home/jgaldeano/tfm/data/datasets/classifier/val/Green/000102_frame000003_JxI6vhZFS-.jpg,1,Green,1,Green,0.9999996423721313,0.5,correct
000102_frame000004_Z9jFPvX6jv.jpg,/home/jgaldeano/tfm/data/datasets/classifier/val/Green/000102_frame000004_Z9jFPvX6jv.jpg,1,Green,1,Green,0.9999997615814209,0.5,correct
000102_frame000005_qDM6ofErUK.jpg,/home/jgaldeano/tfm/data/datasets/classifier/val/Green/000102_frame000005_qDM6ofErUK.jpg,1,Green,1,Green,0.9999992847442627,0.5,correct
000102_frame000006_LampxJoNLI.jpg,/home/jgaldeano/tfm/data/datasets/classifier/val/Green/000102_frame000006_LampxJoNLI.jpg,1,Green,1,Green,0.9999991655349731,0.5,correct
000102_frame000006_aKQO6VyHin.jpg,/home/jgaldeano/tfm/data/datasets/classifier/val/Green/000102_frame000006_aKQO6VyHin.jpg,1,Green,1,Green,0.9999977350234985,0.5,correct
000102_frame000007_PNsq0CzsWf.jpg,/home/jgaldeano/tfm/data/datasets/classifier/val/Green/000102_frame000007_PNsq0CzsWf.jpg,1,Green,1,Green,0.9999990463256836,0.5,correct
000102_frame000007_S076gq01WN.jpg,/home/jgaldeano/tfm/data/datasets/classifier/val/Green/000102_frame000007_S076gq01WN.jpg,1,Green,1,Green,0.9999998807907104,0.5,correct
000102_frame000008_n-6NJr-VrM.jpg,/home/jgaldeano/tfm/data/datasets/classifier/val/Green/000102_frame000008_n-6NJr-VrM.jpg,1,Green,1,Green,0.9999992847442627,0.5,correct
000102_frame000008_tjjTg6aT-X.jpg,/home/jgaldeano/tfm/data/datasets/classifier/val/Green/000102_frame000008_tjjTg6aT-X.jpg,1,Green,1,Green,0.9999997615814209,0.5,correct
000102_frame000009_btZuV_OGj5.jpg,/home/jgaldeano/tfm/data/datasets/classifier/val/Green/000102_frame000009_btZuV_OGj5.jpg,1,Green,1,Green,0.9999997615814209,0.5,correct
000102_frame000009_cLci50ER0c.jpg,/home/jgaldeano/tfm/data/datasets/classifier/val/Green/000102_frame000009_cLci50ER0c.jpg,1,Green,1,Green,0.9999979734420776,0.5,correct
000102_frame000010_Qwn5L1ruRj.jpg,/home/jgaldeano/tfm/data/datasets/classifier/val/Green/000102_frame000010_Qwn5L1ruRj.jpg,1,Green,1,Green,0.9999997615814209,0.5,correct
000102_frame000010_R4WmSO3Ulz.jpg,/home/jgaldeano/tfm/data/datasets/classifier/val/Green/000102_frame000010_R4WmSO3Ulz.jpg,1,Green,1,Green,0.9999988079071045,0.5,correct
000102_frame000011_IY1_7nDRGE.jpg,/home/jgaldeano/tfm/data/datasets/classifier/val/Green/000102_frame000011_IY1_7nDRGE.jpg,1,Green,1,Green,0.9999998807907104,0.5,correct
000102_frame000011_pRLS_rhFmJ.jpg,/home/jgaldeano/tfm/data/datasets/classifier/val/Green/000102_frame000011_pRLS_rhFmJ.jpg,1,Green,1,Green,0.9999985694885254,0.5,correct
000102_frame000012_ZgbPLcK0Jq.jpg,/home/jgaldeano/tfm/data/datasets/classifier/val/Green/000102_frame000012_ZgbPLcK0Jq.jpg,1,Green,1,Green,0.9999982118606567,0.5,correct
000102_frame000012_yUn0cvP2i2.jpg,/home/jgaldeano/tfm/data/datasets/classifier/val/Green/000102_frame000012_yUn0cvP2i2.jpg,1,Green,1,Green,0.9999998807907104,0.5,correct
000102_frame000013_8m_IEo-wIs.jpg,/home/jgaldeano/tfm/data/datasets/classifier/val/Green/000102_frame000013_8m_IEo-wIs.jpg,1,Green,1,Green,0.9999979734420776,0.5,correct
000102_frame000013_i_oBH0dYUR.jpg,/home/jgaldeano/tfm/data/datasets/classifier/val/Green/000102_frame000013_i_oBH0dYUR.jpg,1,Green,1,Green,0.9999998807907104,0.5,correct
000102_frame000014_9h54ruV0Mm.jpg,/home/jgaldeano/tfm/data/datasets/classifier/val/Green/000102_frame000014_9h54ruV0Mm.jpg,1,Green,1,Green,0.9999966621398926,0.5,correct
000102_frame000014_OXRdvADAOQ.jpg,/home/jgaldeano/tfm/data/datasets/classifier/val/Green/000102_frame000014_OXRdvADAOQ.jpg,1,Green,1,Green,0.9999995231628418,0.5,correct
000102_frame000015_5dP-8SQfDp.jpg,/home/jgaldeano/tfm/data/datasets/classifier/val/Green/000102_frame000015_5dP-8SQfDp.jpg,1,Green,1,Green,1.0,0.5,correct
000102_frame000015_TNH374Cnxn.jpg,/home/jgaldeano/tfm/data/datasets/classifier/val/Green/000102_frame000015_TNH374Cnxn.jpg,1,Green,1,Green,0.9999959468841553,0.5,correct
000102_frame000016_QOjsbfCn_1.jpg,/home/jgaldeano/tfm/data/datasets/classifier/val/Green/000102_frame000016_QOjsbfCn_1.jpg,1,Green,1,Green,0.9999998807907104,0.5,correct
000102_frame000016_WNmV1i44bg.jpg,/home/jgaldeano/tfm/data/datasets/classifier/val/Green/000102_frame000016_WNmV1i44bg.jpg,1,Green,1,Green,0.9999967813491821,0.5,correct
000102_frame000017_4d--a_DSMR.jpg,/home/jgaldeano/tfm/data/datasets/classifier/val/Green/000102_frame000017_4d--a_DSMR.jpg,1,Green,1,Green,0.9999998807907104,0.5,correct
000102_frame000017_upS3YoqRCu.jpg,/home/jgaldeano/tfm/data/datasets/classifier/val/Green/000102_frame000017_upS3YoqRCu.jpg,1,Green,1,Green,0.9999979734420776,0.5,correct
000102_frame000018_IpRyyTw3Hr.jpg,/home/jgaldeano/tfm/data/datasets/classifier/val/Green/000102_frame000018_IpRyyTw3Hr.jpg,1,Green,1,Green,0.9999998807907104,0.5,correct
000102_frame000018_x4bGDrt014.jpg,/home/jgaldeano/tfm/data/datasets/classifier/val/Green/000102_frame000018_x4bGDrt014.jpg,1,Green,1,Green,0.9999974966049194,0.5,correct
000102_frame000019_TzWraRoKLj.jpg,/home/jgaldeano/tfm/data/datasets/classifier/val/Green/000102_frame000019_TzWraRoKLj.jpg,1,Green,1,Green,1.0,0.5,correct
000102_frame000019_XC7ZqH8VXw.jpg,/home/jgaldeano/tfm/data/datasets/classifier/val/Green/000102_frame000019_XC7ZqH8VXw.jpg,1,Green,1,Green,0.9999998807907104,0.5,correct
000102_frame000020_udisKgMTfJ.jpg,/home/jgaldeano/tfm/data/datasets/classifier/val/Green/000102_frame000020_udisKgMTfJ.jpg,1,Green,1,Green,0.9999998807907104,0.5,correct
000102_frame000021_18mfIYHmSG.jpg,/home/jgaldeano/tfm/data/datasets/classifier/val/Green/000102_frame000021_18mfIYHmSG.jpg,1,Green,1,Green,0.9999998807907104,0.5,correct
000102_frame000022_fKjk3-vZjG.jpg,/home/jgaldeano/tfm/data/datasets/classifier/val/Green/000102_frame000022_fKjk3-vZjG.jpg,1,Green,1,Green,0.9999998807907104,0.5,correct
000102_frame000023_m78p3qI24-.jpg,/home/jgaldeano/tfm/data/datasets/classifier/val/Green/000102_frame000023_m78p3qI24-.jpg,1,Green,1,Green,0.9999998807907104,0.5,correct
000102_frame000024_PjIi-bChJj.jpg,/home/jgaldeano/tfm/data/datasets/classifier/val/Green/000102_frame000024_PjIi-bChJj.jpg,1,Green,1,Green,0.9999998807907104,0.5,correct
000102_frame000025__x1e0z4pGr.jpg,/home/jgaldeano/tfm/data/datasets/classifier/val/Green/000102_frame000025__x1e0z4pGr.jpg,1,Green,1,Green,0.9999997615814209,0.5,correct
000102_frame000026_ouKclKa5nr.jpg,/home/jgaldeano/tfm/data/datasets/classifier/val/Green/000102_frame000026_ouKclKa5nr.jpg,1,Green,1,Green,0.9999990463256836,0.5,correct
000102_frame000027_cpL7hsqT0P.jpg,/home/jgaldeano/tfm/data/datasets/classifier/val/Green/000102_frame000027_cpL7hsqT0P.jpg,1,Green,1,Green,0.9999997615814209,0.5,correct
000102_frame000028_koACh7bCqu.jpg,/home/jgaldeano/tfm/data/datasets/classifier/val/Green/000102_frame000028_koACh7bCqu.jpg,1,Green,1,Green,0.9999997615814209,0.5,correct
000102_frame000029_8zVm3ZIFC3.jpg,/home/jgaldeano/tfm/data/datasets/classifier/val/Green/000102_frame000029_8zVm3ZIFC3.jpg,1,Green,1,Green,0.9999997615814209,0.5,correct
000102_frame000030_-oGgAn0QND.jpg,/home/jgaldeano/tfm/data/datasets/classifier/val/Green/000102_frame000030_-oGgAn0QND.jpg,1,Green,1,Green,0.9999996423721313,0.5,correct
000102_frame000031_skc0Nj5VmU.jpg,/home/jgaldeano/tfm/data/datasets/classifier/val/Green/000102_frame000031_skc0Nj5VmU.jpg,1,Green,1,Green,0.9999997615814209,0.5,correct
000102_frame000032_t1yD4nmbOr.jpg,/home/jgaldeano/tfm/data/datasets/classifier/val/Green/000102_frame000032_t1yD4nmbOr.jpg,1,Green,1,Green,0.9999995231628418,0.5,correct
000102_frame000033_8ugw-cDgDX.jpg,/home/jgaldeano/tfm/data/datasets/classifier/val/Green/000102_frame000033_8ugw-cDgDX.jpg,1,Green,1,Green,0.9999995231628418,0.5,correct
000102_frame000034_MJr6u2pdlS.jpg,/home/jgaldeano/tfm/data/datasets/classifier/val/Green/000102_frame000034_MJr6u2pdlS.jpg,1,Green,1,Green,0.9999997615814209,0.5,correct
000102_frame000035_Y2H5_5H0y1.jpg,/home/jgaldeano/tfm/data/datasets/classifier/val/Green/000102_frame000035_Y2H5_5H0y1.jpg,1,Green,1,Green,0.9999998807907104,0.5,correct
000104_frame000019_psuvPWQkWI.jpg,/home/jgaldeano/tfm/data/datasets/classifier/val/Green/000104_frame000019_psuvPWQkWI.jpg,1,Green,1,Green,0.9999970197677612,0.5,correct
000104_frame000020_f9WJFB_9ET.jpg,/home/jgaldeano/tfm/data/datasets/classifier/val/Green/000104_frame000020_f9WJFB_9ET.jpg,1,Green,1,Green,0.9999986886978149,0.5,correct
000104_frame000021_8El60sVO-X.jpg,/home/jgaldeano/tfm/data/datasets/classifier/val/Green/000104_frame000021_8El60sVO-X.jpg,1,Green,1,Green,0.9999935626983643,0.5,correct
000104_frame000022_Kf26942Ldp.jpg,/home/jgaldeano/tfm/data/datasets/classifier/val/Green/000104_frame000022_Kf26942Ldp.jpg,1,Green,1,Green,0.9999992847442627,0.5,correct
000104_frame000028_LbhQbRhGxf.jpg,/home/jgaldeano/tfm/data/datasets/classifier/val/Green/000104_frame000028_LbhQbRhGxf.jpg,1,Green,1,Green,0.9999978542327881,0.5,correct
000104_frame000029_QSYgjie8ZF.jpg,/home/jgaldeano/tfm/data/datasets/classifier/val/Green/000104_frame000029_QSYgjie8ZF.jpg,1,Green,1,Green,0.9999995231628418,0.5,correct
000104_frame000029_fzF3AizQWW.jpg,/home/jgaldeano/tfm/data/datasets/classifier/val/Green/000104_frame000029_fzF3AizQWW.jpg,1,Green,1,Green,0.9999969005584717,0.5,correct
000104_frame000030_q9O6atlyhr.jpg,/home/jgaldeano/tfm/data/datasets/classifier/val/Green/000104_frame000030_q9O6atlyhr.jpg,1,Green,1,Green,0.9999995231628418,0.5,correct
000104_frame000031_DpmwLB2a5D.jpg,/home/jgaldeano/tfm/data/datasets/classifier/val/Green/000104_frame000031_DpmwLB2a5D.jpg,1,Green,1,Green,0.9999990463256836,0.5,correct
000104_frame000032_JK3_K-SJC8.jpg,/home/jgaldeano/tfm/data/datasets/classifier/val/Green/000104_frame000032_JK3_K-SJC8.jpg,1,Green,1,Green,0.9999992847442627,0.5,correct
000104_frame000033_OlBQfcZ6yE.jpg,/home/jgaldeano/tfm/data/datasets/classifier/val/Green/000104_frame000033_OlBQfcZ6yE.jpg,1,Green,1,Green,0.9999998807907104,0.5,correct
000104_frame000033_eYitKxm4jf.jpg,/home/jgaldeano/tfm/data/datasets/classifier/val/Green/000104_frame000033_eYitKxm4jf.jpg,1,Green,1,Green,0.9999858140945435,0.5,correct
000104_frame000034_92B11LfnQX.jpg,/home/jgaldeano/tfm/data/datasets/classifier/val/Green/000104_frame000034_92B11LfnQX.jpg,1,Green,1,Green,0.9999868869781494,0.5,correct
000104_frame000035_Vanw8SIU_I.jpg,/home/jgaldeano/tfm/data/datasets/classifier/val/Green/000104_frame000035_Vanw8SIU_I.jpg,1,Green,1,Green,0.9999972581863403,0.5,correct
000104_frame000036_jJh3Q_2tlm.jpg,/home/jgaldeano/tfm/data/datasets/classifier/val/Green/000104_frame000036_jJh3Q_2tlm.jpg,1,Green,1,Green,0.9999887943267822,0.5,correct
000104_frame000037_IqegAP2XvP.jpg,/home/jgaldeano/tfm/data/datasets/classifier/val/Green/000104_frame000037_IqegAP2XvP.jpg,1,Green,1,Green,0.9999949932098389,0.5,correct
000104_frame000038_i_0bBAtLIM.jpg,/home/jgaldeano/tfm/data/datasets/classifier/val/Green/000104_frame000038_i_0bBAtLIM.jpg,1,Green,1,Green,0.9999963045120239,0.5,correct
000104_frame000039_Q66L3Z36MR.jpg,/home/jgaldeano/tfm/data/datasets/classifier/val/Green/000104_frame000039_Q66L3Z36MR.jpg,1,Green,1,Green,0.9999971389770508,0.5,correct
000104_frame000040_WsIJtWS35J.jpg,/home/jgaldeano/tfm/data/datasets/classifier/val/Green/000104_frame000040_WsIJtWS35J.jpg,1,Green,1,Green,0.9999918937683105,0.5,correct
000104_frame000041_iJfTpuI4HA.jpg,/home/jgaldeano/tfm/data/datasets/classifier/val/Green/000104_frame000041_iJfTpuI4HA.jpg,1,Green,1,Green,0.9999920129776001,0.5,correct
000104_frame000042_AmpfI7HQZr.jpg,/home/jgaldeano/tfm/data/datasets/classifier/val/Green/000104_frame000042_AmpfI7HQZr.jpg,1,Green,1,Green,0.9999887943267822,0.5,correct
000104_frame000043_plFz4TkecL.jpg,/home/jgaldeano/tfm/data/datasets/classifier/val/Green/000104_frame000043_plFz4TkecL.jpg,1,Green,1,Green,0.9999889135360718,0.5,correct
000104_frame000044_V_4vyPBSnO.jpg,/home/jgaldeano/tfm/data/datasets/classifier/val/Green/000104_frame000044_V_4vyPBSnO.jpg,1,Green,1,Green,0.9999802112579346,0.5,correct
000104_frame000045_DpkggZGI-i.jpg,/home/jgaldeano/tfm/data/datasets/classifier/val/Green/000104_frame000045_DpkggZGI-i.jpg,1,Green,1,Green,0.9999397993087769,0.5,correct
000104_frame000046_36U6SCq35l.jpg,/home/jgaldeano/tfm/data/datasets/classifier/val/Green/000104_frame000046_36U6SCq35l.jpg,1,Green,1,Green,0.9999998807907104,0.5,correct
000104_frame000047_1FOCDERn_M.jpg,/home/jgaldeano/tfm/data/datasets/classifier/val/Green/000104_frame000047_1FOCDERn_M.jpg,1,Green,1,Green,0.9999995231628418,0.5,correct
000104_frame000048_ydZ4Dp65wV.jpg,/home/jgaldeano/tfm/data/datasets/classifier/val/Green/000104_frame000048_ydZ4Dp65wV.jpg,1,Green,1,Green,0.9999971389770508,0.5,correct
000104_frame000049_EkSVb2AVEA.jpg,/home/jgaldeano/tfm/data/datasets/classifier/val/Green/000104_frame000049_EkSVb2AVEA.jpg,1,Green,1,Green,0.9999980926513672,0.5,correct
000104_frame000050_n3ai86-I6a.jpg,/home/jgaldeano/tfm/data/datasets/classifier/val/Green/000104_frame000050_n3ai86-I6a.jpg,1,Green,1,Green,0.9999995231628418,0.5,correct
000104_frame000051_JeNp3L8cwg.jpg,/home/jgaldeano/tfm/data/datasets/classifier/val/Green/000104_frame000051_JeNp3L8cwg.jpg,1,Green,1,Green,0.9999982118606567,0.5,correct
000104_frame000052_4udB8rTEgc.jpg,/home/jgaldeano/tfm/data/datasets/classifier/val/Green/000104_frame000052_4udB8rTEgc.jpg,1,Green,1,Green,0.999997615814209,0.5,correct
000109_frame000008_Vi3VJ5qRB1.jpg,/home/jgaldeano/tfm/data/datasets/classifier/val/Green/000109_frame000008_Vi3VJ5qRB1.jpg,1,Green,1,Green,0.9245008230209351,0.5,correct
000109_frame000009_Oxdfy3aSS6.jpg,/home/jgaldeano/tfm/data/datasets/classifier/val/Green/000109_frame000009_Oxdfy3aSS6.jpg,1,Green,1,Green,0.9989292025566101,0.5,correct
000109_frame000010_DpxnEbw67-.jpg,/home/jgaldeano/tfm/data/datasets/classifier/val/Green/000109_frame000010_DpxnEbw67-.jpg,1,Green,1,Green,0.9994779229164124,0.5,correct
000109_frame000011_35fLQwK2kt.jpg,/home/jgaldeano/tfm/data/datasets/classifier/val/Green/000109_frame000011_35fLQwK2kt.jpg,1,Green,1,Green,0.8676791191101074,0.5,correct
000109_frame000012_sHpnbcYl_u.jpg,/home/jgaldeano/tfm/data/datasets/classifier/val/Green/000109_frame000012_sHpnbcYl_u.jpg,1,Green,1,Green,0.9994888305664062,0.5,correct
000109_frame000013_SyAG5xIVSd.jpg,/home/jgaldeano/tfm/data/datasets/classifier/val/Green/000109_frame000013_SyAG5xIVSd.jpg,1,Green,1,Green,0.999104917049408,0.5,correct
000109_frame000014_i7D08nBwOv.jpg,/home/jgaldeano/tfm/data/datasets/classifier/val/Green/000109_frame000014_i7D08nBwOv.jpg,1,Green,1,Green,0.9966591596603394,0.5,correct
000109_frame000015_DYOgM9m7Vu.jpg,/home/jgaldeano/tfm/data/datasets/classifier/val/Green/000109_frame000015_DYOgM9m7Vu.jpg,1,Green,1,Green,0.9989895224571228,0.5,correct
000109_frame000016_xmnUrn4KJa.jpg,/home/jgaldeano/tfm/data/datasets/classifier/val/Green/000109_frame000016_xmnUrn4KJa.jpg,1,Green,1,Green,0.9936894178390503,0.5,correct
000109_frame000017_3w7PdX47Gw.jpg,/home/jgaldeano/tfm/data/datasets/classifier/val/Green/000109_frame000017_3w7PdX47Gw.jpg,1,Green,1,Green,0.7081169486045837,0.5,correct
000109_frame000018_t2O-9NASJ1.jpg,/home/jgaldeano/tfm/data/datasets/classifier/val/Green/000109_frame000018_t2O-9NASJ1.jpg,1,Green,1,Green,0.9949034452438354,0.5,correct
000109_frame000019_YChSNffVOB.jpg,/home/jgaldeano/tfm/data/datasets/classifier/val/Green/000109_frame000019_YChSNffVOB.jpg,1,Green,1,Green,0.9932270646095276,0.5,correct
000109_frame000020_WD44V8yxuc.jpg,/home/jgaldeano/tfm/data/datasets/classifier/val/Green/000109_frame000020_WD44V8yxuc.jpg,1,Green,1,Green,0.8608090877532959,0.5,correct
000109_frame000021_bcoTsHdAa7.jpg,/home/jgaldeano/tfm/data/datasets/classifier/val/Green/000109_frame000021_bcoTsHdAa7.jpg,1,Green,1,Green,0.9978294968605042,0.5,correct
000109_frame000022_ZievIgEQLM.jpg,/home/jgaldeano/tfm/data/datasets/classifier/val/Green/000109_frame000022_ZievIgEQLM.jpg,1,Green,1,Green,0.9878941178321838,0.5,correct
000109_frame000023_8Za4-wFPLO.jpg,/home/jgaldeano/tfm/data/datasets/classifier/val/Green/000109_frame000023_8Za4-wFPLO.jpg,1,Green,1,Green,0.9764154553413391,0.5,correct
000109_frame000024_s3BtosDy_k.jpg,/home/jgaldeano/tfm/data/datasets/classifier/val/Green/000109_frame000024_s3BtosDy_k.jpg,1,Green,1,Green,0.9990668892860413,0.5,correct
000109_frame000025_PhusUc5XhW.jpg,/home/jgaldeano/tfm/data/datasets/classifier/val/Green/000109_frame000025_PhusUc5XhW.jpg,1,Green,1,Green,0.9994648098945618,0.5,correct
000109_frame000026_34QkK4Xbnq.jpg,/home/jgaldeano/tfm/data/datasets/classifier/val/Green/000109_frame000026_34QkK4Xbnq.jpg,1,Green,0,Red,0.0230158269405365,0.5,FN
000109_frame000026_hZ_T52xudY.jpg,/home/jgaldeano/tfm/data/datasets/classifier/val/Green/000109_frame000026_hZ_T52xudY.jpg,1,Green,1,Green,1.0,0.5,correct
000109_frame000027_oRkjS2Swr9.jpg,/home/jgaldeano/tfm/data/datasets/classifier/val/Green/000109_frame000027_oRkjS2Swr9.jpg,1,Green,1,Green,0.999339759349823,0.5,correct
000109_frame000027_to-WDOdwKt.jpg,/home/jgaldeano/tfm/data/datasets/classifier/val/Green/000109_frame000027_to-WDOdwKt.jpg,1,Green,1,Green,1.0,0.5,correct
000109_frame000028_H-prgmhgTD.jpg,/home/jgaldeano/tfm/data/datasets/classifier/val/Green/000109_frame000028_H-prgmhgTD.jpg,1,Green,1,Green,0.999320387840271,0.5,correct
000109_frame000028_tao_P3B122.jpg,/home/jgaldeano/tfm/data/datasets/classifier/val/Green/000109_frame000028_tao_P3B122.jpg,1,Green,1,Green,1.0,0.5,correct
000109_frame000029_3WIlHr-24f.jpg,/home/jgaldeano/tfm/data/datasets/classifier/val/Green/000109_frame000029_3WIlHr-24f.jpg,1,Green,0,Red,0.08926369994878769,0.5,FN
000109_frame000029_AeunYz0GK3.jpg,/home/jgaldeano/tfm/data/datasets/classifier/val/Green/000109_frame000029_AeunYz0GK3.jpg,1,Green,1,Green,1.0,0.5,correct
000109_frame000030_jP04IqhwFw.jpg,/home/jgaldeano/tfm/data/datasets/classifier/val/Green/000109_frame000030_jP04IqhwFw.jpg,1,Green,1,Green,0.9981127977371216,0.5,correct
000109_frame000030_r3Z0qdk69I.jpg,/home/jgaldeano/tfm/data/datasets/classifier/val/Green/000109_frame000030_r3Z0qdk69I.jpg,1,Green,1,Green,1.0,0.5,correct
000109_frame000031_8h7nmmBkzv.jpg,/home/jgaldeano/tfm/data/datasets/classifier/val/Green/000109_frame000031_8h7nmmBkzv.jpg,1,Green,1,Green,0.9783929586410522,0.5,correct
000109_frame000031_c6Yyh1eLJu.jpg,/home/jgaldeano/tfm/data/datasets/classifier/val/Green/000109_frame000031_c6Yyh1eLJu.jpg,1,Green,1,Green,1.0,0.5,correct
000109_frame000032_HqK2gRHxnx.jpg,/home/jgaldeano/tfm/data/datasets/classifier/val/Green/000109_frame000032_HqK2gRHxnx.jpg,1,Green,1,Green,1.0,0.5,correct
000109_frame000032_ctKcbKwjy_.jpg,/home/jgaldeano/tfm/data/datasets/classifier/val/Green/000109_frame000032_ctKcbKwjy_.jpg,1,Green,1,Green,0.9091417193412781,0.5,correct
000109_frame000033_51wrVi6AHs.jpg,/home/jgaldeano/tfm/data/datasets/classifier/val/Green/000109_frame000033_51wrVi6AHs.jpg,1,Green,1,Green,1.0,0.5,correct
000109_frame000033_H_gVYFTU7L.jpg,/home/jgaldeano/tfm/data/datasets/classifier/val/Green/000109_frame000033_H_gVYFTU7L.jpg,1,Green,1,Green,0.9968360662460327,0.5,correct
000002_frame000001_rj36wWawuF.jpg,/home/jgaldeano/tfm/data/datasets/classifier/val/Red/000002_frame000001_rj36wWawuF.jpg,0,Red,0,Red,0.00033885048469528556,0.5,correct
000002_frame000002_kYl5QPaxq0.jpg,/home/jgaldeano/tfm/data/datasets/classifier/val/Red/000002_frame000002_kYl5QPaxq0.jpg,0,Red,0,Red,0.0003138557367492467,0.5,correct
000002_frame000003_9AgQLL0PLA.jpg,/home/jgaldeano/tfm/data/datasets/classifier/val/Red/000002_frame000003_9AgQLL0PLA.jpg,0,Red,0,Red,0.00034841918386518955,0.5,correct
000002_frame000004_EeQgJBFrTX.jpg,/home/jgaldeano/tfm/data/datasets/classifier/val/Red/000002_frame000004_EeQgJBFrTX.jpg,0,Red,0,Red,0.0005745873204432428,0.5,correct
000002_frame000005_CPocqMBBqt.jpg,/home/jgaldeano/tfm/data/datasets/classifier/val/Red/000002_frame000005_CPocqMBBqt.jpg,0,Red,0,Red,0.0004860278859268874,0.5,correct
000002_frame000006_NJEObpVyyG.jpg,/home/jgaldeano/tfm/data/datasets/classifier/val/Red/000002_frame000006_NJEObpVyyG.jpg,0,Red,0,Red,0.0003940426104236394,0.5,correct
000002_frame000007_vlkQhOC5vv.jpg,/home/jgaldeano/tfm/data/datasets/classifier/val/Red/000002_frame000007_vlkQhOC5vv.jpg,0,Red,0,Red,0.00039681154885329306,0.5,correct
000002_frame000008_lm1a7cr2j7.jpg,/home/jgaldeano/tfm/data/datasets/classifier/val/Red/000002_frame000008_lm1a7cr2j7.jpg,0,Red,0,Red,0.00591195747256279,0.5,correct
000002_frame000008_ruBHktjXjS.jpg,/home/jgaldeano/tfm/data/datasets/classifier/val/Red/000002_frame000008_ruBHktjXjS.jpg,0,Red,0,Red,0.0004898968618363142,0.5,correct
000002_frame000009_Nidcpvu7sg.jpg,/home/jgaldeano/tfm/data/datasets/classifier/val/Red/000002_frame000009_Nidcpvu7sg.jpg,0,Red,0,Red,0.00798761285841465,0.5,correct
000002_frame000009_Pum9hLDHRf.jpg,/home/jgaldeano/tfm/data/datasets/classifier/val/Red/000002_frame000009_Pum9hLDHRf.jpg,0,Red,0,Red,0.0004303570312913507,0.5,correct
000002_frame000010_hXXBLLfPMO.jpg,/home/jgaldeano/tfm/data/datasets/classifier/val/Red/000002_frame000010_hXXBLLfPMO.jpg,0,Red,0,Red,0.000512000871822238,0.5,correct
000002_frame000010_mXj4KKlsXi.jpg,/home/jgaldeano/tfm/data/datasets/classifier/val/Red/000002_frame000010_mXj4KKlsXi.jpg,0,Red,0,Red,0.006899903528392315,0.5,correct
000002_frame000011_AD76lvOk2n.jpg,/home/jgaldeano/tfm/data/datasets/classifier/val/Red/000002_frame000011_AD76lvOk2n.jpg,0,Red,0,Red,0.004671563860028982,0.5,correct
000002_frame000011_W42SEhS47o.jpg,/home/jgaldeano/tfm/data/datasets/classifier/val/Red/000002_frame000011_W42SEhS47o.jpg,0,Red,0,Red,0.0003677194472402334,0.5,correct
000002_frame000012_FU5w7VYEhu.jpg,/home/jgaldeano/tfm/data/datasets/classifier/val/Red/000002_frame000012_FU5w7VYEhu.jpg,0,Red,0,Red,0.0004140168603044003,0.5,correct
000002_frame000012_trcZT4avz7.jpg,/home/jgaldeano/tfm/data/datasets/classifier/val/Red/000002_frame000012_trcZT4avz7.jpg,0,Red,0,Red,0.008199185132980347,0.5,correct
000002_frame000013_IjxkqruK3l.jpg,/home/jgaldeano/tfm/data/datasets/classifier/val/Red/000002_frame000013_IjxkqruK3l.jpg,0,Red,0,Red,0.00739924143999815,0.5,correct
000002_frame000013_yxThwnsD-8.jpg,/home/jgaldeano/tfm/data/datasets/classifier/val/Red/000002_frame000013_yxThwnsD-8.jpg,0,Red,0,Red,0.0004080273793078959,0.5,correct
000002_frame000014_BQdHE9CfeN.jpg,/home/jgaldeano/tfm/data/datasets/classifier/val/Red/000002_frame000014_BQdHE9CfeN.jpg,0,Red,0,Red,0.0003330392646603286,0.5,correct
000002_frame000014_D5nfarMiZv.jpg,/home/jgaldeano/tfm/data/datasets/classifier/val/Red/000002_frame000014_D5nfarMiZv.jpg,0,Red,0,Red,0.0035326750949025154,0.5,correct
000002_frame000015_6LcE76tAfC.jpg,/home/jgaldeano/tfm/data/datasets/classifier/val/Red/000002_frame000015_6LcE76tAfC.jpg,0,Red,0,Red,0.003980747424066067,0.5,correct
000002_frame000015_gLCV2hk9VK.jpg,/home/jgaldeano/tfm/data/datasets/classifier/val/Red/000002_frame000015_gLCV2hk9VK.jpg,0,Red,0,Red,0.0007056677713990211,0.5,correct
000002_frame000016_3gtNvMtcEP.jpg,/home/jgaldeano/tfm/data/datasets/classifier/val/Red/000002_frame000016_3gtNvMtcEP.jpg,0,Red,0,Red,0.0005124823655933142,0.5,correct
000002_frame000016_IkpXHMo3gc.jpg,/home/jgaldeano/tfm/data/datasets/classifier/val/Red/000002_frame000016_IkpXHMo3gc.jpg,0,Red,0,Red,0.002459920709952712,0.5,correct
000002_frame000017_krpOwosZwJ.jpg,/home/jgaldeano/tfm/data/datasets/classifier/val/Red/000002_frame000017_krpOwosZwJ.jpg,0,Red,0,Red,0.0027460050769150257,0.5,correct
000002_frame000018_SgqsEaxvOe.jpg,/home/jgaldeano/tfm/data/datasets/classifier/val/Red/000002_frame000018_SgqsEaxvOe.jpg,0,Red,0,Red,0.004251192323863506,0.5,correct
000002_frame000018_zsRgkFZ2vl.jpg,/home/jgaldeano/tfm/data/datasets/classifier/val/Red/000002_frame000018_zsRgkFZ2vl.jpg,0,Red,0,Red,0.0004906424437649548,0.5,correct
000002_frame000019_KyvF2iGcbH.jpg,/home/jgaldeano/tfm/data/datasets/classifier/val/Red/000002_frame000019_KyvF2iGcbH.jpg,0,Red,0,Red,0.0004620826512109488,0.5,correct
000002_frame000019_zRtIz201SH.jpg,/home/jgaldeano/tfm/data/datasets/classifier/val/Red/000002_frame000019_zRtIz201SH.jpg,0,Red,0,Red,0.002560195978730917,0.5,correct
000002_frame000020_DGc17NB4Cc.jpg,/home/jgaldeano/tfm/data/datasets/classifier/val/Red/000002_frame000020_DGc17NB4Cc.jpg,0,Red,0,Red,0.0037967527750879526,0.5,correct
000002_frame000020_VyK-tqa4Rx.jpg,/home/jgaldeano/tfm/data/datasets/classifier/val/Red/000002_frame000020_VyK-tqa4Rx.jpg,0,Red,0,Red,0.0004601952969096601,0.5,correct
000002_frame000021_0u4eihW4rj.jpg,/home/jgaldeano/tfm/data/datasets/classifier/val/Red/000002_frame000021_0u4eihW4rj.jpg,0,Red,0,Red,0.003024485893547535,0.5,correct
000002_frame000021_7pcVuxgMv0.jpg,/home/jgaldeano/tfm/data/datasets/classifier/val/Red/000002_frame000021_7pcVuxgMv0.jpg,0,Red,0,Red,0.0005266490043140948,0.5,correct
000002_frame000022_NEWgB6DoEa.jpg,/home/jgaldeano/tfm/data/datasets/classifier/val/Red/000002_frame000022_NEWgB6DoEa.jpg,0,Red,0,Red,0.002354149939492345,0.5,correct
000002_frame000022_NhIDc3cfk6.jpg,/home/jgaldeano/tfm/data/datasets/classifier/val/Red/000002_frame000022_NhIDc3cfk6.jpg,0,Red,0,Red,0.00037910003447905183,0.5,correct
000002_frame000023_lrI9o1ZCqT.jpg,/home/jgaldeano/tfm/data/datasets/classifier/val/Red/000002_frame000023_lrI9o1ZCqT.jpg,0,Red,0,Red,0.003994095139205456,0.5,correct
000002_frame000023_oKEK1COsKL.jpg,/home/jgaldeano/tfm/data/datasets/classifier/val/Red/000002_frame000023_oKEK1COsKL.jpg,0,Red,0,Red,0.00045125363976694643,0.5,correct
000002_frame000024_8Gb9-xFJKY.jpg,/home/jgaldeano/tfm/data/datasets/classifier/val/Red/000002_frame000024_8Gb9-xFJKY.jpg,0,Red,0,Red,0.00040615821490064263,0.5,correct
000002_frame000024_fUu2jmCU8t.jpg,/home/jgaldeano/tfm/data/datasets/classifier/val/Red/000002_frame000024_fUu2jmCU8t.jpg,0,Red,0,Red,0.0024428393226116896,0.5,correct
000002_frame000025_d-ZUTC7f1z.jpg,/home/jgaldeano/tfm/data/datasets/classifier/val/Red/000002_frame000025_d-ZUTC7f1z.jpg,0,Red,0,Red,0.00041301106102764606,0.5,correct
000002_frame000025_hSSf0zvO5l.jpg,/home/jgaldeano/tfm/data/datasets/classifier/val/Red/000002_frame000025_hSSf0zvO5l.jpg,0,Red,0,Red,0.0015678581548854709,0.5,correct
000002_frame000026_7TiabNgEq6.jpg,/home/jgaldeano/tfm/data/datasets/classifier/val/Red/000002_frame000026_7TiabNgEq6.jpg,0,Red,0,Red,0.00032365176593884826,0.5,correct
000002_frame000026_B0iHJV89pB.jpg,/home/jgaldeano/tfm/data/datasets/classifier/val/Red/000002_frame000026_B0iHJV89pB.jpg,0,Red,0,Red,0.0018772154580801725,0.5,correct
000002_frame000027_dqbG40uPrM.jpg,/home/jgaldeano/tfm/data/datasets/classifier/val/Red/000002_frame000027_dqbG40uPrM.jpg,0,Red,0,Red,0.000330036913510412,0.5,correct
000002_frame000027_n_eRqX8Mqc.jpg,/home/jgaldeano/tfm/data/datasets/classifier/val/Red/000002_frame000027_n_eRqX8Mqc.jpg,0,Red,0,Red,0.001227263594046235,0.5,correct
000002_frame000028_Blfm-7XnBU.jpg,/home/jgaldeano/tfm/data/datasets/classifier/val/Red/000002_frame000028_Blfm-7XnBU.jpg,0,Red,0,Red,0.00038703903555870056,0.5,correct
000002_frame000028_MGIflAMR3v.jpg,/home/jgaldeano/tfm/data/datasets/classifier/val/Red/000002_frame000028_MGIflAMR3v.jpg,0,Red,0,Red,0.0008989495108835399,0.5,correct
000002_frame000029_V6FdGPHC1b.jpg,/home/jgaldeano/tfm/data/datasets/classifier/val/Red/000002_frame000029_V6FdGPHC1b.jpg,0,Red,0,Red,0.00027036727988161147,0.5,correct
000002_frame000029_eYgNeRuFAZ.jpg,/home/jgaldeano/tfm/data/datasets/classifier/val/Red/000002_frame000029_eYgNeRuFAZ.jpg,0,Red,0,Red,0.00195070612244308,0.5,correct
000002_frame000030_rKich_DQvP.jpg,/home/jgaldeano/tfm/data/datasets/classifier/val/Red/000002_frame000030_rKich_DQvP.jpg,0,Red,0,Red,0.00365039287135005,0.5,correct
000002_frame000030_yRqSuYHLx0.jpg,/home/jgaldeano/tfm/data/datasets/classifier/val/Red/000002_frame000030_yRqSuYHLx0.jpg,0,Red,0,Red,0.000351774477167055,0.5,correct
000010_frame000049_Ey6HU2asb1.jpg,/home/jgaldeano/tfm/data/datasets/classifier/val/Red/000010_frame000049_Ey6HU2asb1.jpg,0,Red,0,Red,0.0025220070965588093,0.5,correct
000011_frame000001_iHTLJiHKCs.jpg,/home/jgaldeano/tfm/data/datasets/classifier/val/Red/000011_frame000001_iHTLJiHKCs.jpg,0,Red,0,Red,0.005678406450897455,0.5,correct
000011_frame000002_pDfhKVffuu.jpg,/home/jgaldeano/tfm/data/datasets/classifier/val/Red/000011_frame000002_pDfhKVffuu.jpg,0,Red,0,Red,0.0036036388482898474,0.5,correct
000011_frame000003_cueI30kB3n.jpg,/home/jgaldeano/tfm/data/datasets/classifier/val/Red/000011_frame000003_cueI30kB3n.jpg,0,Red,0,Red,0.004102541133761406,0.5,correct
000011_frame000004_0NFytc_ehw.jpg,/home/jgaldeano/tfm/data/datasets/classifier/val/Red/000011_frame000004_0NFytc_ehw.jpg,0,Red,0,Red,0.002990839071571827,0.5,correct
000011_frame000005_Md0W6dD9Uo.jpg,/home/jgaldeano/tfm/data/datasets/classifier/val/Red/000011_frame000005_Md0W6dD9Uo.jpg,0,Red,0,Red,0.0027075433172285557,0.5,correct
000011_frame000006_Jc-CVQ8Au3.jpg,/home/jgaldeano/tfm/data/datasets/classifier/val/Red/000011_frame000006_Jc-CVQ8Au3.jpg,0,Red,0,Red,0.0033719732891768217,0.5,correct
000011_frame000007_r1mmgpvNWX.jpg,/home/jgaldeano/tfm/data/datasets/classifier/val/Red/000011_frame000007_r1mmgpvNWX.jpg,0,Red,0,Red,0.0028770549688488245,0.5,correct
000011_frame000008_dY06kWOabG.jpg,/home/jgaldeano/tfm/data/datasets/classifier/val/Red/000011_frame000008_dY06kWOabG.jpg,0,Red,0,Red,0.0035117466468364,0.5,correct
000011_frame000009_7Lk0dFdfoz.jpg,/home/jgaldeano/tfm/data/datasets/classifier/val/Red/000011_frame000009_7Lk0dFdfoz.jpg,0,Red,0,Red,0.0034243569243699312,0.5,correct
000011_frame000010_w6Jj4yOT3F.jpg,/home/jgaldeano/tfm/data/datasets/classifier/val/Red/000011_frame000010_w6Jj4yOT3F.jpg,0,Red,0,Red,0.0032574916258454323,0.5,correct
000011_frame000011_yjmX4Kz1nZ.jpg,/home/jgaldeano/tfm/data/datasets/classifier/val/Red/000011_frame000011_yjmX4Kz1nZ.jpg,0,Red,0,Red,0.0035827390383929014,0.5,correct
000011_frame000012_t-XY0-I3NA.jpg,/home/jgaldeano/tfm/data/datasets/classifier/val/Red/000011_frame000012_t-XY0-I3NA.jpg,0,Red,0,Red,0.004348088055849075,0.5,correct
000011_frame000013_bod-G9huU3.jpg,/home/jgaldeano/tfm/data/datasets/classifier/val/Red/000011_frame000013_bod-G9huU3.jpg,0,Red,0,Red,0.003797809826210141,0.5,correct
000011_frame000014_35m6QTlBnI.jpg,/home/jgaldeano/tfm/data/datasets/classifier/val/Red/000011_frame000014_35m6QTlBnI.jpg,0,Red,0,Red,0.004326511640101671,0.5,correct
000011_frame000015_QZIu9vlfOs.jpg,/home/jgaldeano/tfm/data/datasets/classifier/val/Red/000011_frame000015_QZIu9vlfOs.jpg,0,Red,0,Red,0.005490568466484547,0.5,correct
000011_frame000016_waXCNtzSLr.jpg,/home/jgaldeano/tfm/data/datasets/classifier/val/Red/000011_frame000016_waXCNtzSLr.jpg,0,Red,0,Red,0.0049386718310415745,0.5,correct
000011_frame000017_EzPWIWXhUu.jpg,/home/jgaldeano/tfm/data/datasets/classifier/val/Red/000011_frame000017_EzPWIWXhUu.jpg,0,Red,0,Red,0.0038387018721550703,0.5,correct
000011_frame000018_eAXx6uH73t.jpg,/home/jgaldeano/tfm/data/datasets/classifier/val/Red/000011_frame000018_eAXx6uH73t.jpg,0,Red,0,Red,0.003454708494246006,0.5,correct
000011_frame000019_WJOqY5pnlv.jpg,/home/jgaldeano/tfm/data/datasets/classifier/val/Red/000011_frame000019_WJOqY5pnlv.jpg,0,Red,0,Red,0.0038279166910797358,0.5,correct
000011_frame000020_7AsBaUmD-f.jpg,/home/jgaldeano/tfm/data/datasets/classifier/val/Red/000011_frame000020_7AsBaUmD-f.jpg,0,Red,0,Red,0.0032323598861694336,0.5,correct
000011_frame000021_6kHxmV2eRk.jpg,/home/jgaldeano/tfm/data/datasets/classifier/val/Red/000011_frame000021_6kHxmV2eRk.jpg,0,Red,0,Red,0.0027144313789904118,0.5,correct
000011_frame000022_l0_7V3btGt.jpg,/home/jgaldeano/tfm/data/datasets/classifier/val/Red/000011_frame000022_l0_7V3btGt.jpg,0,Red,0,Red,0.003135890932753682,0.5,correct
000011_frame000023_2UPd1Gx_J5.jpg,/home/jgaldeano/tfm/data/datasets/classifier/val/Red/000011_frame000023_2UPd1Gx_J5.jpg,0,Red,0,Red,0.00300952629186213,0.5,correct
000011_frame000024_EzcZnxcu1S.jpg,/home/jgaldeano/tfm/data/datasets/classifier/val/Red/000011_frame000024_EzcZnxcu1S.jpg,0,Red,0,Red,0.00292322039604187,0.5,correct
000011_frame000025_mJeaDCYY5D.jpg,/home/jgaldeano/tfm/data/datasets/classifier/val/Red/000011_frame000025_mJeaDCYY5D.jpg,0,Red,0,Red,0.0045492094941437244,0.5,correct
000011_frame000026_2xdbvDUpTd.jpg,/home/jgaldeano/tfm/data/datasets/classifier/val/Red/000011_frame000026_2xdbvDUpTd.jpg,0,Red,0,Red,0.002357826102524996,0.5,correct
000011_frame000027_OsOzKlDJeT.jpg,/home/jgaldeano/tfm/data/datasets/classifier/val/Red/000011_frame000027_OsOzKlDJeT.jpg,0,Red,0,Red,0.002163414843380451,0.5,correct
000011_frame000028_j_AUK-ZVjw.jpg,/home/jgaldeano/tfm/data/datasets/classifier/val/Red/000011_frame000028_j_AUK-ZVjw.jpg,0,Red,0,Red,0.0027852801140397787,0.5,correct
000011_frame000029_lvb_iW4s4t.jpg,/home/jgaldeano/tfm/data/datasets/classifier/val/Red/000011_frame000029_lvb_iW4s4t.jpg,0,Red,0,Red,0.004160184878855944,0.5,correct
000011_frame000030_3xEcbNcOou.jpg,/home/jgaldeano/tfm/data/datasets/classifier/val/Red/000011_frame000030_3xEcbNcOou.jpg,0,Red,0,Red,0.004449452273547649,0.5,correct
000011_frame000031_13BWqYRvSg.jpg,/home/jgaldeano/tfm/data/datasets/classifier/val/Red/000011_frame000031_13BWqYRvSg.jpg,0,Red,0,Red,0.0066234041005373,0.5,correct
000011_frame000032_xKw1f4TCAh.jpg,/home/jgaldeano/tfm/data/datasets/classifier/val/Red/000011_frame000032_xKw1f4TCAh.jpg,0,Red,0,Red,0.006111223250627518,0.5,correct
000011_frame000033_a8DYa8zYHf.jpg,/home/jgaldeano/tfm/data/datasets/classifier/val/Red/000011_frame000033_a8DYa8zYHf.jpg,0,Red,0,Red,0.006237214896827936,0.5,correct
000011_frame000034_uymO6Tv66p.jpg,/home/jgaldeano/tfm/data/datasets/classifier/val/Red/000011_frame000034_uymO6Tv66p.jpg,0,Red,0,Red,0.007878242060542107,0.5,correct
000011_frame000035_HEtFcUSatZ.jpg,/home/jgaldeano/tfm/data/datasets/classifier/val/Red/000011_frame000035_HEtFcUSatZ.jpg,0,Red,0,Red,0.008095678873360157,0.5,correct
000021_frame000001_9fq2QNhZmU.jpg,/home/jgaldeano/tfm/data/datasets/classifier/val/Red/000021_frame000001_9fq2QNhZmU.jpg,0,Red,0,Red,0.002196123357862234,0.5,correct
000021_frame000001_YkdqtJD2F_.jpg,/home/jgaldeano/tfm/data/datasets/classifier/val/Red/000021_frame000001_YkdqtJD2F_.jpg,0,Red,0,Red,0.008036984130740166,0.5,correct
000021_frame000001_uj1siNXovQ.jpg,/home/jgaldeano/tfm/data/datasets/classifier/val/Red/000021_frame000001_uj1siNXovQ.jpg,0,Red,0,Red,0.008837065659463406,0.5,correct
000021_frame000002_rMUui6X6oM.jpg,/home/jgaldeano/tfm/data/datasets/classifier/val/Red/000021_frame000002_rMUui6X6oM.jpg,0,Red,0,Red,0.0020049812737852335,0.5,correct
000021_frame000002_wvBu2KSgtd.jpg,/home/jgaldeano/tfm/data/datasets/classifier/val/Red/000021_frame000002_wvBu2KSgtd.jpg,0,Red,0,Red,0.00433708680793643,0.5,correct
000021_frame000002_z-DFpv09b5.jpg,/home/jgaldeano/tfm/data/datasets/classifier/val/Red/000021_frame000002_z-DFpv09b5.jpg,0,Red,0,Red,0.009115338325500488,0.5,correct
000021_frame000003_Znhnnas91v.jpg,/home/jgaldeano/tfm/data/datasets/classifier/val/Red/000021_frame000003_Znhnnas91v.jpg,0,Red,0,Red,0.003126390976831317,0.5,correct
000021_frame000003_gk8q3ZcNNz.jpg,/home/jgaldeano/tfm/data/datasets/classifier/val/Red/000021_frame000003_gk8q3ZcNNz.jpg,0,Red,0,Red,0.002849974436685443,0.5,correct
000021_frame000003_yM2Wa3Vc4M.jpg,/home/jgaldeano/tfm/data/datasets/classifier/val/Red/000021_frame000003_yM2Wa3Vc4M.jpg,0,Red,0,Red,0.007333770859986544,0.5,correct
000021_frame000004_31PhliGcJm.jpg,/home/jgaldeano/tfm/data/datasets/classifier/val/Red/000021_frame000004_31PhliGcJm.jpg,0,Red,0,Red,0.004348112735897303,0.5,correct
000021_frame000004_F91yZG2eiO.jpg,/home/jgaldeano/tfm/data/datasets/classifier/val/Red/000021_frame000004_F91yZG2eiO.jpg,0,Red,0,Red,0.0009175328304991126,0.5,correct
000021_frame000004_Ruva1iSMeu.jpg,/home/jgaldeano/tfm/data/datasets/classifier/val/Red/000021_frame000004_Ruva1iSMeu.jpg,0,Red,0,Red,0.007055272348225117,0.5,correct
000021_frame000005_ZmLx5EBHNF.jpg,/home/jgaldeano/tfm/data/datasets/classifier/val/Red/000021_frame000005_ZmLx5EBHNF.jpg,0,Red,0,Red,0.0015877601690590382,0.5,correct
000021_frame000005_ejdzeNpnH3.jpg,/home/jgaldeano/tfm/data/datasets/classifier/val/Red/000021_frame000005_ejdzeNpnH3.jpg,0,Red,0,Red,0.0024581358302384615,0.5,correct
000021_frame000005_vI2Cg5Y6EO.jpg,/home/jgaldeano/tfm/data/datasets/classifier/val/Red/000021_frame000005_vI2Cg5Y6EO.jpg,0,Red,0,Red,0.005732080899178982,0.5,correct
000021_frame000006_45yNTToviQ.jpg,/home/jgaldeano/tfm/data/datasets/classifier/val/Red/000021_frame000006_45yNTToviQ.jpg,0,Red,0,Red,0.003701788140460849,0.5,correct
000021_frame000006_tESNQYMoMu.jpg,/home/jgaldeano/tfm/data/datasets/classifier/val/Red/000021_frame000006_tESNQYMoMu.jpg,0,Red,0,Red,0.006220824085175991,0.5,correct
000021_frame000007_SLrVoTRDdq.jpg,/home/jgaldeano/tfm/data/datasets/classifier/val/Red/000021_frame000007_SLrVoTRDdq.jpg,0,Red,0,Red,0.0009582233615219593,0.5,correct
000021_frame000007_YtSFHCaJRE.jpg,/home/jgaldeano/tfm/data/datasets/classifier/val/Red/000021_frame000007_YtSFHCaJRE.jpg,0,Red,0,Red,0.009263018146157265,0.5,correct
000021_frame000008_MJdc_NfAuo.jpg,/home/jgaldeano/tfm/data/datasets/classifier/val/Red/000021_frame000008_MJdc_NfAuo.jpg,0,Red,0,Red,0.00603336188942194,0.5,correct
000021_frame000008_OlLFUD7tc_.jpg,/home/jgaldeano/tfm/data/datasets/classifier/val/Red/000021_frame000008_OlLFUD7tc_.jpg,0,Red,0,Red,0.02514692395925522,0.5,correct
000021_frame000009_CfB0DK5A7M.jpg,/home/jgaldeano/tfm/data/datasets/classifier/val/Red/000021_frame000009_CfB0DK5A7M.jpg,0,Red,0,Red,0.002705010585486889,0.5,correct
000021_frame000009_CkRsKsUR-z.jpg,/home/jgaldeano/tfm/data/datasets/classifier/val/Red/000021_frame000009_CkRsKsUR-z.jpg,0,Red,0,Red,0.007330730557441711,0.5,correct
000021_frame000009_TrZ9IxM8yY.jpg,/home/jgaldeano/tfm/data/datasets/classifier/val/Red/000021_frame000009_TrZ9IxM8yY.jpg,0,Red,0,Red,0.0040025413036346436,0.5,correct
000021_frame000010_0ZsNamqtUs.jpg,/home/jgaldeano/tfm/data/datasets/classifier/val/Red/000021_frame000010_0ZsNamqtUs.jpg,0,Red,0,Red,0.006822526454925537,0.5,correct
000021_frame000010_uCpaj5U2Du.jpg,/home/jgaldeano/tfm/data/datasets/classifier/val/Red/000021_frame000010_uCpaj5U2Du.jpg,0,Red,0,Red,0.0028500028420239687,0.5,correct
000021_frame000010_uJTdhqIuj7.jpg,/home/jgaldeano/tfm/data/datasets/classifier/val/Red/000021_frame000010_uJTdhqIuj7.jpg,0,Red,0,Red,0.003644684562459588,0.5,correct
000021_frame000011_EQlNrxhAbe.jpg,/home/jgaldeano/tfm/data/datasets/classifier/val/Red/000021_frame000011_EQlNrxhAbe.jpg,0,Red,0,Red,0.011896437965333462,0.5,correct
000021_frame000011_IQlxlQ_YUm.jpg,/home/jgaldeano/tfm/data/datasets/classifier/val/Red/000021_frame000011_IQlxlQ_YUm.jpg,0,Red,0,Red,0.005078699439764023,0.5,correct
000021_frame000012_krTByPtonn.jpg,/home/jgaldeano/tfm/data/datasets/classifier/val/Red/000021_frame000012_krTByPtonn.jpg,0,Red,0,Red,0.007824372500181198,0.5,correct
000021_frame000012_rd1Y9rClk2.jpg,/home/jgaldeano/tfm/data/datasets/classifier/val/Red/000021_frame000012_rd1Y9rClk2.jpg,0,Red,0,Red,0.003985632210969925,0.5,correct
000021_frame000013_CBFtS-TGUm.jpg,/home/jgaldeano/tfm/data/datasets/classifier/val/Red/000021_frame000013_CBFtS-TGUm.jpg,0,Red,0,Red,0.0024096383713185787,0.5,correct
000021_frame000013_F9hQNO3FGP.jpg,/home/jgaldeano/tfm/data/datasets/classifier/val/Red/000021_frame000013_F9hQNO3FGP.jpg,0,Red,0,Red,0.008087756112217903,0.5,correct
000021_frame000013_rzwNInLprp.jpg,/home/jgaldeano/tfm/data/datasets/classifier/val/Red/000021_frame000013_rzwNInLprp.jpg,0,Red,0,Red,0.0038477382622659206,0.5,correct
000021_frame000014_-QQ6IXveRl.jpg,/home/jgaldeano/tfm/data/datasets/classifier/val/Red/000021_frame000014_-QQ6IXveRl.jpg,0,Red,0,Red,0.002748513361439109,0.5,correct
000021_frame000014_7mgBI_eltU.jpg,/home/jgaldeano/tfm/data/datasets/classifier/val/Red/000021_frame000014_7mgBI_eltU.jpg,0,Red,0,Red,0.00224676844663918,0.5,correct
000021_frame000014_HOZPpuqVai.jpg,/home/jgaldeano/tfm/data/datasets/classifier/val/Red/000021_frame000014_HOZPpuqVai.jpg,0,Red,0,Red,0.0062270318157970905,0.5,correct
000021_frame000015_2pcvhy868J.jpg,/home/jgaldeano/tfm/data/datasets/classifier/val/Red/000021_frame000015_2pcvhy868J.jpg,0,Red,0,Red,0.003079231595620513,0.5,correct
000021_frame000015_9Lm7pAgg9C.jpg,/home/jgaldeano/tfm/data/datasets/classifier/val/Red/000021_frame000015_9Lm7pAgg9C.jpg,0,Red,0,Red,0.005020306445658207,0.5,correct
000021_frame000015_bpKvyX3tpm.jpg,/home/jgaldeano/tfm/data/datasets/classifier/val/Red/000021_frame000015_bpKvyX3tpm.jpg,0,Red,0,Red,0.0027584696654230356,0.5,correct
000021_frame000016_3OvHn0yDC4.jpg,/home/jgaldeano/tfm/data/datasets/classifier/val/Red/000021_frame000016_3OvHn0yDC4.jpg,0,Red,0,Red,0.013925892300903797,0.5,correct
000021_frame000016_AaNcCeQZSC.jpg,/home/jgaldeano/tfm/data/datasets/classifier/val/Red/000021_frame000016_AaNcCeQZSC.jpg,0,Red,0,Red,0.007140584755688906,0.5,correct
000021_frame000017_F1bmpn25rb.jpg,/home/jgaldeano/tfm/data/datasets/classifier/val/Red/000021_frame000017_F1bmpn25rb.jpg,0,Red,0,Red,0.003303872887045145,0.5,correct
000021_frame000017_H74fUOLSUe.jpg,/home/jgaldeano/tfm/data/datasets/classifier/val/Red/000021_frame000017_H74fUOLSUe.jpg,0,Red,0,Red,0.004840183537453413,0.5,correct
000021_frame000017_hdcJuszNV_.jpg,/home/jgaldeano/tfm/data/datasets/classifier/val/Red/000021_frame000017_hdcJuszNV_.jpg,0,Red,0,Red,0.0017062040278688073,0.5,correct
000021_frame000018_2rGrlbzR21.jpg,/home/jgaldeano/tfm/data/datasets/classifier/val/Red/000021_frame000018_2rGrlbzR21.jpg,0,Red,0,Red,0.0028278317768126726,0.5,correct
000021_frame000018_W6DEpd6Qke.jpg,/home/jgaldeano/tfm/data/datasets/classifier/val/Red/000021_frame000018_W6DEpd6Qke.jpg,0,Red,0,Red,0.0053558507934212685,0.5,correct
000021_frame000018__xtDanXOU0.jpg,/home/jgaldeano/tfm/data/datasets/classifier/val/Red/000021_frame000018__xtDanXOU0.jpg,0,Red,0,Red,0.0023483324330300093,0.5,correct
000021_frame000019_Kf95zBRr0D.jpg,/home/jgaldeano/tfm/data/datasets/classifier/val/Red/000021_frame000019_Kf95zBRr0D.jpg,0,Red,0,Red,0.0019905040971934795,0.5,correct
000021_frame000019_eC4OikZX_E.jpg,/home/jgaldeano/tfm/data/datasets/classifier/val/Red/000021_frame000019_eC4OikZX_E.jpg,0,Red,0,Red,0.001918531721457839,0.5,correct
000021_frame000019_rpF4FSpV5D.jpg,/home/jgaldeano/tfm/data/datasets/classifier/val/Red/000021_frame000019_rpF4FSpV5D.jpg,0,Red,0,Red,0.004937483463436365,0.5,correct
000021_frame000020_98cVBJ8qaz.jpg,/home/jgaldeano/tfm/data/datasets/classifier/val/Red/000021_frame000020_98cVBJ8qaz.jpg,0,Red,0,Red,0.002584970323368907,0.5,correct
000021_frame000020_ZBfQv-H8OJ.jpg,/home/jgaldeano/tfm/data/datasets/classifier/val/Red/000021_frame000020_ZBfQv-H8OJ.jpg,0,Red,0,Red,0.0019340318394824862,0.5,correct
000021_frame000020_wS6IBxm_NG.jpg,/home/jgaldeano/tfm/data/datasets/classifier/val/Red/000021_frame000020_wS6IBxm_NG.jpg,0,Red,0,Red,0.0053416364826262,0.5,correct
000021_frame000021_2hkMoGmZ0T.jpg,/home/jgaldeano/tfm/data/datasets/classifier/val/Red/000021_frame000021_2hkMoGmZ0T.jpg,0,Red,0,Red,0.0024590669199824333,0.5,correct
000021_frame000021_GB6ue3hW-n.jpg,/home/jgaldeano/tfm/data/datasets/classifier/val/Red/000021_frame000021_GB6ue3hW-n.jpg,0,Red,0,Red,0.006033273413777351,0.5,correct
000021_frame000021_ug0Z0aB4MJ.jpg,/home/jgaldeano/tfm/data/datasets/classifier/val/Red/000021_frame000021_ug0Z0aB4MJ.jpg,0,Red,0,Red,0.0015501612797379494,0.5,correct
000021_frame000022_5V-edXAj1Z.jpg,/home/jgaldeano/tfm/data/datasets/classifier/val/Red/000021_frame000022_5V-edXAj1Z.jpg,0,Red,0,Red,0.0027548661455512047,0.5,correct
000021_frame000022_NsxTDkUlEv.jpg,/home/jgaldeano/tfm/data/datasets/classifier/val/Red/000021_frame000022_NsxTDkUlEv.jpg,0,Red,0,Red,0.004963106941431761,0.5,correct
000021_frame000022_RM6BbFOWvr.jpg,/home/jgaldeano/tfm/data/datasets/classifier/val/Red/000021_frame000022_RM6BbFOWvr.jpg,0,Red,0,Red,0.0015627630054950714,0.5,correct
000021_frame000023_OAKoSWPz_H.jpg,/home/jgaldeano/tfm/data/datasets/classifier/val/Red/000021_frame000023_OAKoSWPz_H.jpg,0,Red,0,Red,0.004921478219330311,0.5,correct
000021_frame000023_WvdAISEb0u.jpg,/home/jgaldeano/tfm/data/datasets/classifier/val/Red/000021_frame000023_WvdAISEb0u.jpg,0,Red,0,Red,0.002648352412506938,0.5,correct
000021_frame000023_v_G51KJK0l.jpg,/home/jgaldeano/tfm/data/datasets/classifier/val/Red/000021_frame000023_v_G51KJK0l.jpg,0,Red,0,Red,0.0017877492355182767,0.5,correct
000021_frame000024_BlL1OWkBwu.jpg,/home/jgaldeano/tfm/data/datasets/classifier/val/Red/000021_frame000024_BlL1OWkBwu.jpg,0,Red,0,Red,0.005615438800305128,0.5,correct
000021_frame000024_e4kZPL95l_.jpg,/home/jgaldeano/tfm/data/datasets/classifier/val/Red/000021_frame000024_e4kZPL95l_.jpg,0,Red,0,Red,0.0031604100950062275,0.5,correct
000021_frame000024_z4auWgLdF4.jpg,/home/jgaldeano/tfm/data/datasets/classifier/val/Red/000021_frame000024_z4auWgLdF4.jpg,0,Red,0,Red,0.0029019115027040243,0.5,correct
000021_frame000025_28Q4S8n-Pg.jpg,/home/jgaldeano/tfm/data/datasets/classifier/val/Red/000021_frame000025_28Q4S8n-Pg.jpg,0,Red,0,Red,0.003426961600780487,0.5,correct
000021_frame000025_lwG4sz2NHz.jpg,/home/jgaldeano/tfm/data/datasets/classifier/val/Red/000021_frame000025_lwG4sz2NHz.jpg,0,Red,0,Red,0.006841667927801609,0.5,correct
000021_frame000026_8KTFzf2LoL.jpg,/home/jgaldeano/tfm/data/datasets/classifier/val/Red/000021_frame000026_8KTFzf2LoL.jpg,0,Red,0,Red,0.006062982138246298,0.5,correct
000021_frame000026_ZJxMt8-Hci.jpg,/home/jgaldeano/tfm/data/datasets/classifier/val/Red/000021_frame000026_ZJxMt8-Hci.jpg,0,Red,0,Red,0.003115285187959671,0.5,correct
000021_frame000027_4Pugy8phqH.jpg,/home/jgaldeano/tfm/data/datasets/classifier/val/Red/000021_frame000027_4Pugy8phqH.jpg,0,Red,0,Red,0.002851999830454588,0.5,correct
000021_frame000027_QvAufvZCVR.jpg,/home/jgaldeano/tfm/data/datasets/classifier/val/Red/000021_frame000027_QvAufvZCVR.jpg,0,Red,0,Red,0.0061326115392148495,0.5,correct
000021_frame000028_NBwcjX3moL.jpg,/home/jgaldeano/tfm/data/datasets/classifier/val/Red/000021_frame000028_NBwcjX3moL.jpg,0,Red,0,Red,0.0029993397183716297,0.5,correct
000021_frame000028_mtpahON_Bk.jpg,/home/jgaldeano/tfm/data/datasets/classifier/val/Red/000021_frame000028_mtpahON_Bk.jpg,0,Red,0,Red,0.005003184080123901,0.5,correct
000021_frame000029_hGlx3s4dBB.jpg,/home/jgaldeano/tfm/data/datasets/classifier/val/Red/000021_frame000029_hGlx3s4dBB.jpg,0,Red,0,Red,0.005240017082542181,0.5,correct
000021_frame000029_ykCoUu4jfl.jpg,/home/jgaldeano/tfm/data/datasets/classifier/val/Red/000021_frame000029_ykCoUu4jfl.jpg,0,Red,0,Red,0.0031226659193634987,0.5,correct
000021_frame000030_827MyIq8Yj.jpg,/home/jgaldeano/tfm/data/datasets/classifier/val/Red/000021_frame000030_827MyIq8Yj.jpg,0,Red,0,Red,0.003264785511419177,0.5,correct
000021_frame000030_FnxpfjFYoJ.jpg,/home/jgaldeano/tfm/data/datasets/classifier/val/Red/000021_frame000030_FnxpfjFYoJ.jpg,0,Red,0,Red,0.011318341828882694,0.5,correct
000021_frame000031_521Z3TFmWH.jpg,/home/jgaldeano/tfm/data/datasets/classifier/val/Red/000021_frame000031_521Z3TFmWH.jpg,0,Red,0,Red,0.003210408380255103,0.5,correct
000021_frame000031_THeY7Z2mhx.jpg,/home/jgaldeano/tfm/data/datasets/classifier/val/Red/000021_frame000031_THeY7Z2mhx.jpg,0,Red,0,Red,0.008413025178015232,0.5,correct
000021_frame000032_9EQkV5wtbR.jpg,/home/jgaldeano/tfm/data/datasets/classifier/val/Red/000021_frame000032_9EQkV5wtbR.jpg,0,Red,0,Red,0.0037320165429264307,0.5,correct
000021_frame000032_j3BvwVoDS0.jpg,/home/jgaldeano/tfm/data/datasets/classifier/val/Red/000021_frame000032_j3BvwVoDS0.jpg,0,Red,0,Red,0.006707734894007444,0.5,correct
000021_frame000033_DUGAR7VMtR.jpg,/home/jgaldeano/tfm/data/datasets/classifier/val/Red/000021_frame000033_DUGAR7VMtR.jpg,0,Red,0,Red,0.007248895242810249,0.5,correct
000021_frame000033_vXJmH4I7FT.jpg,/home/jgaldeano/tfm/data/datasets/classifier/val/Red/000021_frame000033_vXJmH4I7FT.jpg,0,Red,0,Red,0.003790299640968442,0.5,correct
000021_frame000034_8Veiwn92AZ.jpg,/home/jgaldeano/tfm/data/datasets/classifier/val/Red/000021_frame000034_8Veiwn92AZ.jpg,0,Red,0,Red,0.006012993399053812,0.5,correct
000021_frame000034_m0Q6rigOS8.jpg,/home/jgaldeano/tfm/data/datasets/classifier/val/Red/000021_frame000034_m0Q6rigOS8.jpg,0,Red,0,Red,0.0029895466286689043,0.5,correct
000021_frame000035_4yHPtxh_Wp.jpg,/home/jgaldeano/tfm/data/datasets/classifier/val/Red/000021_frame000035_4yHPtxh_Wp.jpg,0,Red,0,Red,0.00304207531735301,0.5,correct
000021_frame000035_MqhHGWCznL.jpg,/home/jgaldeano/tfm/data/datasets/classifier/val/Red/000021_frame000035_MqhHGWCznL.jpg,0,Red,0,Red,0.003826515283435583,0.5,correct
000021_frame000035_P7UvoSlSGU.jpg,/home/jgaldeano/tfm/data/datasets/classifier/val/Red/000021_frame000035_P7UvoSlSGU.jpg,0,Red,0,Red,0.008109912276268005,0.5,correct
000021_frame000036_1mFrOjviLl.jpg,/home/jgaldeano/tfm/data/datasets/classifier/val/Red/000021_frame000036_1mFrOjviLl.jpg,0,Red,0,Red,0.005744562484323978,0.5,correct
000021_frame000036_d7myBRrNC0.jpg,/home/jgaldeano/tfm/data/datasets/classifier/val/Red/000021_frame000036_d7myBRrNC0.jpg,0,Red,0,Red,0.003413985949009657,0.5,correct
000021_frame000036_uLxpd3vhvb.jpg,/home/jgaldeano/tfm/data/datasets/classifier/val/Red/000021_frame000036_uLxpd3vhvb.jpg,0,Red,0,Red,0.00213823770172894,0.5,correct
000021_frame000037_9bKn3OPZSc.jpg,/home/jgaldeano/tfm/data/datasets/classifier/val/Red/000021_frame000037_9bKn3OPZSc.jpg,0,Red,0,Red,0.0033766492269933224,0.5,correct
000021_frame000037_I9kc0dxT2i.jpg,/home/jgaldeano/tfm/data/datasets/classifier/val/Red/000021_frame000037_I9kc0dxT2i.jpg,0,Red,0,Red,0.0022145630791783333,0.5,correct
000021_frame000037_urBFAnrIDH.jpg,/home/jgaldeano/tfm/data/datasets/classifier/val/Red/000021_frame000037_urBFAnrIDH.jpg,0,Red,0,Red,0.003150864038616419,0.5,correct
000021_frame000038_6UDUo6W-qw.jpg,/home/jgaldeano/tfm/data/datasets/classifier/val/Red/000021_frame000038_6UDUo6W-qw.jpg,0,Red,0,Red,0.0021321317180991173,0.5,correct
000021_frame000038_IeFQPmMA7g.jpg,/home/jgaldeano/tfm/data/datasets/classifier/val/Red/000021_frame000038_IeFQPmMA7g.jpg,0,Red,0,Red,0.0028481781482696533,0.5,correct
000021_frame000038_nbTL393s45.jpg,/home/jgaldeano/tfm/data/datasets/classifier/val/Red/000021_frame000038_nbTL393s45.jpg,0,Red,0,Red,0.0026923848781734705,0.5,correct
000021_frame000039_LDot-X-nKc.jpg,/home/jgaldeano/tfm/data/datasets/classifier/val/Red/000021_frame000039_LDot-X-nKc.jpg,0,Red,0,Red,0.0015014467062428594,0.5,correct
000021_frame000039_RKWGxdL-29.jpg,/home/jgaldeano/tfm/data/datasets/classifier/val/Red/000021_frame000039_RKWGxdL-29.jpg,0,Red,0,Red,0.0013096635229885578,0.5,correct
000021_frame000040_BOUwO0mspg.jpg,/home/jgaldeano/tfm/data/datasets/classifier/val/Red/000021_frame000040_BOUwO0mspg.jpg,0,Red,0,Red,0.0012315870262682438,0.5,correct
000021_frame000040_IvY0EgQEM6.jpg,/home/jgaldeano/tfm/data/datasets/classifier/val/Red/000021_frame000040_IvY0EgQEM6.jpg,0,Red,0,Red,0.000743801356293261,0.5,correct
000021_frame000041_jiH4MqISYu.jpg,/home/jgaldeano/tfm/data/datasets/classifier/val/Red/000021_frame000041_jiH4MqISYu.jpg,0,Red,0,Red,0.0012988558737561107,0.5,correct
000021_frame000041_zVsk_lrx1p.jpg,/home/jgaldeano/tfm/data/datasets/classifier/val/Red/000021_frame000041_zVsk_lrx1p.jpg,0,Red,0,Red,0.0013502570800483227,0.5,correct
000021_frame000042_89kMNlzFqJ.jpg,/home/jgaldeano/tfm/data/datasets/classifier/val/Red/000021_frame000042_89kMNlzFqJ.jpg,0,Red,0,Red,0.0015488583594560623,0.5,correct
000021_frame000042_Kyf1T6dWqw.jpg,/home/jgaldeano/tfm/data/datasets/classifier/val/Red/000021_frame000042_Kyf1T6dWqw.jpg,0,Red,0,Red,0.0018152843695133924,0.5,correct
000021_frame000042_tUSzT_jhIr.jpg,/home/jgaldeano/tfm/data/datasets/classifier/val/Red/000021_frame000042_tUSzT_jhIr.jpg,0,Red,0,Red,0.002400957280769944,0.5,correct
000021_frame000043_DWPSFr086k.jpg,/home/jgaldeano/tfm/data/datasets/classifier/val/Red/000021_frame000043_DWPSFr086k.jpg,0,Red,0,Red,0.002409139880910516,0.5,correct
000021_frame000043_JthkxkAqkW.jpg,/home/jgaldeano/tfm/data/datasets/classifier/val/Red/000021_frame000043_JthkxkAqkW.jpg,0,Red,0,Red,0.003421814413741231,0.5,correct
000021_frame000043_SMeA1Vn5tL.jpg,/home/jgaldeano/tfm/data/datasets/classifier/val/Red/000021_frame000043_SMeA1Vn5tL.jpg,0,Red,0,Red,0.0014515779912471771,0.5,correct
000021_frame000044_1vV-r0EtJS.jpg,/home/jgaldeano/tfm/data/datasets/classifier/val/Red/000021_frame000044_1vV-r0EtJS.jpg,0,Red,0,Red,0.0037713695783168077,0.5,correct
000021_frame000044_MTdYmu8LHG.jpg,/home/jgaldeano/tfm/data/datasets/classifier/val/Red/000021_frame000044_MTdYmu8LHG.jpg,0,Red,0,Red,0.0025182622484862804,0.5,correct
000021_frame000044_Mtv_FTUoHi.jpg,/home/jgaldeano/tfm/data/datasets/classifier/val/Red/000021_frame000044_Mtv_FTUoHi.jpg,0,Red,0,Red,0.0017129569314420223,0.5,correct
000021_frame000045_-H3bRSt51N.jpg,/home/jgaldeano/tfm/data/datasets/classifier/val/Red/000021_frame000045_-H3bRSt51N.jpg,0,Red,0,Red,0.003466678550466895,0.5,correct
000021_frame000045_7h05P8Tu3h.jpg,/home/jgaldeano/tfm/data/datasets/classifier/val/Red/000021_frame000045_7h05P8Tu3h.jpg,0,Red,0,Red,0.0025297452230006456,0.5,correct
000021_frame000045_k390LVNZB4.jpg,/home/jgaldeano/tfm/data/datasets/classifier/val/Red/000021_frame000045_k390LVNZB4.jpg,0,Red,0,Red,0.00144321215339005,0.5,correct
000021_frame000046_MjJIhDFLEi.jpg,/home/jgaldeano/tfm/data/datasets/classifier/val/Red/000021_frame000046_MjJIhDFLEi.jpg,0,Red,0,Red,0.0029223475139588118,0.5,correct
000021_frame000046_adDvqhmVEF.jpg,/home/jgaldeano/tfm/data/datasets/classifier/val/Red/000021_frame000046_adDvqhmVEF.jpg,0,Red,0,Red,0.0018391624325886369,0.5,correct
000021_frame000046_qpRRZPJndQ.jpg,/home/jgaldeano/tfm/data/datasets/classifier/val/Red/000021_frame000046_qpRRZPJndQ.jpg,0,Red,0,Red,0.003574189031496644,0.5,correct
000021_frame000047_8E87Ppf7aT.jpg,/home/jgaldeano/tfm/data/datasets/classifier/val/Red/000021_frame000047_8E87Ppf7aT.jpg,0,Red,0,Red,0.0026353562716394663,0.5,correct
000021_frame000047_L_YfprNEvA.jpg,/home/jgaldeano/tfm/data/datasets/classifier/val/Red/000021_frame000047_L_YfprNEvA.jpg,0,Red,0,Red,0.0030251459684222937,0.5,correct
000021_frame000047_rGNOZnfWbG.jpg,/home/jgaldeano/tfm/data/datasets/classifier/val/Red/000021_frame000047_rGNOZnfWbG.jpg,0,Red,0,Red,0.0013832754921168089,0.5,correct
000021_frame000048_17mcFBAFxt.jpg,/home/jgaldeano/tfm/data/datasets/classifier/val/Red/000021_frame000048_17mcFBAFxt.jpg,0,Red,0,Red,0.0037332468200474977,0.5,correct
000021_frame000048_314rzDuZR5.jpg,/home/jgaldeano/tfm/data/datasets/classifier/val/Red/000021_frame000048_314rzDuZR5.jpg,0,Red,0,Red,0.0027841944247484207,0.5,correct
000021_frame000049_9vcl8749Zx.jpg,/home/jgaldeano/tfm/data/datasets/classifier/val/Red/000021_frame000049_9vcl8749Zx.jpg,0,Red,0,Red,0.0034543739166110754,0.5,correct
000021_frame000049_ulGyETPnMR.jpg,/home/jgaldeano/tfm/data/datasets/classifier/val/Red/000021_frame000049_ulGyETPnMR.jpg,0,Red,0,Red,0.0026602663565427065,0.5,correct
000021_frame000050_J83z-IvU2m.jpg,/home/jgaldeano/tfm/data/datasets/classifier/val/Red/000021_frame000050_J83z-IvU2m.jpg,0,Red,0,Red,0.002419568132609129,0.5,correct
000021_frame000050_RDJxyXbTwr.jpg,/home/jgaldeano/tfm/data/datasets/classifier/val/Red/000021_frame000050_RDJxyXbTwr.jpg,0,Red,0,Red,0.0023487266153097153,0.5,correct
000021_frame000050_UmRadlJETL.jpg,/home/jgaldeano/tfm/data/datasets/classifier/val/Red/000021_frame000050_UmRadlJETL.jpg,0,Red,0,Red,0.0029866970144212246,0.5,correct
000021_frame000051_35vObkUdG_.jpg,/home/jgaldeano/tfm/data/datasets/classifier/val/Red/000021_frame000051_35vObkUdG_.jpg,0,Red,0,Red,0.003363711293786764,0.5,correct
000021_frame000051_BaRzjMTVKc.jpg,/home/jgaldeano/tfm/data/datasets/classifier/val/Red/000021_frame000051_BaRzjMTVKc.jpg,0,Red,0,Red,0.002479127375409007,0.5,correct
000021_frame000051_HiLGP-9byw.jpg,/home/jgaldeano/tfm/data/datasets/classifier/val/Red/000021_frame000051_HiLGP-9byw.jpg,0,Red,0,Red,0.0029219072312116623,0.5,correct
000021_frame000052_-6kdEtQDk6.jpg,/home/jgaldeano/tfm/data/datasets/classifier/val/Red/000021_frame000052_-6kdEtQDk6.jpg,0,Red,0,Red,0.0026604710146784782,0.5,correct
000021_frame000052_UMxZ0AbBLx.jpg,/home/jgaldeano/tfm/data/datasets/classifier/val/Red/000021_frame000052_UMxZ0AbBLx.jpg,0,Red,0,Red,0.002166811376810074,0.5,correct
000021_frame000052_rpqmCckn2o.jpg,/home/jgaldeano/tfm/data/datasets/classifier/val/Red/000021_frame000052_rpqmCckn2o.jpg,0,Red,0,Red,0.0019696559756994247,0.5,correct
000021_frame000053_66bmnRyb5t.jpg,/home/jgaldeano/tfm/data/datasets/classifier/val/Red/000021_frame000053_66bmnRyb5t.jpg,0,Red,0,Red,0.0014177948469296098,0.5,correct
000021_frame000053_dTfoWn8Hj5.jpg,/home/jgaldeano/tfm/data/datasets/classifier/val/Red/000021_frame000053_dTfoWn8Hj5.jpg,0,Red,0,Red,0.003073992906138301,0.5,correct
000021_frame000053_sfp3nz0oyb.jpg,/home/jgaldeano/tfm/data/datasets/classifier/val/Red/000021_frame000053_sfp3nz0oyb.jpg,0,Red,0,Red,0.0027812225744128227,0.5,correct
000021_frame000054_-ivk0FGt09.jpg,/home/jgaldeano/tfm/data/datasets/classifier/val/Red/000021_frame000054_-ivk0FGt09.jpg,0,Red,0,Red,0.0015104754129424691,0.5,correct
000021_frame000054_3RYD7nI7zt.jpg,/home/jgaldeano/tfm/data/datasets/classifier/val/Red/000021_frame000054_3RYD7nI7zt.jpg,0,Red,0,Red,0.0023504034616053104,0.5,correct
000021_frame000054_EH1snKyBnI.jpg,/home/jgaldeano/tfm/data/datasets/classifier/val/Red/000021_frame000054_EH1snKyBnI.jpg,0,Red,0,Red,0.0021105995401740074,0.5,correct
000021_frame000055_6e1hTWM8EL.jpg,/home/jgaldeano/tfm/data/datasets/classifier/val/Red/000021_frame000055_6e1hTWM8EL.jpg,0,Red,0,Red,0.0022917173337191343,0.5,correct
000021_frame000055_FmhplAiST_.jpg,/home/jgaldeano/tfm/data/datasets/classifier/val/Red/000021_frame000055_FmhplAiST_.jpg,0,Red,0,Red,0.0024367431178689003,0.5,correct
000021_frame000055_GsYUQEtj1t.jpg,/home/jgaldeano/tfm/data/datasets/classifier/val/Red/000021_frame000055_GsYUQEtj1t.jpg,0,Red,0,Red,0.0016762750456109643,0.5,correct
000021_frame000056_0ym_HdAUR2.jpg,/home/jgaldeano/tfm/data/datasets/classifier/val/Red/000021_frame000056_0ym_HdAUR2.jpg,0,Red,0,Red,0.0013938891934230924,0.5,correct
000021_frame000056_BgwnHaW6Zm.jpg,/home/jgaldeano/tfm/data/datasets/classifier/val/Red/000021_frame000056_BgwnHaW6Zm.jpg,0,Red,0,Red,0.002514051040634513,0.5,correct
000021_frame000056_oalcUCVcHl.jpg,/home/jgaldeano/tfm/data/datasets/classifier/val/Red/000021_frame000056_oalcUCVcHl.jpg,0,Red,0,Red,0.0023400981444865465,0.5,correct
000021_frame000057_2tYfz8Pi6d.jpg,/home/jgaldeano/tfm/data/datasets/classifier/val/Red/000021_frame000057_2tYfz8Pi6d.jpg,0,Red,0,Red,0.0018277385970577598,0.5,correct
000021_frame000057_TT4U0qYS-d.jpg,/home/jgaldeano/tfm/data/datasets/classifier/val/Red/000021_frame000057_TT4U0qYS-d.jpg,0,Red,0,Red,0.002095552859827876,0.5,correct
000021_frame000057_s_Cr-wmAnZ.jpg,/home/jgaldeano/tfm/data/datasets/classifier/val/Red/000021_frame000057_s_Cr-wmAnZ.jpg,0,Red,0,Red,0.0026168320327997208,0.5,correct
000021_frame000058_LJCz1_dyKU.jpg,/home/jgaldeano/tfm/data/datasets/classifier/val/Red/000021_frame000058_LJCz1_dyKU.jpg,0,Red,0,Red,0.003076884662732482,0.5,correct
000021_frame000058_NG_M1vPPwh.jpg,/home/jgaldeano/tfm/data/datasets/classifier/val/Red/000021_frame000058_NG_M1vPPwh.jpg,0,Red,0,Red,0.0024999871384352446,0.5,correct
000021_frame000058_WtsdQB7g-R.jpg,/home/jgaldeano/tfm/data/datasets/classifier/val/Red/000021_frame000058_WtsdQB7g-R.jpg,0,Red,0,Red,0.0028314010705798864,0.5,correct
000021_frame000059_S5D-UW5vTX.jpg,/home/jgaldeano/tfm/data/datasets/classifier/val/Red/000021_frame000059_S5D-UW5vTX.jpg,0,Red,0,Red,0.002796104410663247,0.5,correct
000021_frame000059_bbL2uuRuoL.jpg,/home/jgaldeano/tfm/data/datasets/classifier/val/Red/000021_frame000059_bbL2uuRuoL.jpg,0,Red,0,Red,0.0027643300127238035,0.5,correct
000021_frame000059_wZSe6ft_1F.jpg,/home/jgaldeano/tfm/data/datasets/classifier/val/Red/000021_frame000059_wZSe6ft_1F.jpg,0,Red,0,Red,0.00281743286177516,0.5,correct
000021_frame000060_1xNtszlUhe.jpg,/home/jgaldeano/tfm/data/datasets/classifier/val/Red/000021_frame000060_1xNtszlUhe.jpg,0,Red,0,Red,0.0022180594969540834,0.5,correct
000021_frame000060_wYf0Xm_kUO.jpg,/home/jgaldeano/tfm/data/datasets/classifier/val/Red/000021_frame000060_wYf0Xm_kUO.jpg,0,Red,0,Red,0.0025765111204236746,0.5,correct
000021_frame000061_F7o8bLxbbI.jpg,/home/jgaldeano/tfm/data/datasets/classifier/val/Red/000021_frame000061_F7o8bLxbbI.jpg,0,Red,0,Red,0.002543256152421236,0.5,correct
000021_frame000061_d8cEPyO1zP.jpg,/home/jgaldeano/tfm/data/datasets/classifier/val/Red/000021_frame000061_d8cEPyO1zP.jpg,0,Red,0,Red,0.0021049107890576124,0.5,correct
000031_frame000001_CucFlxb4r1.jpg,/home/jgaldeano/tfm/data/datasets/classifier/val/Red/000031_frame000001_CucFlxb4r1.jpg,0,Red,0,Red,0.007066494785249233,0.5,correct
000031_frame000001_ePU-39N0gq.jpg,/home/jgaldeano/tfm/data/datasets/classifier/val/Red/000031_frame000001_ePU-39N0gq.jpg,0,Red,0,Red,0.0026597524993121624,0.5,correct
000031_frame000002_EpmFiJyoo9.jpg,/home/jgaldeano/tfm/data/datasets/classifier/val/Red/000031_frame000002_EpmFiJyoo9.jpg,0,Red,0,Red,0.00526925316080451,0.5,correct
000031_frame000002_XTW5iOJ1re.jpg,/home/jgaldeano/tfm/data/datasets/classifier/val/Red/000031_frame000002_XTW5iOJ1re.jpg,0,Red,0,Red,0.0032683578319847584,0.5,correct
000031_frame000002_cFKeK8ml8J.jpg,/home/jgaldeano/tfm/data/datasets/classifier/val/Red/000031_frame000002_cFKeK8ml8J.jpg,0,Red,0,Red,0.0022576646879315376,0.5,correct
000031_frame000003_B-U1MfBETZ.jpg,/home/jgaldeano/tfm/data/datasets/classifier/val/Red/000031_frame000003_B-U1MfBETZ.jpg,0,Red,0,Red,0.011738729663193226,0.5,correct
000031_frame000003_yTwtEnoCPx.jpg,/home/jgaldeano/tfm/data/datasets/classifier/val/Red/000031_frame000003_yTwtEnoCPx.jpg,0,Red,0,Red,0.004049965646117926,0.5,correct
000031_frame000003_zCX10UwMnZ.jpg,/home/jgaldeano/tfm/data/datasets/classifier/val/Red/000031_frame000003_zCX10UwMnZ.jpg,0,Red,0,Red,0.0010470148408785462,0.5,correct
000031_frame000004_2r4rbMKIvg.jpg,/home/jgaldeano/tfm/data/datasets/classifier/val/Red/000031_frame000004_2r4rbMKIvg.jpg,0,Red,0,Red,0.007438969798386097,0.5,correct
000031_frame000004_tyDcNo53mK.jpg,/home/jgaldeano/tfm/data/datasets/classifier/val/Red/000031_frame000004_tyDcNo53mK.jpg,0,Red,0,Red,0.002959748264402151,0.5,correct
000031_frame000006_WEjvxujqcR.jpg,/home/jgaldeano/tfm/data/datasets/classifier/val/Red/000031_frame000006_WEjvxujqcR.jpg,0,Red,0,Red,0.005396570544689894,0.5,correct
000031_frame000006_eglwJutqKB.jpg,/home/jgaldeano/tfm/data/datasets/classifier/val/Red/000031_frame000006_eglwJutqKB.jpg,0,Red,0,Red,0.0035163036081939936,0.5,correct
000031_frame000007_3fst1rjtt3.jpg,/home/jgaldeano/tfm/data/datasets/classifier/val/Red/000031_frame000007_3fst1rjtt3.jpg,0,Red,0,Red,0.003494186559692025,0.5,correct
000031_frame000007_eEjPxQDBsz.jpg,/home/jgaldeano/tfm/data/datasets/classifier/val/Red/000031_frame000007_eEjPxQDBsz.jpg,0,Red,0,Red,0.005495491437613964,0.5,correct
000031_frame000008_jRhLdAE3VO.jpg,/home/jgaldeano/tfm/data/datasets/classifier/val/Red/000031_frame000008_jRhLdAE3VO.jpg,0,Red,0,Red,0.003078656503930688,0.5,correct
000031_frame000009_4QQOy9IUQM.jpg,/home/jgaldeano/tfm/data/datasets/classifier/val/Red/000031_frame000009_4QQOy9IUQM.jpg,0,Red,0,Red,0.0030987909995019436,0.5,correct
000031_frame000009_gbfLND9ff8.jpg,/home/jgaldeano/tfm/data/datasets/classifier/val/Red/000031_frame000009_gbfLND9ff8.jpg,0,Red,0,Red,0.0022356926929205656,0.5,correct
000031_frame000009_rAI7F_z0l6.jpg,/home/jgaldeano/tfm/data/datasets/classifier/val/Red/000031_frame000009_rAI7F_z0l6.jpg,0,Red,0,Red,0.00517736142501235,0.5,correct
000031_frame000010_ZhqHRmI4Ns.jpg,/home/jgaldeano/tfm/data/datasets/classifier/val/Red/000031_frame000010_ZhqHRmI4Ns.jpg,0,Red,0,Red,0.0026929841842502356,0.5,correct
000031_frame000010_oruBaAPJse.jpg,/home/jgaldeano/tfm/data/datasets/classifier/val/Red/000031_frame000010_oruBaAPJse.jpg,0,Red,0,Red,0.007000837940722704,0.5,correct
000031_frame000011_T6GWbRXlDE.jpg,/home/jgaldeano/tfm/data/datasets/classifier/val/Red/000031_frame000011_T6GWbRXlDE.jpg,0,Red,0,Red,0.0024879754055291414,0.5,correct
000031_frame000011_jLWnrbhwLt.jpg,/home/jgaldeano/tfm/data/datasets/classifier/val/Red/000031_frame000011_jLWnrbhwLt.jpg,0,Red,0,Red,0.0032425944227725267,0.5,correct
000031_frame000011_wTt7EqWo8x.jpg,/home/jgaldeano/tfm/data/datasets/classifier/val/Red/000031_frame000011_wTt7EqWo8x.jpg,0,Red,0,Red,0.0060973940417170525,0.5,correct
000031_frame000012_Bzy3UTXG_N.jpg,/home/jgaldeano/tfm/data/datasets/classifier/val/Red/000031_frame000012_Bzy3UTXG_N.jpg,0,Red,0,Red,0.0029334144201129675,0.5,correct
000031_frame000012_Ll9LuoeuNS.jpg,/home/jgaldeano/tfm/data/datasets/classifier/val/Red/000031_frame000012_Ll9LuoeuNS.jpg,0,Red,0,Red,0.0076105245389044285,0.5,correct
000031_frame000012_d5yOI1-S9t.jpg,/home/jgaldeano/tfm/data/datasets/classifier/val/Red/000031_frame000012_d5yOI1-S9t.jpg,0,Red,0,Red,0.001995435915887356,0.5,correct
000031_frame000013_3BGrp9n1io.jpg,/home/jgaldeano/tfm/data/datasets/classifier/val/Red/000031_frame000013_3BGrp9n1io.jpg,0,Red,0,Red,0.007065892685204744,0.5,correct
000031_frame000013_yONm7y6jkd.jpg,/home/jgaldeano/tfm/data/datasets/classifier/val/Red/000031_frame000013_yONm7y6jkd.jpg,0,Red,0,Red,0.003108483739197254,0.5,correct
000031_frame000014_YnZJUa-OUk.jpg,/home/jgaldeano/tfm/data/datasets/classifier/val/Red/000031_frame000014_YnZJUa-OUk.jpg,0,Red,0,Red,0.003016189206391573,0.5,correct
000031_frame000014_pLPE2AQEHv.jpg,/home/jgaldeano/tfm/data/datasets/classifier/val/Red/000031_frame000014_pLPE2AQEHv.jpg,0,Red,0,Red,0.007636838126927614,0.5,correct
000031_frame000015_kNhINfpuPK.jpg,/home/jgaldeano/tfm/data/datasets/classifier/val/Red/000031_frame000015_kNhINfpuPK.jpg,0,Red,0,Red,0.010018384084105492,0.5,correct
000031_frame000016_3Z35Pfda4U.jpg,/home/jgaldeano/tfm/data/datasets/classifier/val/Red/000031_frame000016_3Z35Pfda4U.jpg,0,Red,0,Red,0.0026016775518655777,0.5,correct
000031_frame000016_9nyeBAYIe0.jpg,/home/jgaldeano/tfm/data/datasets/classifier/val/Red/000031_frame000016_9nyeBAYIe0.jpg,0,Red,0,Red,0.010065987706184387,0.5,correct
000031_frame000017_4SEcxtGxcy.jpg,/home/jgaldeano/tfm/data/datasets/classifier/val/Red/000031_frame000017_4SEcxtGxcy.jpg,0,Red,0,Red,0.0025236245710402727,0.5,correct
000031_frame000017_DqINrt1wFT.jpg,/home/jgaldeano/tfm/data/datasets/classifier/val/Red/000031_frame000017_DqINrt1wFT.jpg,0,Red,0,Red,0.007091313134878874,0.5,correct
000031_frame000018_9ahBaw10fg.jpg,/home/jgaldeano/tfm/data/datasets/classifier/val/Red/000031_frame000018_9ahBaw10fg.jpg,0,Red,0,Red,0.00284338416531682,0.5,correct
000031_frame000018_UGO4QSfg6A.jpg,/home/jgaldeano/tfm/data/datasets/classifier/val/Red/000031_frame000018_UGO4QSfg6A.jpg,0,Red,0,Red,0.0061594401486217976,0.5,correct
000031_frame000019_FJDnPK3dN9.jpg,/home/jgaldeano/tfm/data/datasets/classifier/val/Red/000031_frame000019_FJDnPK3dN9.jpg,0,Red,0,Red,0.005754091311246157,0.5,correct
000031_frame000019_YWuyhChLy1.jpg,/home/jgaldeano/tfm/data/datasets/classifier/val/Red/000031_frame000019_YWuyhChLy1.jpg,0,Red,0,Red,0.003138833213597536,0.5,correct
000031_frame000020_RW5MP0Eeu1.jpg,/home/jgaldeano/tfm/data/datasets/classifier/val/Red/000031_frame000020_RW5MP0Eeu1.jpg,0,Red,0,Red,0.002694237045943737,0.5,correct
000031_frame000020_zxkQAR-45i.jpg,/home/jgaldeano/tfm/data/datasets/classifier/val/Red/000031_frame000020_zxkQAR-45i.jpg,0,Red,0,Red,0.015540430322289467,0.5,correct
000031_frame000021_7Uu-xbIqAd.jpg,/home/jgaldeano/tfm/data/datasets/classifier/val/Red/000031_frame000021_7Uu-xbIqAd.jpg,0,Red,0,Red,0.010285456664860249,0.5,correct
000031_frame000021_QkqVyA0cPP.jpg,/home/jgaldeano/tfm/data/datasets/classifier/val/Red/000031_frame000021_QkqVyA0cPP.jpg,0,Red,0,Red,0.0026390235871076584,0.5,correct
000031_frame000022_Bzkv-z62Nk.jpg,/home/jgaldeano/tfm/data/datasets/classifier/val/Red/000031_frame000022_Bzkv-z62Nk.jpg,0,Red,0,Red,0.0030952959787100554,0.5,correct
000031_frame000022_X_xXd43bLw.jpg,/home/jgaldeano/tfm/data/datasets/classifier/val/Red/000031_frame000022_X_xXd43bLw.jpg,0,Red,0,Red,0.03281961381435394,0.5,correct
000031_frame000023_4Wp719_iCg.jpg,/home/jgaldeano/tfm/data/datasets/classifier/val/Red/000031_frame000023_4Wp719_iCg.jpg,0,Red,0,Red,0.0055176690220832825,0.5,correct
000031_frame000023_4leezSBTsF.jpg,/home/jgaldeano/tfm/data/datasets/classifier/val/Red/000031_frame000023_4leezSBTsF.jpg,0,Red,0,Red,0.002458589617162943,0.5,correct
000031_frame000023_yh0Hl4qrdp.jpg,/home/jgaldeano/tfm/data/datasets/classifier/val/Red/000031_frame000023_yh0Hl4qrdp.jpg,0,Red,0,Red,0.0028429152444005013,0.5,correct
000031_frame000024_27iljF1pu6.jpg,/home/jgaldeano/tfm/data/datasets/classifier/val/Red/000031_frame000024_27iljF1pu6.jpg,0,Red,0,Red,0.002764599397778511,0.5,correct
000031_frame000024_EWU0GGTC8B.jpg,/home/jgaldeano/tfm/data/datasets/classifier/val/Red/000031_frame000024_EWU0GGTC8B.jpg,0,Red,0,Red,0.007687982637435198,0.5,correct
000031_frame000024_no5DPzHGfq.jpg,/home/jgaldeano/tfm/data/datasets/classifier/val/Red/000031_frame000024_no5DPzHGfq.jpg,0,Red,0,Red,0.0026299648452550173,0.5,correct
000031_frame000025_JVe1VMFcCj.jpg,/home/jgaldeano/tfm/data/datasets/classifier/val/Red/000031_frame000025_JVe1VMFcCj.jpg,0,Red,0,Red,0.002640161896124482,0.5,correct
000031_frame000025_jgI88KpmsE.jpg,/home/jgaldeano/tfm/data/datasets/classifier/val/Red/000031_frame000025_jgI88KpmsE.jpg,0,Red,0,Red,0.021308984607458115,0.5,correct
000031_frame000026_OqaEIiQ-JO.jpg,/home/jgaldeano/tfm/data/datasets/classifier/val/Red/000031_frame000026_OqaEIiQ-JO.jpg,0,Red,0,Red,0.0026156501844525337,0.5,correct
000031_frame000026_s71rm640cG.jpg,/home/jgaldeano/tfm/data/datasets/classifier/val/Red/000031_frame000026_s71rm640cG.jpg,0,Red,0,Red,0.007701281923800707,0.5,correct
000031_frame000026_wVj0SNBwxn.jpg,/home/jgaldeano/tfm/data/datasets/classifier/val/Red/000031_frame000026_wVj0SNBwxn.jpg,0,Red,0,Red,0.002668088534846902,0.5,correct
000031_frame000027_WLj5hWB2bJ.jpg,/home/jgaldeano/tfm/data/datasets/classifier/val/Red/000031_frame000027_WLj5hWB2bJ.jpg,0,Red,0,Red,0.003629888640716672,0.5,correct
000031_frame000027_ggj9MErp8f.jpg,/home/jgaldeano/tfm/data/datasets/classifier/val/Red/000031_frame000027_ggj9MErp8f.jpg,0,Red,0,Red,0.07543889433145523,0.5,correct
000031_frame000028_10zFK_X11u.jpg,/home/jgaldeano/tfm/data/datasets/classifier/val/Red/000031_frame000028_10zFK_X11u.jpg,0,Red,0,Red,0.006636188831180334,0.5,correct
000031_frame000028_Ms6ImFbKlf.jpg,/home/jgaldeano/tfm/data/datasets/classifier/val/Red/000031_frame000028_Ms6ImFbKlf.jpg,0,Red,0,Red,0.002329286653548479,0.5,correct
000031_frame000028_x61dFlk8T5.jpg,/home/jgaldeano/tfm/data/datasets/classifier/val/Red/000031_frame000028_x61dFlk8T5.jpg,0,Red,0,Red,0.002228936878964305,0.5,correct
000031_frame000029_GAfql3WhFt.jpg,/home/jgaldeano/tfm/data/datasets/classifier/val/Red/000031_frame000029_GAfql3WhFt.jpg,0,Red,0,Red,0.002336607314646244,0.5,correct
000031_frame000029_Sgc6QsJMRl.jpg,/home/jgaldeano/tfm/data/datasets/classifier/val/Red/000031_frame000029_Sgc6QsJMRl.jpg,0,Red,0,Red,0.024908142164349556,0.5,correct
000031_frame000030_F1cZZCpBS-.jpg,/home/jgaldeano/tfm/data/datasets/classifier/val/Red/000031_frame000030_F1cZZCpBS-.jpg,0,Red,0,Red,0.002573019592091441,0.5,correct
000031_frame000030_WqVUgDz63c.jpg,/home/jgaldeano/tfm/data/datasets/classifier/val/Red/000031_frame000030_WqVUgDz63c.jpg,0,Red,0,Red,0.007350160274654627,0.5,correct
000031_frame000030__w9GCZ70No.jpg,/home/jgaldeano/tfm/data/datasets/classifier/val/Red/000031_frame000030__w9GCZ70No.jpg,0,Red,0,Red,0.002522151218727231,0.5,correct
000031_frame000115_Gmu6meCHGk.jpg,/home/jgaldeano/tfm/data/datasets/classifier/val/Red/000031_frame000115_Gmu6meCHGk.jpg,0,Red,0,Red,0.0010173822520300746,0.5,correct
000031_frame000118_lMmPCf2n0B.jpg,/home/jgaldeano/tfm/data/datasets/classifier/val/Red/000031_frame000118_lMmPCf2n0B.jpg,0,Red,0,Red,0.0005320149939507246,0.5,correct
000033_frame000001_rC3s2CeYtz.jpg,/home/jgaldeano/tfm/data/datasets/classifier/val/Red/000033_frame000001_rC3s2CeYtz.jpg,0,Red,0,Red,0.004209039732813835,0.5,correct
000033_frame000002_36-WorBKMM.jpg,/home/jgaldeano/tfm/data/datasets/classifier/val/Red/000033_frame000002_36-WorBKMM.jpg,0,Red,0,Red,0.0031713589560240507,0.5,correct
000033_frame000002_wl6TnT6SZg.jpg,/home/jgaldeano/tfm/data/datasets/classifier/val/Red/000033_frame000002_wl6TnT6SZg.jpg,0,Red,0,Red,0.0033714782912284136,0.5,correct
000033_frame000002_yl5wrqQX5P.jpg,/home/jgaldeano/tfm/data/datasets/classifier/val/Red/000033_frame000002_yl5wrqQX5P.jpg,0,Red,0,Red,0.004391175229102373,0.5,correct
000033_frame000003_SN4bWXC1I4.jpg,/home/jgaldeano/tfm/data/datasets/classifier/val/Red/000033_frame000003_SN4bWXC1I4.jpg,0,Red,0,Red,0.00508926110342145,0.5,correct
000033_frame000004_6Ka-O2mOdg.jpg,/home/jgaldeano/tfm/data/datasets/classifier/val/Red/000033_frame000004_6Ka-O2mOdg.jpg,0,Red,0,Red,0.004522517789155245,0.5,correct
000033_frame000004_kSYY9fJnbO.jpg,/home/jgaldeano/tfm/data/datasets/classifier/val/Red/000033_frame000004_kSYY9fJnbO.jpg,0,Red,0,Red,0.005798303056508303,0.5,correct
000033_frame000005_G-90ALsmt_.jpg,/home/jgaldeano/tfm/data/datasets/classifier/val/Red/000033_frame000005_G-90ALsmt_.jpg,0,Red,0,Red,0.0061566997319459915,0.5,correct
000033_frame000006_hkKCN4TrvC.jpg,/home/jgaldeano/tfm/data/datasets/classifier/val/Red/000033_frame000006_hkKCN4TrvC.jpg,0,Red,0,Red,0.0057435245253145695,0.5,correct
000033_frame000007_xsp-4WYLtd.jpg,/home/jgaldeano/tfm/data/datasets/classifier/val/Red/000033_frame000007_xsp-4WYLtd.jpg,0,Red,0,Red,0.008397477678954601,0.5,correct
000033_frame000008_u0mniejm0M.jpg,/home/jgaldeano/tfm/data/datasets/classifier/val/Red/000033_frame000008_u0mniejm0M.jpg,0,Red,0,Red,0.05347270891070366,0.5,correct
000033_frame000009_zheR-z9hAb.jpg,/home/jgaldeano/tfm/data/datasets/classifier/val/Red/000033_frame000009_zheR-z9hAb.jpg,0,Red,0,Red,0.007252532988786697,0.5,correct
000033_frame000010_SG3BQ0LnO2.jpg,/home/jgaldeano/tfm/data/datasets/classifier/val/Red/000033_frame000010_SG3BQ0LnO2.jpg,0,Red,0,Red,0.014156545512378216,0.5,correct
000033_frame000010_Snn2ClM3NF.jpg,/home/jgaldeano/tfm/data/datasets/classifier/val/Red/000033_frame000010_Snn2ClM3NF.jpg,0,Red,0,Red,0.007848302833735943,0.5,correct
000033_frame000010_f53JJnM_pb.jpg,/home/jgaldeano/tfm/data/datasets/classifier/val/Red/000033_frame000010_f53JJnM_pb.jpg,0,Red,0,Red,0.004077127203345299,0.5,correct
000033_frame000011_6FKVmGT2FK.jpg,/home/jgaldeano/tfm/data/datasets/classifier/val/Red/000033_frame000011_6FKVmGT2FK.jpg,0,Red,0,Red,0.004473667126148939,0.5,correct
000033_frame000011_fSCYv_oRhk.jpg,/home/jgaldeano/tfm/data/datasets/classifier/val/Red/000033_frame000011_fSCYv_oRhk.jpg,0,Red,0,Red,0.006169404834508896,0.5,correct
000033_frame000011_majLgUYkRg.jpg,/home/jgaldeano/tfm/data/datasets/classifier/val/Red/000033_frame000011_majLgUYkRg.jpg,0,Red,0,Red,0.004330165218561888,0.5,correct
000033_frame000012__4AfcvS5Hj.jpg,/home/jgaldeano/tfm/data/datasets/classifier/val/Red/000033_frame000012__4AfcvS5Hj.jpg,0,Red,0,Red,0.0034389207139611244,0.5,correct
000033_frame000012_mqUqSHdNL2.jpg,/home/jgaldeano/tfm/data/datasets/classifier/val/Red/000033_frame000012_mqUqSHdNL2.jpg,0,Red,0,Red,0.008010822348296642,0.5,correct
000033_frame000012_xYQXGul1K0.jpg,/home/jgaldeano/tfm/data/datasets/classifier/val/Red/000033_frame000012_xYQXGul1K0.jpg,0,Red,0,Red,0.009862788021564484,0.5,correct
000033_frame000013_Utras1INM8.jpg,/home/jgaldeano/tfm/data/datasets/classifier/val/Red/000033_frame000013_Utras1INM8.jpg,0,Red,0,Red,0.007970405742526054,0.5,correct
000033_frame000014_fSYnH0kPyK.jpg,/home/jgaldeano/tfm/data/datasets/classifier/val/Red/000033_frame000014_fSYnH0kPyK.jpg,0,Red,0,Red,0.00804674532264471,0.5,correct
000033_frame000015_ELFX3MX_VK.jpg,/home/jgaldeano/tfm/data/datasets/classifier/val/Red/000033_frame000015_ELFX3MX_VK.jpg,0,Red,0,Red,0.004691822919994593,0.5,correct
000033_frame000015__nx76__2pE.jpg,/home/jgaldeano/tfm/data/datasets/classifier/val/Red/000033_frame000015__nx76__2pE.jpg,0,Red,0,Red,0.0037844148464500904,0.5,correct
000033_frame000015_x-pXFl0wqL.jpg,/home/jgaldeano/tfm/data/datasets/classifier/val/Red/000033_frame000015_x-pXFl0wqL.jpg,0,Red,0,Red,0.0031363724265247583,0.5,correct
000033_frame000016_KmRiOnajg0.jpg,/home/jgaldeano/tfm/data/datasets/classifier/val/Red/000033_frame000016_KmRiOnajg0.jpg,0,Red,0,Red,0.006644296459853649,0.5,correct
000033_frame000016_ODF1Oyr82Z.jpg,/home/jgaldeano/tfm/data/datasets/classifier/val/Red/000033_frame000016_ODF1Oyr82Z.jpg,0,Red,0,Red,0.004115376155823469,0.5,correct
000033_frame000016_ixi7-FZx66.jpg,/home/jgaldeano/tfm/data/datasets/classifier/val/Red/000033_frame000016_ixi7-FZx66.jpg,0,Red,0,Red,0.0031535013113170862,0.5,correct
000033_frame000018_FNtdI28ubu.jpg,/home/jgaldeano/tfm/data/datasets/classifier/val/Red/000033_frame000018_FNtdI28ubu.jpg,0,Red,0,Red,0.006932615302503109,0.5,correct
000033_frame000019_OHVO95Smy7.jpg,/home/jgaldeano/tfm/data/datasets/classifier/val/Red/000033_frame000019_OHVO95Smy7.jpg,0,Red,0,Red,0.006506836507469416,0.5,correct
000033_frame000019_S4iuAy0HfB.jpg,/home/jgaldeano/tfm/data/datasets/classifier/val/Red/000033_frame000019_S4iuAy0HfB.jpg,0,Red,0,Red,0.005558724515140057,0.5,correct
000033_frame000020_69KG_Z-pXv.jpg,/home/jgaldeano/tfm/data/datasets/classifier/val/Red/000033_frame000020_69KG_Z-pXv.jpg,0,Red,0,Red,0.004698675591498613,0.5,correct
000033_frame000020_QAcv2A3jw9.jpg,/home/jgaldeano/tfm/data/datasets/classifier/val/Red/000033_frame000020_QAcv2A3jw9.jpg,0,Red,0,Red,0.00626863120123744,0.5,correct
000033_frame000020_xDJQiiPuwQ.jpg,/home/jgaldeano/tfm/data/datasets/classifier/val/Red/000033_frame000020_xDJQiiPuwQ.jpg,0,Red,0,Red,0.00483862916007638,0.5,correct
000033_frame000020_yhN6vpV5o7.jpg,/home/jgaldeano/tfm/data/datasets/classifier/val/Red/000033_frame000020_yhN6vpV5o7.jpg,0,Red,0,Red,0.004317630548030138,0.5,correct
000033_frame000021_A8YoEVy4Rm.jpg,/home/jgaldeano/tfm/data/datasets/classifier/val/Red/000033_frame000021_A8YoEVy4Rm.jpg,0,Red,0,Red,0.02941739931702614,0.5,correct
000033_frame000022_5vpkjGdXqb.jpg,/home/jgaldeano/tfm/data/datasets/classifier/val/Red/000033_frame000022_5vpkjGdXqb.jpg,0,Red,0,Red,0.002960074692964554,0.5,correct
000033_frame000022_ib7aZbHLfN.jpg,/home/jgaldeano/tfm/data/datasets/classifier/val/Red/000033_frame000022_ib7aZbHLfN.jpg,0,Red,0,Red,0.00675397552549839,0.5,correct
000033_frame000023_CPJJR2c9JR.jpg,/home/jgaldeano/tfm/data/datasets/classifier/val/Red/000033_frame000023_CPJJR2c9JR.jpg,0,Red,0,Red,0.0033115351106971502,0.5,correct
000033_frame000023_ysKBzjXVXF.jpg,/home/jgaldeano/tfm/data/datasets/classifier/val/Red/000033_frame000023_ysKBzjXVXF.jpg,0,Red,0,Red,0.009294487535953522,0.5,correct
000033_frame000024_DgqBK5DoyD.jpg,/home/jgaldeano/tfm/data/datasets/classifier/val/Red/000033_frame000024_DgqBK5DoyD.jpg,0,Red,0,Red,0.013930810615420341,0.5,correct
000033_frame000025_cNAJkIUOP2.jpg,/home/jgaldeano/tfm/data/datasets/classifier/val/Red/000033_frame000025_cNAJkIUOP2.jpg,0,Red,0,Red,0.012589660473167896,0.5,correct
000033_frame000026_R_6tz6XC3f.jpg,/home/jgaldeano/tfm/data/datasets/classifier/val/Red/000033_frame000026_R_6tz6XC3f.jpg,0,Red,0,Red,0.003513372503221035,0.5,correct
000033_frame000026_rdcEhV5YvN.jpg,/home/jgaldeano/tfm/data/datasets/classifier/val/Red/000033_frame000026_rdcEhV5YvN.jpg,0,Red,0,Red,0.006102630402892828,0.5,correct
000033_frame000027_KoIPGR5phk.jpg,/home/jgaldeano/tfm/data/datasets/classifier/val/Red/000033_frame000027_KoIPGR5phk.jpg,0,Red,0,Red,0.005362309515476227,0.5,correct
000033_frame000028_8MxdCINeTC.jpg,/home/jgaldeano/tfm/data/datasets/classifier/val/Red/000033_frame000028_8MxdCINeTC.jpg,0,Red,0,Red,0.0052873194217681885,0.5,correct
000033_frame000029_Vvm_xIZIyF.jpg,/home/jgaldeano/tfm/data/datasets/classifier/val/Red/000033_frame000029_Vvm_xIZIyF.jpg,0,Red,0,Red,0.005288084037601948,0.5,correct
000033_frame000030_lzK6sECtyo.jpg,/home/jgaldeano/tfm/data/datasets/classifier/val/Red/000033_frame000030_lzK6sECtyo.jpg,0,Red,0,Red,0.0029284090269356966,0.5,correct
000033_frame000031_j5Ce8qDWuL.jpg,/home/jgaldeano/tfm/data/datasets/classifier/val/Red/000033_frame000031_j5Ce8qDWuL.jpg,0,Red,0,Red,0.0030529682990163565,0.5,correct
000033_frame000032_VyNzpPLLYN.jpg,/home/jgaldeano/tfm/data/datasets/classifier/val/Red/000033_frame000032_VyNzpPLLYN.jpg,0,Red,0,Red,0.0029790776316076517,0.5,correct
000033_frame000032_iNFZ3KOHhm.jpg,/home/jgaldeano/tfm/data/datasets/classifier/val/Red/000033_frame000032_iNFZ3KOHhm.jpg,0,Red,0,Red,0.007719132583588362,0.5,correct
000033_frame000033_5ffBhXhbuj.jpg,/home/jgaldeano/tfm/data/datasets/classifier/val/Red/000033_frame000033_5ffBhXhbuj.jpg,0,Red,0,Red,0.007028162479400635,0.5,correct
000033_frame000033_eo--pseWW3.jpg,/home/jgaldeano/tfm/data/datasets/classifier/val/Red/000033_frame000033_eo--pseWW3.jpg,0,Red,0,Red,0.002101154299452901,0.5,correct
000033_frame000034_KkqBj5eepF.jpg,/home/jgaldeano/tfm/data/datasets/classifier/val/Red/000033_frame000034_KkqBj5eepF.jpg,0,Red,0,Red,0.0038126606959849596,0.5,correct
000033_frame000034_M1C9tdICYL.jpg,/home/jgaldeano/tfm/data/datasets/classifier/val/Red/000033_frame000034_M1C9tdICYL.jpg,0,Red,0,Red,0.0024540619924664497,0.5,correct
000033_frame000035_PcExNAOn2L.jpg,/home/jgaldeano/tfm/data/datasets/classifier/val/Red/000033_frame000035_PcExNAOn2L.jpg,0,Red,0,Red,0.009375426918268204,0.5,correct
000033_frame000035_ULtkrZfK3m.jpg,/home/jgaldeano/tfm/data/datasets/classifier/val/Red/000033_frame000035_ULtkrZfK3m.jpg,0,Red,0,Red,0.004683587234467268,0.5,correct
000033_frame000036_SyDdJScS5k.jpg,/home/jgaldeano/tfm/data/datasets/classifier/val/Red/000033_frame000036_SyDdJScS5k.jpg,0,Red,0,Red,0.006849539931863546,0.5,correct
000033_frame000036_k61FnEK3Gw.jpg,/home/jgaldeano/tfm/data/datasets/classifier/val/Red/000033_frame000036_k61FnEK3Gw.jpg,0,Red,0,Red,0.012485171668231487,0.5,correct
000033_frame000037_ChR9sUGdmK.jpg,/home/jgaldeano/tfm/data/datasets/classifier/val/Red/000033_frame000037_ChR9sUGdmK.jpg,0,Red,0,Red,0.0025099599733948708,0.5,correct
000033_frame000037_hXjodAdScV.jpg,/home/jgaldeano/tfm/data/datasets/classifier/val/Red/000033_frame000037_hXjodAdScV.jpg,0,Red,0,Red,0.00233058026060462,0.5,correct
000033_frame000038_BJDvOibnuq.jpg,/home/jgaldeano/tfm/data/datasets/classifier/val/Red/000033_frame000038_BJDvOibnuq.jpg,0,Red,0,Red,0.008290672674775124,0.5,correct
000033_frame000039_yXZd07EbLN.jpg,/home/jgaldeano/tfm/data/datasets/classifier/val/Red/000033_frame000039_yXZd07EbLN.jpg,0,Red,0,Red,0.0033629874233156443,0.5,correct
000033_frame000040_aSUas1G4YC.jpg,/home/jgaldeano/tfm/data/datasets/classifier/val/Red/000033_frame000040_aSUas1G4YC.jpg,0,Red,0,Red,0.0029225589241832495,0.5,correct
000033_frame000040_bjqweaznKJ.jpg,/home/jgaldeano/tfm/data/datasets/classifier/val/Red/000033_frame000040_bjqweaznKJ.jpg,0,Red,0,Red,0.004410266410559416,0.5,correct
000033_frame000041_33suAiOWZB.jpg,/home/jgaldeano/tfm/data/datasets/classifier/val/Red/000033_frame000041_33suAiOWZB.jpg,0,Red,0,Red,0.0036149537190794945,0.5,correct
000033_frame000042_cMSuj7vCqV.jpg,/home/jgaldeano/tfm/data/datasets/classifier/val/Red/000033_frame000042_cMSuj7vCqV.jpg,0,Red,0,Red,0.005443005822598934,0.5,correct
000033_frame000045_faLrUXv5pj.jpg,/home/jgaldeano/tfm/data/datasets/classifier/val/Red/000033_frame000045_faLrUXv5pj.jpg,0,Red,0,Red,0.006070130039006472,0.5,correct
000033_frame000048_yBBpCmHl8i.jpg,/home/jgaldeano/tfm/data/datasets/classifier/val/Red/000033_frame000048_yBBpCmHl8i.jpg,0,Red,0,Red,0.006759239826351404,0.5,correct
000033_frame000049_M2L3G6kZZ9.jpg,/home/jgaldeano/tfm/data/datasets/classifier/val/Red/000033_frame000049_M2L3G6kZZ9.jpg,0,Red,0,Red,0.01039464958012104,0.5,correct
000033_frame000050_6JXmC9W1z2.jpg,/home/jgaldeano/tfm/data/datasets/classifier/val/Red/000033_frame000050_6JXmC9W1z2.jpg,0,Red,0,Red,0.004435861948877573,0.5,correct
000033_frame000050_Rgwn_JoTGc.jpg,/home/jgaldeano/tfm/data/datasets/classifier/val/Red/000033_frame000050_Rgwn_JoTGc.jpg,0,Red,0,Red,0.01081088837236166,0.5,correct
000033_frame000051_Eb7uhJvBsf.jpg,/home/jgaldeano/tfm/data/datasets/classifier/val/Red/000033_frame000051_Eb7uhJvBsf.jpg,0,Red,0,Red,0.007060113828629255,0.5,correct
000033_frame000052_GZEiCGfM4_.jpg,/home/jgaldeano/tfm/data/datasets/classifier/val/Red/000033_frame000052_GZEiCGfM4_.jpg,0,Red,0,Red,0.004510816186666489,0.5,correct
000033_frame000052_pB0rOk1Cw7.jpg,/home/jgaldeano/tfm/data/datasets/classifier/val/Red/000033_frame000052_pB0rOk1Cw7.jpg,0,Red,0,Red,0.006812239531427622,0.5,correct
000033_frame000053_EHhwseeZk8.jpg,/home/jgaldeano/tfm/data/datasets/classifier/val/Red/000033_frame000053_EHhwseeZk8.jpg,0,Red,0,Red,0.005133046768605709,0.5,correct
000033_frame000053_w7gWgVxF5M.jpg,/home/jgaldeano/tfm/data/datasets/classifier/val/Red/000033_frame000053_w7gWgVxF5M.jpg,0,Red,0,Red,0.004336973652243614,0.5,correct
000033_frame000055_ARvB9ZcNTi.jpg,/home/jgaldeano/tfm/data/datasets/classifier/val/Red/000033_frame000055_ARvB9ZcNTi.jpg,0,Red,0,Red,0.004248652141541243,0.5,correct
000033_frame000056_HYxLrawohv.jpg,/home/jgaldeano/tfm/data/datasets/classifier/val/Red/000033_frame000056_HYxLrawohv.jpg,0,Red,0,Red,0.015515399165451527,0.5,correct
000033_frame000057_Icb9-4jreu.jpg,/home/jgaldeano/tfm/data/datasets/classifier/val/Red/000033_frame000057_Icb9-4jreu.jpg,0,Red,0,Red,0.017603391781449318,0.5,correct
000033_frame000058_bfbtddx6E6.jpg,/home/jgaldeano/tfm/data/datasets/classifier/val/Red/000033_frame000058_bfbtddx6E6.jpg,0,Red,0,Red,0.018402375280857086,0.5,correct
000033_frame000059_E-0c8pvlwe.jpg,/home/jgaldeano/tfm/data/datasets/classifier/val/Red/000033_frame000059_E-0c8pvlwe.jpg,0,Red,0,Red,0.0051206620410084724,0.5,correct
000033_frame000059_oQXxOSMBC1.jpg,/home/jgaldeano/tfm/data/datasets/classifier/val/Red/000033_frame000059_oQXxOSMBC1.jpg,0,Red,0,Red,0.004410136491060257,0.5,correct
000033_frame000060_01-uKf6JIM.jpg,/home/jgaldeano/tfm/data/datasets/classifier/val/Red/000033_frame000060_01-uKf6JIM.jpg,0,Red,0,Red,0.007795422337949276,0.5,correct
000033_frame000060_9ASqffrJo8.jpg,/home/jgaldeano/tfm/data/datasets/classifier/val/Red/000033_frame000060_9ASqffrJo8.jpg,0,Red,0,Red,0.004442078061401844,0.5,correct
000033_frame000061_U884bnZI6E.jpg,/home/jgaldeano/tfm/data/datasets/classifier/val/Red/000033_frame000061_U884bnZI6E.jpg,0,Red,0,Red,0.004870004951953888,0.5,correct
000033_frame000061_o8-TkaJl9v.jpg,/home/jgaldeano/tfm/data/datasets/classifier/val/Red/000033_frame000061_o8-TkaJl9v.jpg,0,Red,0,Red,0.011629721149802208,0.5,correct
000033_frame000062_bEG89PHWWX.jpg,/home/jgaldeano/tfm/data/datasets/classifier/val/Red/000033_frame000062_bEG89PHWWX.jpg,0,Red,0,Red,0.003968074452131987,0.5,correct
000033_frame000062_bjZGeFsrzt.jpg,/home/jgaldeano/tfm/data/datasets/classifier/val/Red/000033_frame000062_bjZGeFsrzt.jpg,0,Red,0,Red,0.0042783403769135475,0.5,correct
000033_frame000063_0T5OrZfKiU.jpg,/home/jgaldeano/tfm/data/datasets/classifier/val/Red/000033_frame000063_0T5OrZfKiU.jpg,0,Red,0,Red,0.00399465998634696,0.5,correct
000033_frame000063_7Ml2591wQR.jpg,/home/jgaldeano/tfm/data/datasets/classifier/val/Red/000033_frame000063_7Ml2591wQR.jpg,0,Red,0,Red,0.0034984394442290068,0.5,correct
000033_frame000063_ZVieIhUWHA.jpg,/home/jgaldeano/tfm/data/datasets/classifier/val/Red/000033_frame000063_ZVieIhUWHA.jpg,0,Red,0,Red,0.005776666104793549,0.5,correct
000033_frame000064_jHEgSrllAb.jpg,/home/jgaldeano/tfm/data/datasets/classifier/val/Red/000033_frame000064_jHEgSrllAb.jpg,0,Red,0,Red,0.0044149248860776424,0.5,correct
000033_frame000064_vqwgkv2Vpk.jpg,/home/jgaldeano/tfm/data/datasets/classifier/val/Red/000033_frame000064_vqwgkv2Vpk.jpg,0,Red,0,Red,0.006465061102062464,0.5,correct
000033_frame000065_1HGwtckxEX.jpg,/home/jgaldeano/tfm/data/datasets/classifier/val/Red/000033_frame000065_1HGwtckxEX.jpg,0,Red,0,Red,0.0043371072970330715,0.5,correct
000033_frame000065_HtFmRlNJaj.jpg,/home/jgaldeano/tfm/data/datasets/classifier/val/Red/000033_frame000065_HtFmRlNJaj.jpg,0,Red,0,Red,0.0036215854343026876,0.5,correct
000033_frame000065_hvgtaw7Qlf.jpg,/home/jgaldeano/tfm/data/datasets/classifier/val/Red/000033_frame000065_hvgtaw7Qlf.jpg,0,Red,0,Red,0.002880787942558527,0.5,correct
000033_frame000066_1h8A3QsBf5.jpg,/home/jgaldeano/tfm/data/datasets/classifier/val/Red/000033_frame000066_1h8A3QsBf5.jpg,0,Red,0,Red,0.0060376874171197414,0.5,correct
000033_frame000066_a8SbwHZ9fX.jpg,/home/jgaldeano/tfm/data/datasets/classifier/val/Red/000033_frame000066_a8SbwHZ9fX.jpg,0,Red,0,Red,0.00510026328265667,0.5,correct
000033_frame000066_tsATdAlGy5.jpg,/home/jgaldeano/tfm/data/datasets/classifier/val/Red/000033_frame000066_tsATdAlGy5.jpg,0,Red,0,Red,0.003820283804088831,0.5,correct
000033_frame000067_EOGJARCKcn.jpg,/home/jgaldeano/tfm/data/datasets/classifier/val/Red/000033_frame000067_EOGJARCKcn.jpg,0,Red,0,Red,0.003976935986429453,0.5,correct
000033_frame000067_HVLg-Wn9lU.jpg,/home/jgaldeano/tfm/data/datasets/classifier/val/Red/000033_frame000067_HVLg-Wn9lU.jpg,0,Red,0,Red,0.007740235421806574,0.5,correct
000033_frame000067_dSQ-BwoGyF.jpg,/home/jgaldeano/tfm/data/datasets/classifier/val/Red/000033_frame000067_dSQ-BwoGyF.jpg,0,Red,0,Red,0.00473616411909461,0.5,correct
000033_frame000068_ca89rMrg0x.jpg,/home/jgaldeano/tfm/data/datasets/classifier/val/Red/000033_frame000068_ca89rMrg0x.jpg,0,Red,0,Red,0.007104886695742607,0.5,correct
000033_frame000068_vopTaOYMH3.jpg,/home/jgaldeano/tfm/data/datasets/classifier/val/Red/000033_frame000068_vopTaOYMH3.jpg,0,Red,0,Red,0.004792494233697653,0.5,correct
000033_frame000069_2MKCm1XgPs.jpg,/home/jgaldeano/tfm/data/datasets/classifier/val/Red/000033_frame000069_2MKCm1XgPs.jpg,0,Red,0,Red,0.004081333056092262,0.5,correct
000033_frame000069_OBB-EkVqCm.jpg,/home/jgaldeano/tfm/data/datasets/classifier/val/Red/000033_frame000069_OBB-EkVqCm.jpg,0,Red,0,Red,0.00970617588609457,0.5,correct
000033_frame000070_Gp6a82emKJ.jpg,/home/jgaldeano/tfm/data/datasets/classifier/val/Red/000033_frame000070_Gp6a82emKJ.jpg,0,Red,0,Red,0.01489169616252184,0.5,correct
000033_frame000070_fPxARaMVCy.jpg,/home/jgaldeano/tfm/data/datasets/classifier/val/Red/000033_frame000070_fPxARaMVCy.jpg,0,Red,0,Red,0.004215976223349571,0.5,correct
000033_frame000071_WFTbyNQAj5.jpg,/home/jgaldeano/tfm/data/datasets/classifier/val/Red/000033_frame000071_WFTbyNQAj5.jpg,0,Red,0,Red,0.0356941893696785,0.5,correct
000033_frame000071_ffQ5Y94Kr7.jpg,/home/jgaldeano/tfm/data/datasets/classifier/val/Red/000033_frame000071_ffQ5Y94Kr7.jpg,0,Red,0,Red,0.007038415875285864,0.5,correct
000033_frame000072_5dd0ypaAWD.jpg,/home/jgaldeano/tfm/data/datasets/classifier/val/Red/000033_frame000072_5dd0ypaAWD.jpg,0,Red,0,Red,0.006635365076363087,0.5,correct
000033_frame000072_98Tmbq_D-f.jpg,/home/jgaldeano/tfm/data/datasets/classifier/val/Red/000033_frame000072_98Tmbq_D-f.jpg,0,Red,0,Red,0.003987908363342285,0.5,correct
000033_frame000073_8VtEJVpF1c.jpg,/home/jgaldeano/tfm/data/datasets/classifier/val/Red/000033_frame000073_8VtEJVpF1c.jpg,0,Red,0,Red,0.01935684122145176,0.5,correct
000033_frame000073_tRjtrLpzZ4.jpg,/home/jgaldeano/tfm/data/datasets/classifier/val/Red/000033_frame000073_tRjtrLpzZ4.jpg,0,Red,0,Red,0.00758477533236146,0.5,correct
000033_frame000074_HEzG0isbE3.jpg,/home/jgaldeano/tfm/data/datasets/classifier/val/Red/000033_frame000074_HEzG0isbE3.jpg,0,Red,0,Red,0.031056514009833336,0.5,correct
000033_frame000074_M7dYNyus_K.jpg,/home/jgaldeano/tfm/data/datasets/classifier/val/Red/000033_frame000074_M7dYNyus_K.jpg,0,Red,0,Red,0.008477744646370411,0.5,correct
000033_frame000075_FUx95sALbc.jpg,/home/jgaldeano/tfm/data/datasets/classifier/val/Red/000033_frame000075_FUx95sALbc.jpg,0,Red,0,Red,0.00878346711397171,0.5,correct
000033_frame000075_Ltq3SdlyqK.jpg,/home/jgaldeano/tfm/data/datasets/classifier/val/Red/000033_frame000075_Ltq3SdlyqK.jpg,0,Red,0,Red,0.0033497833646833897,0.5,correct
000033_frame000076_PYCxb4zoxV.jpg,/home/jgaldeano/tfm/data/datasets/classifier/val/Red/000033_frame000076_PYCxb4zoxV.jpg,0,Red,0,Red,0.004001172725111246,0.5,correct
000033_frame000076_SR5QaLezLj.jpg,/home/jgaldeano/tfm/data/datasets/classifier/val/Red/000033_frame000076_SR5QaLezLj.jpg,0,Red,0,Red,0.011063548736274242,0.5,correct
000033_frame000077_dmfSo0GXBs.jpg,/home/jgaldeano/tfm/data/datasets/classifier/val/Red/000033_frame000077_dmfSo0GXBs.jpg,0,Red,0,Red,0.004657147452235222,0.5,correct
000033_frame000077_uckd9bmz3P.jpg,/home/jgaldeano/tfm/data/datasets/classifier/val/Red/000033_frame000077_uckd9bmz3P.jpg,0,Red,0,Red,0.012569700367748737,0.5,correct
000033_frame000078__1t3UEsyzs.jpg,/home/jgaldeano/tfm/data/datasets/classifier/val/Red/000033_frame000078__1t3UEsyzs.jpg,0,Red,0,Red,0.0194656103849411,0.5,correct
000033_frame000078_roTPm3KvDQ.jpg,/home/jgaldeano/tfm/data/datasets/classifier/val/Red/000033_frame000078_roTPm3KvDQ.jpg,0,Red,0,Red,0.005676549393683672,0.5,correct
000033_frame000079_nlut6hl-Hq.jpg,/home/jgaldeano/tfm/data/datasets/classifier/val/Red/000033_frame000079_nlut6hl-Hq.jpg,0,Red,0,Red,0.003810473484918475,0.5,correct
000033_frame000079_wa5maa0EYT.jpg,/home/jgaldeano/tfm/data/datasets/classifier/val/Red/000033_frame000079_wa5maa0EYT.jpg,0,Red,0,Red,0.006049256771802902,0.5,correct
000033_frame000080_In5-niFF1P.jpg,/home/jgaldeano/tfm/data/datasets/classifier/val/Red/000033_frame000080_In5-niFF1P.jpg,0,Red,0,Red,0.003493321593850851,0.5,correct
000033_frame000080_M6bFLtpfKP.jpg,/home/jgaldeano/tfm/data/datasets/classifier/val/Red/000033_frame000080_M6bFLtpfKP.jpg,0,Red,0,Red,0.0051909093745052814,0.5,correct
000033_frame000081_p0TTtqK4DT.jpg,/home/jgaldeano/tfm/data/datasets/classifier/val/Red/000033_frame000081_p0TTtqK4DT.jpg,0,Red,0,Red,0.007327570114284754,0.5,correct
000033_frame000081_vARLBM68DX.jpg,/home/jgaldeano/tfm/data/datasets/classifier/val/Red/000033_frame000081_vARLBM68DX.jpg,0,Red,0,Red,0.0582919679582119,0.5,correct
000033_frame000082_5KG45UXulH.jpg,/home/jgaldeano/tfm/data/datasets/classifier/val/Red/000033_frame000082_5KG45UXulH.jpg,0,Red,0,Red,0.00649420777335763,0.5,correct
000033_frame000082_9lWiiUNCnY.jpg,/home/jgaldeano/tfm/data/datasets/classifier/val/Red/000033_frame000082_9lWiiUNCnY.jpg,0,Red,0,Red,0.003661491209641099,0.5,correct
000033_frame000082_nfgq0_zdI2.jpg,/home/jgaldeano/tfm/data/datasets/classifier/val/Red/000033_frame000082_nfgq0_zdI2.jpg,0,Red,0,Red,0.004459001123905182,0.5,correct
000033_frame000083_XN_WuPkVtc.jpg,/home/jgaldeano/tfm/data/datasets/classifier/val/Red/000033_frame000083_XN_WuPkVtc.jpg,0,Red,0,Red,0.0030676168389618397,0.5,correct
000033_frame000083_r-azsGkgYY.jpg,/home/jgaldeano/tfm/data/datasets/classifier/val/Red/000033_frame000083_r-azsGkgYY.jpg,0,Red,0,Red,0.00544005399569869,0.5,correct
000033_frame000084_IGTtlsz2ui.jpg,/home/jgaldeano/tfm/data/datasets/classifier/val/Red/000033_frame000084_IGTtlsz2ui.jpg,0,Red,0,Red,0.007545651867985725,0.5,correct
000033_frame000084_hSFfBM_rzK.jpg,/home/jgaldeano/tfm/data/datasets/classifier/val/Red/000033_frame000084_hSFfBM_rzK.jpg,0,Red,0,Red,0.0037329401820898056,0.5,correct
000033_frame000085_AuLa8kNOXD.jpg,/home/jgaldeano/tfm/data/datasets/classifier/val/Red/000033_frame000085_AuLa8kNOXD.jpg,0,Red,0,Red,0.0057569947093725204,0.5,correct
000033_frame000085_FsyK18EFFU.jpg,/home/jgaldeano/tfm/data/datasets/classifier/val/Red/000033_frame000085_FsyK18EFFU.jpg,0,Red,0,Red,0.0034553471487015486,0.5,correct
000033_frame000085_ffE9HoMR3w.jpg,/home/jgaldeano/tfm/data/datasets/classifier/val/Red/000033_frame000085_ffE9HoMR3w.jpg,0,Red,0,Red,0.004115661606192589,0.5,correct
000033_frame000086_55JdzJZQlX.jpg,/home/jgaldeano/tfm/data/datasets/classifier/val/Red/000033_frame000086_55JdzJZQlX.jpg,0,Red,0,Red,0.005681355018168688,0.5,correct
000033_frame000086_eGLnFfUrp7.jpg,/home/jgaldeano/tfm/data/datasets/classifier/val/Red/000033_frame000086_eGLnFfUrp7.jpg,0,Red,0,Red,0.004240687005221844,0.5,correct
000033_frame000087_A4u_O5a1-X.jpg,/home/jgaldeano/tfm/data/datasets/classifier/val/Red/000033_frame000087_A4u_O5a1-X.jpg,0,Red,0,Red,0.004214751534163952,0.5,correct
000033_frame000087_Njs-QhPoiH.jpg,/home/jgaldeano/tfm/data/datasets/classifier/val/Red/000033_frame000087_Njs-QhPoiH.jpg,0,Red,0,Red,0.010442759841680527,0.5,correct
000033_frame000088_Vrjhi3A_40.jpg,/home/jgaldeano/tfm/data/datasets/classifier/val/Red/000033_frame000088_Vrjhi3A_40.jpg,0,Red,0,Red,0.006781094241887331,0.5,correct
000033_frame000088_ozEkwP8NUo.jpg,/home/jgaldeano/tfm/data/datasets/classifier/val/Red/000033_frame000088_ozEkwP8NUo.jpg,0,Red,0,Red,0.004361133556813002,0.5,correct
000033_frame000089_6Hhp6MwDS1.jpg,/home/jgaldeano/tfm/data/datasets/classifier/val/Red/000033_frame000089_6Hhp6MwDS1.jpg,0,Red,0,Red,0.0033200429752469063,0.5,correct
000033_frame000089_CXtcBxxb3P.jpg,/home/jgaldeano/tfm/data/datasets/classifier/val/Red/000033_frame000089_CXtcBxxb3P.jpg,0,Red,0,Red,0.0034588822163641453,0.5,correct
000033_frame000089_Zunvw5XxC8.jpg,/home/jgaldeano/tfm/data/datasets/classifier/val/Red/000033_frame000089_Zunvw5XxC8.jpg,0,Red,0,Red,0.00423395074903965,0.5,correct
000033_frame000090_48bKVPnaKm.jpg,/home/jgaldeano/tfm/data/datasets/classifier/val/Red/000033_frame000090_48bKVPnaKm.jpg,0,Red,0,Red,0.019596487283706665,0.5,correct
000033_frame000091_Fm1SELGNYO.jpg,/home/jgaldeano/tfm/data/datasets/classifier/val/Red/000033_frame000091_Fm1SELGNYO.jpg,0,Red,0,Red,0.004825311712920666,0.5,correct
000033_frame000091_ei_Ly7ayKK.jpg,/home/jgaldeano/tfm/data/datasets/classifier/val/Red/000033_frame000091_ei_Ly7ayKK.jpg,0,Red,0,Red,0.00590849993750453,0.5,correct
000033_frame000091_fy-URpPUW_.jpg,/home/jgaldeano/tfm/data/datasets/classifier/val/Red/000033_frame000091_fy-URpPUW_.jpg,0,Red,0,Red,0.004823766648769379,0.5,correct
000033_frame000092_CVeKGXKh_t.jpg,/home/jgaldeano/tfm/data/datasets/classifier/val/Red/000033_frame000092_CVeKGXKh_t.jpg,0,Red,0,Red,0.003885995363816619,0.5,correct
000033_frame000092_KEcspNI6D4.jpg,/home/jgaldeano/tfm/data/datasets/classifier/val/Red/000033_frame000092_KEcspNI6D4.jpg,0,Red,0,Red,0.004263808485120535,0.5,correct
000033_frame000092_l5WWpcbB8r.jpg,/home/jgaldeano/tfm/data/datasets/classifier/val/Red/000033_frame000092_l5WWpcbB8r.jpg,0,Red,0,Red,0.005238918587565422,0.5,correct
000033_frame000093_695-UZQDE4.jpg,/home/jgaldeano/tfm/data/datasets/classifier/val/Red/000033_frame000093_695-UZQDE4.jpg,0,Red,0,Red,0.004055849742144346,0.5,correct
000033_frame000093_T5eHRQxt0-.jpg,/home/jgaldeano/tfm/data/datasets/classifier/val/Red/000033_frame000093_T5eHRQxt0-.jpg,0,Red,0,Red,0.004623760469257832,0.5,correct
000033_frame000093_xk9m99CGyY.jpg,/home/jgaldeano/tfm/data/datasets/classifier/val/Red/000033_frame000093_xk9m99CGyY.jpg,0,Red,0,Red,0.003944177646189928,0.5,correct
000033_frame000094_82L8G6XO5Q.jpg,/home/jgaldeano/tfm/data/datasets/classifier/val/Red/000033_frame000094_82L8G6XO5Q.jpg,0,Red,0,Red,0.01775546744465828,0.5,correct
000033_frame000094_cJxU69LAZu.jpg,/home/jgaldeano/tfm/data/datasets/classifier/val/Red/000033_frame000094_cJxU69LAZu.jpg,0,Red,0,Red,0.006578702479600906,0.5,correct
000033_frame000095_ccpRZelHqQ.jpg,/home/jgaldeano/tfm/data/datasets/classifier/val/Red/000033_frame000095_ccpRZelHqQ.jpg,0,Red,0,Red,0.0049902587197721004,0.5,correct
000033_frame000095_f5syF7Legd.jpg,/home/jgaldeano/tfm/data/datasets/classifier/val/Red/000033_frame000095_f5syF7Legd.jpg,0,Red,0,Red,0.0034389535430818796,0.5,correct
000033_frame000095_m6eXmITyGq.jpg,/home/jgaldeano/tfm/data/datasets/classifier/val/Red/000033_frame000095_m6eXmITyGq.jpg,0,Red,0,Red,0.004150876775383949,0.5,correct
000033_frame000096_3KpKP9vDSk.jpg,/home/jgaldeano/tfm/data/datasets/classifier/val/Red/000033_frame000096_3KpKP9vDSk.jpg,0,Red,0,Red,0.003704400733113289,0.5,correct
000033_frame000096_WtPLVpqxNQ.jpg,/home/jgaldeano/tfm/data/datasets/classifier/val/Red/000033_frame000096_WtPLVpqxNQ.jpg,0,Red,0,Red,0.004955991171300411,0.5,correct
000033_frame000096_i-LnJ-OEPt.jpg,/home/jgaldeano/tfm/data/datasets/classifier/val/Red/000033_frame000096_i-LnJ-OEPt.jpg,0,Red,0,Red,0.0037547466345131397,0.5,correct
000033_frame000097_kYQDb1mBnQ.jpg,/home/jgaldeano/tfm/data/datasets/classifier/val/Red/000033_frame000097_kYQDb1mBnQ.jpg,0,Red,0,Red,0.004375565331429243,0.5,correct
000033_frame000097_nU0m3ShiSP.jpg,/home/jgaldeano/tfm/data/datasets/classifier/val/Red/000033_frame000097_nU0m3ShiSP.jpg,0,Red,0,Red,0.004228678997606039,0.5,correct
000033_frame000097_pPicOhQYZL.jpg,/home/jgaldeano/tfm/data/datasets/classifier/val/Red/000033_frame000097_pPicOhQYZL.jpg,0,Red,0,Red,0.0029916209168732166,0.5,correct
000033_frame000098_DNPLEYZXs9.jpg,/home/jgaldeano/tfm/data/datasets/classifier/val/Red/000033_frame000098_DNPLEYZXs9.jpg,0,Red,0,Red,0.00340069062076509,0.5,correct
000033_frame000098_PxJiRDS6II.jpg,/home/jgaldeano/tfm/data/datasets/classifier/val/Red/000033_frame000098_PxJiRDS6II.jpg,0,Red,0,Red,0.004477416630834341,0.5,correct
000033_frame000098_vozr9Je3Yi.jpg,/home/jgaldeano/tfm/data/datasets/classifier/val/Red/000033_frame000098_vozr9Je3Yi.jpg,0,Red,0,Red,0.004334122408181429,0.5,correct
000033_frame000099_22SLVCb9J1.jpg,/home/jgaldeano/tfm/data/datasets/classifier/val/Red/000033_frame000099_22SLVCb9J1.jpg,0,Red,0,Red,0.005372440442442894,0.5,correct
000033_frame000099_W--OTg-tqr.jpg,/home/jgaldeano/tfm/data/datasets/classifier/val/Red/000033_frame000099_W--OTg-tqr.jpg,0,Red,0,Red,0.003707397496327758,0.5,correct
000033_frame000099_udtiSgzuAG.jpg,/home/jgaldeano/tfm/data/datasets/classifier/val/Red/000033_frame000099_udtiSgzuAG.jpg,0,Red,0,Red,0.0038996352814137936,0.5,correct
000033_frame000100_K8GfFmhdRI.jpg,/home/jgaldeano/tfm/data/datasets/classifier/val/Red/000033_frame000100_K8GfFmhdRI.jpg,0,Red,0,Red,0.004015728365629911,0.5,correct
000033_frame000100_TKVcsrtpU0.jpg,/home/jgaldeano/tfm/data/datasets/classifier/val/Red/000033_frame000100_TKVcsrtpU0.jpg,0,Red,0,Red,0.0030810823664069176,0.5,correct
000033_frame000100_j7Ps5u-I0P.jpg,/home/jgaldeano/tfm/data/datasets/classifier/val/Red/000033_frame000100_j7Ps5u-I0P.jpg,0,Red,0,Red,0.004322286695241928,0.5,correct
000033_frame000101_XaaIgUHMYu.jpg,/home/jgaldeano/tfm/data/datasets/classifier/val/Red/000033_frame000101_XaaIgUHMYu.jpg,0,Red,0,Red,0.0033317538909614086,0.5,correct
000033_frame000101_x4QWHW_CPk.jpg,/home/jgaldeano/tfm/data/datasets/classifier/val/Red/000033_frame000101_x4QWHW_CPk.jpg,0,Red,0,Red,0.004171248525381088,0.5,correct
000033_frame000101_yI695odt7Q.jpg,/home/jgaldeano/tfm/data/datasets/classifier/val/Red/000033_frame000101_yI695odt7Q.jpg,0,Red,0,Red,0.0037503649946302176,0.5,correct
000033_frame000102_F9puF5cGDr.jpg,/home/jgaldeano/tfm/data/datasets/classifier/val/Red/000033_frame000102_F9puF5cGDr.jpg,0,Red,0,Red,0.0024239756166934967,0.5,correct
000033_frame000102_XqeDnyYS2d.jpg,/home/jgaldeano/tfm/data/datasets/classifier/val/Red/000033_frame000102_XqeDnyYS2d.jpg,0,Red,0,Red,0.004388607572764158,0.5,correct
000033_frame000102_cleValUYr3.jpg,/home/jgaldeano/tfm/data/datasets/classifier/val/Red/000033_frame000102_cleValUYr3.jpg,0,Red,0,Red,0.004201171919703484,0.5,correct
000033_frame000103_JOzUsQpNua.jpg,/home/jgaldeano/tfm/data/datasets/classifier/val/Red/000033_frame000103_JOzUsQpNua.jpg,0,Red,0,Red,0.0040620118379592896,0.5,correct
000033_frame000104__sH44FkQ1R.jpg,/home/jgaldeano/tfm/data/datasets/classifier/val/Red/000033_frame000104__sH44FkQ1R.jpg,0,Red,0,Red,0.004130632150918245,0.5,correct
000033_frame000105_t8_d9sdyA_.jpg,/home/jgaldeano/tfm/data/datasets/classifier/val/Red/000033_frame000105_t8_d9sdyA_.jpg,0,Red,0,Red,0.004694642964750528,0.5,correct
000033_frame000106_XyR1I-e3qb.jpg,/home/jgaldeano/tfm/data/datasets/classifier/val/Red/000033_frame000106_XyR1I-e3qb.jpg,0,Red,0,Red,0.004398886580020189,0.5,correct
000033_frame000107_SkzY3EbwXv.jpg,/home/jgaldeano/tfm/data/datasets/classifier/val/Red/000033_frame000107_SkzY3EbwXv.jpg,0,Red,0,Red,0.0038780607283115387,0.5,correct
000033_frame000108_8_DMS3MwVJ.jpg,/home/jgaldeano/tfm/data/datasets/classifier/val/Red/000033_frame000108_8_DMS3MwVJ.jpg,0,Red,0,Red,0.003902898635715246,0.5,correct
000033_frame000109_TT7sXSErKb.jpg,/home/jgaldeano/tfm/data/datasets/classifier/val/Red/000033_frame000109_TT7sXSErKb.jpg,0,Red,0,Red,0.004116079770028591,0.5,correct
000033_frame000110_0F8vKGbSws.jpg,/home/jgaldeano/tfm/data/datasets/classifier/val/Red/000033_frame000110_0F8vKGbSws.jpg,0,Red,0,Red,0.005044904071837664,0.5,correct
000033_frame000111_juKUVLSiRy.jpg,/home/jgaldeano/tfm/data/datasets/classifier/val/Red/000033_frame000111_juKUVLSiRy.jpg,0,Red,0,Red,0.004470917861908674,0.5,correct
000033_frame000112_h4jcM6wSNz.jpg,/home/jgaldeano/tfm/data/datasets/classifier/val/Red/000033_frame000112_h4jcM6wSNz.jpg,0,Red,0,Red,0.004141056910157204,0.5,correct
000033_frame000113_MRDYxJqRl3.jpg,/home/jgaldeano/tfm/data/datasets/classifier/val/Red/000033_frame000113_MRDYxJqRl3.jpg,0,Red,0,Red,0.004782590549439192,0.5,correct
000033_frame000114_Xq7lr6VWVi.jpg,/home/jgaldeano/tfm/data/datasets/classifier/val/Red/000033_frame000114_Xq7lr6VWVi.jpg,0,Red,0,Red,0.004444415215402842,0.5,correct
000033_frame000115_Bg6zDHLtjh.jpg,/home/jgaldeano/tfm/data/datasets/classifier/val/Red/000033_frame000115_Bg6zDHLtjh.jpg,0,Red,0,Red,0.004801982548087835,0.5,correct
000033_frame000116_V1pbdJ5qvq.jpg,/home/jgaldeano/tfm/data/datasets/classifier/val/Red/000033_frame000116_V1pbdJ5qvq.jpg,0,Red,0,Red,0.004843960981816053,0.5,correct
000033_frame000117_VaSXNtsMnT.jpg,/home/jgaldeano/tfm/data/datasets/classifier/val/Red/000033_frame000117_VaSXNtsMnT.jpg,0,Red,0,Red,0.004247280303388834,0.5,correct
000033_frame000118_NgP6JBkrm-.jpg,/home/jgaldeano/tfm/data/datasets/classifier/val/Red/000033_frame000118_NgP6JBkrm-.jpg,0,Red,0,Red,0.005929720122367144,0.5,correct
000033_frame000119_Krw5nhv-Ba.jpg,/home/jgaldeano/tfm/data/datasets/classifier/val/Red/000033_frame000119_Krw5nhv-Ba.jpg,0,Red,0,Red,0.006047151982784271,0.5,correct
000033_frame000120_fsgiaQCwT9.jpg,/home/jgaldeano/tfm/data/datasets/classifier/val/Red/000033_frame000120_fsgiaQCwT9.jpg,0,Red,0,Red,0.006487451959401369,0.5,correct
000033_frame000121_UQV7u1GuSR.jpg,/home/jgaldeano/tfm/data/datasets/classifier/val/Red/000033_frame000121_UQV7u1GuSR.jpg,0,Red,0,Red,0.004342243541032076,0.5,correct
000033_frame000122__eI48wqiZm.jpg,/home/jgaldeano/tfm/data/datasets/classifier/val/Red/000033_frame000122__eI48wqiZm.jpg,0,Red,0,Red,0.00464277807623148,0.5,correct
000033_frame000123_SbQJPM7ZJp.jpg,/home/jgaldeano/tfm/data/datasets/classifier/val/Red/000033_frame000123_SbQJPM7ZJp.jpg,0,Red,0,Red,0.0045367018319666386,0.5,correct
000033_frame000124_1UslotWbBL.jpg,/home/jgaldeano/tfm/data/datasets/classifier/val/Red/000033_frame000124_1UslotWbBL.jpg,0,Red,0,Red,0.003980242647230625,0.5,correct
000033_frame000125_d8Bjyq259u.jpg,/home/jgaldeano/tfm/data/datasets/classifier/val/Red/000033_frame000125_d8Bjyq259u.jpg,0,Red,0,Red,0.004315581172704697,0.5,correct
000033_frame000127_qcaf7ylHxx.jpg,/home/jgaldeano/tfm/data/datasets/classifier/val/Red/000033_frame000127_qcaf7ylHxx.jpg,0,Red,0,Red,0.0042377645149827,0.5,correct
000033_frame000140_g6GlF7nlLg.jpg,/home/jgaldeano/tfm/data/datasets/classifier/val/Red/000033_frame000140_g6GlF7nlLg.jpg,0,Red,0,Red,0.0034057945013046265,0.5,correct
000033_frame000141_5b26LZmjcp.jpg,/home/jgaldeano/tfm/data/datasets/classifier/val/Red/000033_frame000141_5b26LZmjcp.jpg,0,Red,0,Red,0.0033546932972967625,0.5,correct
000033_frame000142_OEJMG145qV.jpg,/home/jgaldeano/tfm/data/datasets/classifier/val/Red/000033_frame000142_OEJMG145qV.jpg,0,Red,0,Red,0.004341920372098684,0.5,correct
000033_frame000143_TF6kfbd3dp.jpg,/home/jgaldeano/tfm/data/datasets/classifier/val/Red/000033_frame000143_TF6kfbd3dp.jpg,0,Red,0,Red,0.0038296757265925407,0.5,correct
000033_frame000144_etFd93UoAj.jpg,/home/jgaldeano/tfm/data/datasets/classifier/val/Red/000033_frame000144_etFd93UoAj.jpg,0,Red,0,Red,0.003998126368969679,0.5,correct
000033_frame000145_4CfAfeXceP.jpg,/home/jgaldeano/tfm/data/datasets/classifier/val/Red/000033_frame000145_4CfAfeXceP.jpg,0,Red,0,Red,0.0042592925019562244,0.5,correct
000033_frame000146_2v10KfECJA.jpg,/home/jgaldeano/tfm/data/datasets/classifier/val/Red/000033_frame000146_2v10KfECJA.jpg,0,Red,0,Red,0.003967840690165758,0.5,correct
000033_frame000147_ngUuuOREHq.jpg,/home/jgaldeano/tfm/data/datasets/classifier/val/Red/000033_frame000147_ngUuuOREHq.jpg,0,Red,0,Red,0.0038879872299730778,0.5,correct
000033_frame000148_xcdsZ-EmDm.jpg,/home/jgaldeano/tfm/data/datasets/classifier/val/Red/000033_frame000148_xcdsZ-EmDm.jpg,0,Red,0,Red,0.0036800664383918047,0.5,correct
000033_frame000149_PCc_76uhrc.jpg,/home/jgaldeano/tfm/data/datasets/classifier/val/Red/000033_frame000149_PCc_76uhrc.jpg,0,Red,0,Red,0.004321403801441193,0.5,correct
000033_frame000151_TXg4Fie83A.jpg,/home/jgaldeano/tfm/data/datasets/classifier/val/Red/000033_frame000151_TXg4Fie83A.jpg,0,Red,0,Red,0.002880490617826581,0.5,correct
000033_frame000152_fmoSgp3rcM.jpg,/home/jgaldeano/tfm/data/datasets/classifier/val/Red/000033_frame000152_fmoSgp3rcM.jpg,0,Red,0,Red,0.003514975542202592,0.5,correct
000033_frame000153_g4Cw8YE2KK.jpg,/home/jgaldeano/tfm/data/datasets/classifier/val/Red/000033_frame000153_g4Cw8YE2KK.jpg,0,Red,0,Red,0.0037599981296807528,0.5,correct
000033_frame000154_sh3j6HHHpf.jpg,/home/jgaldeano/tfm/data/datasets/classifier/val/Red/000033_frame000154_sh3j6HHHpf.jpg,0,Red,0,Red,0.003526954213157296,0.5,correct
000033_frame000155_AlTm6x2y1Z.jpg,/home/jgaldeano/tfm/data/datasets/classifier/val/Red/000033_frame000155_AlTm6x2y1Z.jpg,0,Red,0,Red,0.003094592597335577,0.5,correct
000033_frame000156_utsykP_IW1.jpg,/home/jgaldeano/tfm/data/datasets/classifier/val/Red/000033_frame000156_utsykP_IW1.jpg,0,Red,0,Red,0.0030313909519463778,0.5,correct
000033_frame000157_RclXC7dhSF.jpg,/home/jgaldeano/tfm/data/datasets/classifier/val/Red/000033_frame000157_RclXC7dhSF.jpg,0,Red,0,Red,0.0027244912926107645,0.5,correct
000033_frame000158_ehRiKG59Md.jpg,/home/jgaldeano/tfm/data/datasets/classifier/val/Red/000033_frame000158_ehRiKG59Md.jpg,0,Red,0,Red,0.0034523203503340483,0.5,correct
000033_frame000159_Z0onOGttIk.jpg,/home/jgaldeano/tfm/data/datasets/classifier/val/Red/000033_frame000159_Z0onOGttIk.jpg,0,Red,0,Red,0.0033032684586942196,0.5,correct
000033_frame000160_AcTbqWt7MN.jpg,/home/jgaldeano/tfm/data/datasets/classifier/val/Red/000033_frame000160_AcTbqWt7MN.jpg,0,Red,0,Red,0.003314495086669922,0.5,correct
000033_frame000161_s5QYG5bzZ4.jpg,/home/jgaldeano/tfm/data/datasets/classifier/val/Red/000033_frame000161_s5QYG5bzZ4.jpg,0,Red,0,Red,0.0033117756247520447,0.5,correct
000033_frame000166_fG1OR1NGmz.jpg,/home/jgaldeano/tfm/data/datasets/classifier/val/Red/000033_frame000166_fG1OR1NGmz.jpg,0,Red,0,Red,0.003851768560707569,0.5,correct
000033_frame000167_rraTqAZeoV.jpg,/home/jgaldeano/tfm/data/datasets/classifier/val/Red/000033_frame000167_rraTqAZeoV.jpg,0,Red,0,Red,0.0031693109776824713,0.5,correct
000033_frame000168_hrAin9gSCz.jpg,/home/jgaldeano/tfm/data/datasets/classifier/val/Red/000033_frame000168_hrAin9gSCz.jpg,0,Red,0,Red,0.003308058250695467,0.5,correct
000033_frame000169_TYRQ76-fvG.jpg,/home/jgaldeano/tfm/data/datasets/classifier/val/Red/000033_frame000169_TYRQ76-fvG.jpg,0,Red,0,Red,0.0030811908654868603,0.5,correct
000033_frame000170_B6s-G8U3dv.jpg,/home/jgaldeano/tfm/data/datasets/classifier/val/Red/000033_frame000170_B6s-G8U3dv.jpg,0,Red,0,Red,0.0035160111729055643,0.5,correct
000033_frame000171_szjuTUC2WM.jpg,/home/jgaldeano/tfm/data/datasets/classifier/val/Red/000033_frame000171_szjuTUC2WM.jpg,0,Red,0,Red,0.0029879040084779263,0.5,correct
000033_frame000172_I__4GCqIR1.jpg,/home/jgaldeano/tfm/data/datasets/classifier/val/Red/000033_frame000172_I__4GCqIR1.jpg,0,Red,0,Red,0.004842380061745644,0.5,correct
000033_frame000173_K45tIgdezW.jpg,/home/jgaldeano/tfm/data/datasets/classifier/val/Red/000033_frame000173_K45tIgdezW.jpg,0,Red,0,Red,0.002793738851323724,0.5,correct
000033_frame000174_AdVBzoqJoc.jpg,/home/jgaldeano/tfm/data/datasets/classifier/val/Red/000033_frame000174_AdVBzoqJoc.jpg,0,Red,0,Red,0.004046217072755098,0.5,correct
000033_frame000175_IxnDYvsoZp.jpg,/home/jgaldeano/tfm/data/datasets/classifier/val/Red/000033_frame000175_IxnDYvsoZp.jpg,0,Red,0,Red,0.0033261121716350317,0.5,correct
000033_frame000176_8naPKVlhOA.jpg,/home/jgaldeano/tfm/data/datasets/classifier/val/Red/000033_frame000176_8naPKVlhOA.jpg,0,Red,0,Red,0.00362519733607769,0.5,correct
000033_frame000177_oOsajC6W6J.jpg,/home/jgaldeano/tfm/data/datasets/classifier/val/Red/000033_frame000177_oOsajC6W6J.jpg,0,Red,0,Red,0.003783990629017353,0.5,correct
000033_frame000178_r5BNB4LDLG.jpg,/home/jgaldeano/tfm/data/datasets/classifier/val/Red/000033_frame000178_r5BNB4LDLG.jpg,0,Red,0,Red,0.0030692899599671364,0.5,correct
000033_frame000179_-lMCCJMXw7.jpg,/home/jgaldeano/tfm/data/datasets/classifier/val/Red/000033_frame000179_-lMCCJMXw7.jpg,0,Red,0,Red,0.004176516551524401,0.5,correct
000033_frame000180_UqWzoiwZ5c.jpg,/home/jgaldeano/tfm/data/datasets/classifier/val/Red/000033_frame000180_UqWzoiwZ5c.jpg,0,Red,0,Red,0.0044290595687925816,0.5,correct
000033_frame000181_qkD6vkEJ9x.jpg,/home/jgaldeano/tfm/data/datasets/classifier/val/Red/000033_frame000181_qkD6vkEJ9x.jpg,0,Red,0,Red,0.0029423830565065145,0.5,correct
000033_frame000182_SFG7cy2TgC.jpg,/home/jgaldeano/tfm/data/datasets/classifier/val/Red/000033_frame000182_SFG7cy2TgC.jpg,0,Red,0,Red,0.006032263860106468,0.5,correct
000033_frame000183_c2DLUAQyL8.jpg,/home/jgaldeano/tfm/data/datasets/classifier/val/Red/000033_frame000183_c2DLUAQyL8.jpg,0,Red,0,Red,0.0041338130831718445,0.5,correct
000033_frame000184_DRX0E2Ynvu.jpg,/home/jgaldeano/tfm/data/datasets/classifier/val/Red/000033_frame000184_DRX0E2Ynvu.jpg,0,Red,0,Red,0.006627961061894894,0.5,correct
000033_frame000185_6VkuhvLaqG.jpg,/home/jgaldeano/tfm/data/datasets/classifier/val/Red/000033_frame000185_6VkuhvLaqG.jpg,0,Red,0,Red,0.004308861680328846,0.5,correct
000033_frame000186_-W9KcsRu8T.jpg,/home/jgaldeano/tfm/data/datasets/classifier/val/Red/000033_frame000186_-W9KcsRu8T.jpg,0,Red,0,Red,0.00399103295058012,0.5,correct
000033_frame000187_fgOwjazOKD.jpg,/home/jgaldeano/tfm/data/datasets/classifier/val/Red/000033_frame000187_fgOwjazOKD.jpg,0,Red,0,Red,0.003607560181990266,0.5,correct
000033_frame000188_-feDSTUg9Z.jpg,/home/jgaldeano/tfm/data/datasets/classifier/val/Red/000033_frame000188_-feDSTUg9Z.jpg,0,Red,0,Red,0.004949899856001139,0.5,correct
000033_frame000189_uej7-_CXu5.jpg,/home/jgaldeano/tfm/data/datasets/classifier/val/Red/000033_frame000189_uej7-_CXu5.jpg,0,Red,0,Red,0.005800546612590551,0.5,correct
000033_frame000190_frlCgXpbtO.jpg,/home/jgaldeano/tfm/data/datasets/classifier/val/Red/000033_frame000190_frlCgXpbtO.jpg,0,Red,0,Red,0.004759069066494703,0.5,correct
000033_frame000191_ZUdMrRTjwR.jpg,/home/jgaldeano/tfm/data/datasets/classifier/val/Red/000033_frame000191_ZUdMrRTjwR.jpg,0,Red,0,Red,0.004193455446511507,0.5,correct
000033_frame000192_1ypZBDBdIe.jpg,/home/jgaldeano/tfm/data/datasets/classifier/val/Red/000033_frame000192_1ypZBDBdIe.jpg,0,Red,0,Red,0.007959908805787563,0.5,correct
000033_frame000193_VskYVkpY7w.jpg,/home/jgaldeano/tfm/data/datasets/classifier/val/Red/000033_frame000193_VskYVkpY7w.jpg,0,Red,0,Red,0.004863884765654802,0.5,correct
000033_frame000194_7v19fneBzF.jpg,/home/jgaldeano/tfm/data/datasets/classifier/val/Red/000033_frame000194_7v19fneBzF.jpg,0,Red,0,Red,0.0051868087612092495,0.5,correct
000033_frame000195_4-agimmw3V.jpg,/home/jgaldeano/tfm/data/datasets/classifier/val/Red/000033_frame000195_4-agimmw3V.jpg,0,Red,0,Red,0.00560727110132575,0.5,correct
000033_frame000196_7HTVZpft2F.jpg,/home/jgaldeano/tfm/data/datasets/classifier/val/Red/000033_frame000196_7HTVZpft2F.jpg,0,Red,0,Red,0.010518509894609451,0.5,correct
000033_frame000197_EzQhBkFnGC.jpg,/home/jgaldeano/tfm/data/datasets/classifier/val/Red/000033_frame000197_EzQhBkFnGC.jpg,0,Red,0,Red,0.006047077942639589,0.5,correct
000033_frame000198_u6-0gA6hPI.jpg,/home/jgaldeano/tfm/data/datasets/classifier/val/Red/000033_frame000198_u6-0gA6hPI.jpg,0,Red,0,Red,0.007450022269040346,0.5,correct
000033_frame000199_DBxtscPHz7.jpg,/home/jgaldeano/tfm/data/datasets/classifier/val/Red/000033_frame000199_DBxtscPHz7.jpg,0,Red,0,Red,0.004526493139564991,0.5,correct
000033_frame000200_1jBndc8-x9.jpg,/home/jgaldeano/tfm/data/datasets/classifier/val/Red/000033_frame000200_1jBndc8-x9.jpg,0,Red,0,Red,0.005169324576854706,0.5,correct
000033_frame000201_XPsYJRblae.jpg,/home/jgaldeano/tfm/data/datasets/classifier/val/Red/000033_frame000201_XPsYJRblae.jpg,0,Red,0,Red,0.004628289956599474,0.5,correct
000033_frame000202_6enYp3jUw-.jpg,/home/jgaldeano/tfm/data/datasets/classifier/val/Red/000033_frame000202_6enYp3jUw-.jpg,0,Red,0,Red,0.004454918205738068,0.5,correct
000033_frame000203_l20BFQido1.jpg,/home/jgaldeano/tfm/data/datasets/classifier/val/Red/000033_frame000203_l20BFQido1.jpg,0,Red,0,Red,0.008229023776948452,0.5,correct
000033_frame000204_DMipZtjazJ.jpg,/home/jgaldeano/tfm/data/datasets/classifier/val/Red/000033_frame000204_DMipZtjazJ.jpg,0,Red,0,Red,0.004449327941983938,0.5,correct
000033_frame000205_VaDTjCPoUT.jpg,/home/jgaldeano/tfm/data/datasets/classifier/val/Red/000033_frame000205_VaDTjCPoUT.jpg,0,Red,0,Red,0.007791034411638975,0.5,correct
000033_frame000206_9V69udtjsg.jpg,/home/jgaldeano/tfm/data/datasets/classifier/val/Red/000033_frame000206_9V69udtjsg.jpg,0,Red,0,Red,0.004774651490151882,0.5,correct
000033_frame000207_cDvNlUL-W5.jpg,/home/jgaldeano/tfm/data/datasets/classifier/val/Red/000033_frame000207_cDvNlUL-W5.jpg,0,Red,0,Red,0.0058083003386855125,0.5,correct
000033_frame000208_iJinq1qwgA.jpg,/home/jgaldeano/tfm/data/datasets/classifier/val/Red/000033_frame000208_iJinq1qwgA.jpg,0,Red,0,Red,0.003811579430475831,0.5,correct
000033_frame000209_Zs_rINgUFV.jpg,/home/jgaldeano/tfm/data/datasets/classifier/val/Red/000033_frame000209_Zs_rINgUFV.jpg,0,Red,0,Red,0.02636774443089962,0.5,correct
000033_frame000210_q1MJ17yllg.jpg,/home/jgaldeano/tfm/data/datasets/classifier/val/Red/000033_frame000210_q1MJ17yllg.jpg,0,Red,0,Red,0.0038128781598061323,0.5,correct
000033_frame000211_fHU4f37jHS.jpg,/home/jgaldeano/tfm/data/datasets/classifier/val/Red/000033_frame000211_fHU4f37jHS.jpg,0,Red,0,Red,0.006499793846160173,0.5,correct
000033_frame000212_Aq8Hx9PARy.jpg,/home/jgaldeano/tfm/data/datasets/classifier/val/Red/000033_frame000212_Aq8Hx9PARy.jpg,0,Red,0,Red,0.0043559870682656765,0.5,correct
000033_frame000213_2VWjgDq2Qn.jpg,/home/jgaldeano/tfm/data/datasets/classifier/val/Red/000033_frame000213_2VWjgDq2Qn.jpg,0,Red,0,Red,0.003962977789342403,0.5,correct
000033_frame000214_tyjSV7ZWqG.jpg,/home/jgaldeano/tfm/data/datasets/classifier/val/Red/000033_frame000214_tyjSV7ZWqG.jpg,0,Red,0,Red,0.0052027273923158646,0.5,correct
000033_frame000215_P3jtjaLHJ0.jpg,/home/jgaldeano/tfm/data/datasets/classifier/val/Red/000033_frame000215_P3jtjaLHJ0.jpg,0,Red,0,Red,0.004172968212515116,0.5,correct
000036_frame000001_tUwT043v2C.jpg,/home/jgaldeano/tfm/data/datasets/classifier/val/Red/000036_frame000001_tUwT043v2C.jpg,0,Red,0,Red,0.004762530792504549,0.5,correct
000036_frame000002_kJyLlPKj99.jpg,/home/jgaldeano/tfm/data/datasets/classifier/val/Red/000036_frame000002_kJyLlPKj99.jpg,0,Red,0,Red,0.0030932072550058365,0.5,correct
000036_frame000003_zvSBOoH55q.jpg,/home/jgaldeano/tfm/data/datasets/classifier/val/Red/000036_frame000003_zvSBOoH55q.jpg,0,Red,0,Red,0.0030332100577652454,0.5,correct
000036_frame000004_YXsFSxgMoE.jpg,/home/jgaldeano/tfm/data/datasets/classifier/val/Red/000036_frame000004_YXsFSxgMoE.jpg,0,Red,0,Red,0.0032239367719739676,0.5,correct
000036_frame000005_opdGli5kU5.jpg,/home/jgaldeano/tfm/data/datasets/classifier/val/Red/000036_frame000005_opdGli5kU5.jpg,0,Red,0,Red,0.002528957324102521,0.5,correct
000036_frame000006_Ib6NCG0WS9.jpg,/home/jgaldeano/tfm/data/datasets/classifier/val/Red/000036_frame000006_Ib6NCG0WS9.jpg,0,Red,0,Red,0.0026523834094405174,0.5,correct
000036_frame000007_0BTixzirGB.jpg,/home/jgaldeano/tfm/data/datasets/classifier/val/Red/000036_frame000007_0BTixzirGB.jpg,0,Red,0,Red,0.0019373242976143956,0.5,correct
000036_frame000007_I186j8SBQA.jpg,/home/jgaldeano/tfm/data/datasets/classifier/val/Red/000036_frame000007_I186j8SBQA.jpg,0,Red,0,Red,0.0030167631339281797,0.5,correct
000036_frame000008_6pyYVHmh9n.jpg,/home/jgaldeano/tfm/data/datasets/classifier/val/Red/000036_frame000008_6pyYVHmh9n.jpg,0,Red,0,Red,0.0031107570976018906,0.5,correct
000036_frame000009_EzDKKPZLkv.jpg,/home/jgaldeano/tfm/data/datasets/classifier/val/Red/000036_frame000009_EzDKKPZLkv.jpg,0,Red,0,Red,0.005604282487183809,0.5,correct
000036_frame000013_ry1PJ8h1Jg.jpg,/home/jgaldeano/tfm/data/datasets/classifier/val/Red/000036_frame000013_ry1PJ8h1Jg.jpg,0,Red,0,Red,0.008736926130950451,0.5,correct
000036_frame000014_7JIx6w5DLw.jpg,/home/jgaldeano/tfm/data/datasets/classifier/val/Red/000036_frame000014_7JIx6w5DLw.jpg,0,Red,0,Red,0.011147108860313892,0.5,correct
000036_frame000015_7AzPJ7SZpM.jpg,/home/jgaldeano/tfm/data/datasets/classifier/val/Red/000036_frame000015_7AzPJ7SZpM.jpg,0,Red,0,Red,0.004773926455527544,0.5,correct
000036_frame000016_-3T_zuaZVn.jpg,/home/jgaldeano/tfm/data/datasets/classifier/val/Red/000036_frame000016_-3T_zuaZVn.jpg,0,Red,0,Red,0.005610717926174402,0.5,correct
000036_frame000017_SlCxpVeD3x.jpg,/home/jgaldeano/tfm/data/datasets/classifier/val/Red/000036_frame000017_SlCxpVeD3x.jpg,0,Red,0,Red,0.004377757664769888,0.5,correct
000036_frame000018_lUgJuyp8XK.jpg,/home/jgaldeano/tfm/data/datasets/classifier/val/Red/000036_frame000018_lUgJuyp8XK.jpg,0,Red,0,Red,0.003371146274730563,0.5,correct
000036_frame000019_sHzTI5B7dP.jpg,/home/jgaldeano/tfm/data/datasets/classifier/val/Red/000036_frame000019_sHzTI5B7dP.jpg,0,Red,0,Red,0.0036790575832128525,0.5,correct
000036_frame000020_Q0mammV40Y.jpg,/home/jgaldeano/tfm/data/datasets/classifier/val/Red/000036_frame000020_Q0mammV40Y.jpg,0,Red,0,Red,0.005601235665380955,0.5,correct
000036_frame000021_dvo0gqZo0t.jpg,/home/jgaldeano/tfm/data/datasets/classifier/val/Red/000036_frame000021_dvo0gqZo0t.jpg,0,Red,0,Red,0.004136554431170225,0.5,correct
000036_frame000022_qvbYxmSxfY.jpg,/home/jgaldeano/tfm/data/datasets/classifier/val/Red/000036_frame000022_qvbYxmSxfY.jpg,0,Red,0,Red,0.004254251718521118,0.5,correct
000036_frame000023_I3AgAL8YvH.jpg,/home/jgaldeano/tfm/data/datasets/classifier/val/Red/000036_frame000023_I3AgAL8YvH.jpg,0,Red,0,Red,0.003847683547064662,0.5,correct
000036_frame000024_t6fYx5a21e.jpg,/home/jgaldeano/tfm/data/datasets/classifier/val/Red/000036_frame000024_t6fYx5a21e.jpg,0,Red,0,Red,0.003811335191130638,0.5,correct
000036_frame000025_9hRYhrLD2k.jpg,/home/jgaldeano/tfm/data/datasets/classifier/val/Red/000036_frame000025_9hRYhrLD2k.jpg,0,Red,0,Red,0.005443192087113857,0.5,correct
000036_frame000026_kjyjhAaN4r.jpg,/home/jgaldeano/tfm/data/datasets/classifier/val/Red/000036_frame000026_kjyjhAaN4r.jpg,0,Red,0,Red,0.012079779990017414,0.5,correct
000036_frame000033_TiMgzsK-x_.jpg,/home/jgaldeano/tfm/data/datasets/classifier/val/Red/000036_frame000033_TiMgzsK-x_.jpg,0,Red,0,Red,0.011640123091638088,0.5,correct
000036_frame000034_FOXO0OaUAF.jpg,/home/jgaldeano/tfm/data/datasets/classifier/val/Red/000036_frame000034_FOXO0OaUAF.jpg,0,Red,0,Red,0.002869077492505312,0.5,correct
000036_frame000034_YcDIiFSv0R.jpg,/home/jgaldeano/tfm/data/datasets/classifier/val/Red/000036_frame000034_YcDIiFSv0R.jpg,0,Red,0,Red,0.0028623556718230247,0.5,correct
000036_frame000035_BA706yCBiF.jpg,/home/jgaldeano/tfm/data/datasets/classifier/val/Red/000036_frame000035_BA706yCBiF.jpg,0,Red,0,Red,0.003407468320801854,0.5,correct
000036_frame000035__U2NPkzZr6.jpg,/home/jgaldeano/tfm/data/datasets/classifier/val/Red/000036_frame000035__U2NPkzZr6.jpg,0,Red,0,Red,0.003951501566916704,0.5,correct
000036_frame000036_QGPkmTEN5b.jpg,/home/jgaldeano/tfm/data/datasets/classifier/val/Red/000036_frame000036_QGPkmTEN5b.jpg,0,Red,0,Red,0.003502772655338049,0.5,correct
000036_frame000036_S75Mkf4ojw.jpg,/home/jgaldeano/tfm/data/datasets/classifier/val/Red/000036_frame000036_S75Mkf4ojw.jpg,0,Red,0,Red,0.0027588289231061935,0.5,correct
000036_frame000037_G9wrmxyRI4.jpg,/home/jgaldeano/tfm/data/datasets/classifier/val/Red/000036_frame000037_G9wrmxyRI4.jpg,0,Red,0,Red,0.002218369860202074,0.5,correct
000036_frame000037_Lo_ha328C8.jpg,/home/jgaldeano/tfm/data/datasets/classifier/val/Red/000036_frame000037_Lo_ha328C8.jpg,0,Red,0,Red,0.0029386377427726984,0.5,correct
000036_frame000038_GYWCpSqXdF.jpg,/home/jgaldeano/tfm/data/datasets/classifier/val/Red/000036_frame000038_GYWCpSqXdF.jpg,0,Red,0,Red,0.0028221725951880217,0.5,correct
000036_frame000038_pllRbQu7-o.jpg,/home/jgaldeano/tfm/data/datasets/classifier/val/Red/000036_frame000038_pllRbQu7-o.jpg,0,Red,0,Red,0.0023984964936971664,0.5,correct
000036_frame000039_b4tNVV_0_k.jpg,/home/jgaldeano/tfm/data/datasets/classifier/val/Red/000036_frame000039_b4tNVV_0_k.jpg,0,Red,0,Red,0.002021887805312872,0.5,correct
000036_frame000039_h8Q8paTdHw.jpg,/home/jgaldeano/tfm/data/datasets/classifier/val/Red/000036_frame000039_h8Q8paTdHw.jpg,0,Red,0,Red,0.0027773967012763023,0.5,correct
000036_frame000040_S_j3Lnfr2G.jpg,/home/jgaldeano/tfm/data/datasets/classifier/val/Red/000036_frame000040_S_j3Lnfr2G.jpg,0,Red,0,Red,0.0019117274787276983,0.5,correct
000036_frame000040_kTMoEPk0C0.jpg,/home/jgaldeano/tfm/data/datasets/classifier/val/Red/000036_frame000040_kTMoEPk0C0.jpg,0,Red,0,Red,0.0022086389362812042,0.5,correct
000036_frame000041_jtIpVRjzSJ.jpg,/home/jgaldeano/tfm/data/datasets/classifier/val/Red/000036_frame000041_jtIpVRjzSJ.jpg,0,Red,0,Red,0.0019438945455476642,0.5,correct
000036_frame000041_yR-wJQN1dY.jpg,/home/jgaldeano/tfm/data/datasets/classifier/val/Red/000036_frame000041_yR-wJQN1dY.jpg,0,Red,0,Red,0.0024313938338309526,0.5,correct
000036_frame000042_FtMHBAfNa_.jpg,/home/jgaldeano/tfm/data/datasets/classifier/val/Red/000036_frame000042_FtMHBAfNa_.jpg,0,Red,0,Red,0.0023069200105965137,0.5,correct
000036_frame000042_guDYHQWoV6.jpg,/home/jgaldeano/tfm/data/datasets/classifier/val/Red/000036_frame000042_guDYHQWoV6.jpg,0,Red,0,Red,0.0024045370519161224,0.5,correct
000036_frame000043_4yels0D2LO.jpg,/home/jgaldeano/tfm/data/datasets/classifier/val/Red/000036_frame000043_4yels0D2LO.jpg,0,Red,0,Red,0.0021560981404036283,0.5,correct
000036_frame000043_HBwvdUbn6i.jpg,/home/jgaldeano/tfm/data/datasets/classifier/val/Red/000036_frame000043_HBwvdUbn6i.jpg,0,Red,0,Red,0.0028556566685438156,0.5,correct
000036_frame000044_Ekr4mLbHhP.jpg,/home/jgaldeano/tfm/data/datasets/classifier/val/Red/000036_frame000044_Ekr4mLbHhP.jpg,0,Red,0,Red,0.0024374802596867085,0.5,correct
000036_frame000044_LMQezAlgKW.jpg,/home/jgaldeano/tfm/data/datasets/classifier/val/Red/000036_frame000044_LMQezAlgKW.jpg,0,Red,0,Red,0.002832965925335884,0.5,correct
000036_frame000045_wsUBfH9y4Z.jpg,/home/jgaldeano/tfm/data/datasets/classifier/val/Red/000036_frame000045_wsUBfH9y4Z.jpg,0,Red,0,Red,0.002566721523180604,0.5,correct
000036_frame000045_yvhGnsWVS8.jpg,/home/jgaldeano/tfm/data/datasets/classifier/val/Red/000036_frame000045_yvhGnsWVS8.jpg,0,Red,0,Red,0.002152693923562765,0.5,correct
000036_frame000046_BoLcCb2hWt.jpg,/home/jgaldeano/tfm/data/datasets/classifier/val/Red/000036_frame000046_BoLcCb2hWt.jpg,0,Red,0,Red,0.0022726613096892834,0.5,correct
000036_frame000046_jotgH7fyGZ.jpg,/home/jgaldeano/tfm/data/datasets/classifier/val/Red/000036_frame000046_jotgH7fyGZ.jpg,0,Red,0,Red,0.0029146827291697264,0.5,correct
000036_frame000047_wE67GRmaLZ.jpg,/home/jgaldeano/tfm/data/datasets/classifier/val/Red/000036_frame000047_wE67GRmaLZ.jpg,0,Red,0,Red,0.003943853545933962,0.5,correct
000036_frame000048_Bb0H3owPqA.jpg,/home/jgaldeano/tfm/data/datasets/classifier/val/Red/000036_frame000048_Bb0H3owPqA.jpg,0,Red,0,Red,0.002337816869840026,0.5,correct
000036_frame000048_HZmIItS1r0.jpg,/home/jgaldeano/tfm/data/datasets/classifier/val/Red/000036_frame000048_HZmIItS1r0.jpg,0,Red,0,Red,0.0033421586267650127,0.5,correct
000036_frame000049_RaxP960QnO.jpg,/home/jgaldeano/tfm/data/datasets/classifier/val/Red/000036_frame000049_RaxP960QnO.jpg,0,Red,0,Red,0.002354961819946766,0.5,correct
000036_frame000049_aUWeuZgor0.jpg,/home/jgaldeano/tfm/data/datasets/classifier/val/Red/000036_frame000049_aUWeuZgor0.jpg,0,Red,0,Red,0.002793725812807679,0.5,correct
000036_frame000050_K0JzAMzjR2.jpg,/home/jgaldeano/tfm/data/datasets/classifier/val/Red/000036_frame000050_K0JzAMzjR2.jpg,0,Red,0,Red,0.0024412027560174465,0.5,correct
000036_frame000050_jkAZwZ6Nag.jpg,/home/jgaldeano/tfm/data/datasets/classifier/val/Red/000036_frame000050_jkAZwZ6Nag.jpg,0,Red,0,Red,0.0033617508597671986,0.5,correct
000036_frame000051_F9KbM61LKa.jpg,/home/jgaldeano/tfm/data/datasets/classifier/val/Red/000036_frame000051_F9KbM61LKa.jpg,0,Red,0,Red,0.0025779427960515022,0.5,correct
000036_frame000051_qevPUR6wyp.jpg,/home/jgaldeano/tfm/data/datasets/classifier/val/Red/000036_frame000051_qevPUR6wyp.jpg,0,Red,0,Red,0.002902880311012268,0.5,correct
000036_frame000052_EfzztJ1Eah.jpg,/home/jgaldeano/tfm/data/datasets/classifier/val/Red/000036_frame000052_EfzztJ1Eah.jpg,0,Red,0,Red,0.0028997764457017183,0.5,correct
000036_frame000052_yCwlnmEGI4.jpg,/home/jgaldeano/tfm/data/datasets/classifier/val/Red/000036_frame000052_yCwlnmEGI4.jpg,0,Red,0,Red,0.0025442675687372684,0.5,correct
000036_frame000053_I1pllHlkWf.jpg,/home/jgaldeano/tfm/data/datasets/classifier/val/Red/000036_frame000053_I1pllHlkWf.jpg,0,Red,0,Red,0.003436674363911152,0.5,correct
000036_frame000053__Cinkr6Njv.jpg,/home/jgaldeano/tfm/data/datasets/classifier/val/Red/000036_frame000053__Cinkr6Njv.jpg,0,Red,0,Red,0.0026915399357676506,0.5,correct
000036_frame000054_88RSiz5t7J.jpg,/home/jgaldeano/tfm/data/datasets/classifier/val/Red/000036_frame000054_88RSiz5t7J.jpg,0,Red,0,Red,0.0022923878859728575,0.5,correct
000036_frame000054_BCsh95kFdA.jpg,/home/jgaldeano/tfm/data/datasets/classifier/val/Red/000036_frame000054_BCsh95kFdA.jpg,0,Red,0,Red,0.0026386745739728212,0.5,correct
000036_frame000055_AZo0mkqO58.jpg,/home/jgaldeano/tfm/data/datasets/classifier/val/Red/000036_frame000055_AZo0mkqO58.jpg,0,Red,0,Red,0.0035496491473168135,0.5,correct
000036_frame000055_pbAiwcTsFl.jpg,/home/jgaldeano/tfm/data/datasets/classifier/val/Red/000036_frame000055_pbAiwcTsFl.jpg,0,Red,0,Red,0.002571521094068885,0.5,correct
000036_frame000056_O7k3Gwi1yh.jpg,/home/jgaldeano/tfm/data/datasets/classifier/val/Red/000036_frame000056_O7k3Gwi1yh.jpg,0,Red,0,Red,0.0025790194049477577,0.5,correct
000036_frame000056_U9YiH107Ty.jpg,/home/jgaldeano/tfm/data/datasets/classifier/val/Red/000036_frame000056_U9YiH107Ty.jpg,0,Red,0,Red,0.002908904105424881,0.5,correct
000036_frame000057_7JakLLI7-V.jpg,/home/jgaldeano/tfm/data/datasets/classifier/val/Red/000036_frame000057_7JakLLI7-V.jpg,0,Red,0,Red,0.0024418600369244814,0.5,correct
000036_frame000057_WN2LW783mg.jpg,/home/jgaldeano/tfm/data/datasets/classifier/val/Red/000036_frame000057_WN2LW783mg.jpg,0,Red,0,Red,0.0032497686333954334,0.5,correct
000036_frame000058_FltZtcUVbV.jpg,/home/jgaldeano/tfm/data/datasets/classifier/val/Red/000036_frame000058_FltZtcUVbV.jpg,0,Red,0,Red,0.0031494670547544956,0.5,correct
000036_frame000058_kEqlAm2SkI.jpg,/home/jgaldeano/tfm/data/datasets/classifier/val/Red/000036_frame000058_kEqlAm2SkI.jpg,0,Red,0,Red,0.0026285117492079735,0.5,correct
000036_frame000059_AVuvKQfkaN.jpg,/home/jgaldeano/tfm/data/datasets/classifier/val/Red/000036_frame000059_AVuvKQfkaN.jpg,0,Red,0,Red,0.002428582636639476,0.5,correct
000036_frame000059_BEdCGgSNCw.jpg,/home/jgaldeano/tfm/data/datasets/classifier/val/Red/000036_frame000059_BEdCGgSNCw.jpg,0,Red,0,Red,0.003062004456296563,0.5,correct
000036_frame000060_49BYvPEiF5.jpg,/home/jgaldeano/tfm/data/datasets/classifier/val/Red/000036_frame000060_49BYvPEiF5.jpg,0,Red,0,Red,0.002604256384074688,0.5,correct
000036_frame000060_JYQ29vlEPN.jpg,/home/jgaldeano/tfm/data/datasets/classifier/val/Red/000036_frame000060_JYQ29vlEPN.jpg,0,Red,0,Red,0.0038469855207949877,0.5,correct
000036_frame000061_9FbpjM0Oz6.jpg,/home/jgaldeano/tfm/data/datasets/classifier/val/Red/000036_frame000061_9FbpjM0Oz6.jpg,0,Red,0,Red,0.004305914510041475,0.5,correct
000036_frame000061_jfDMDR6hlT.jpg,/home/jgaldeano/tfm/data/datasets/classifier/val/Red/000036_frame000061_jfDMDR6hlT.jpg,0,Red,0,Red,0.004358746577054262,0.5,correct
000036_frame000062_QB28LUirmJ.jpg,/home/jgaldeano/tfm/data/datasets/classifier/val/Red/000036_frame000062_QB28LUirmJ.jpg,0,Red,0,Red,0.007095148786902428,0.5,correct
000036_frame000062_XDmfyE5NZG.jpg,/home/jgaldeano/tfm/data/datasets/classifier/val/Red/000036_frame000062_XDmfyE5NZG.jpg,0,Red,0,Red,0.0032000672072172165,0.5,correct
000036_frame000063_bcizHwnoA8.jpg,/home/jgaldeano/tfm/data/datasets/classifier/val/Red/000036_frame000063_bcizHwnoA8.jpg,0,Red,0,Red,0.0036056889221072197,0.5,correct
000036_frame000063_vpnOFATWvS.jpg,/home/jgaldeano/tfm/data/datasets/classifier/val/Red/000036_frame000063_vpnOFATWvS.jpg,0,Red,0,Red,0.006594393402338028,0.5,correct
000036_frame000064_6xm2I3ATWo.jpg,/home/jgaldeano/tfm/data/datasets/classifier/val/Red/000036_frame000064_6xm2I3ATWo.jpg,0,Red,0,Red,0.004101005848497152,0.5,correct
000036_frame000064_gQyU88E4dY.jpg,/home/jgaldeano/tfm/data/datasets/classifier/val/Red/000036_frame000064_gQyU88E4dY.jpg,0,Red,0,Red,0.0026884751860052347,0.5,correct
000036_frame000140_2EnstTeN7R.jpg,/home/jgaldeano/tfm/data/datasets/classifier/val/Red/000036_frame000140_2EnstTeN7R.jpg,0,Red,0,Red,0.0006658009951934218,0.5,correct
000038_frame000001_bdSR8ZJzTd.jpg,/home/jgaldeano/tfm/data/datasets/classifier/val/Red/000038_frame000001_bdSR8ZJzTd.jpg,0,Red,0,Red,0.0026523505803197622,0.5,correct
000038_frame000001_pez5wno5KK.jpg,/home/jgaldeano/tfm/data/datasets/classifier/val/Red/000038_frame000001_pez5wno5KK.jpg,0,Red,0,Red,0.003191249677911401,0.5,correct
000038_frame000001_qBXv5Esk14.jpg,/home/jgaldeano/tfm/data/datasets/classifier/val/Red/000038_frame000001_qBXv5Esk14.jpg,0,Red,0,Red,0.0039637270383536816,0.5,correct
000038_frame000002_CBS7hufP8_.jpg,/home/jgaldeano/tfm/data/datasets/classifier/val/Red/000038_frame000002_CBS7hufP8_.jpg,0,Red,0,Red,0.003954704850912094,0.5,correct
000038_frame000002_Iz5dM_o0lH.jpg,/home/jgaldeano/tfm/data/datasets/classifier/val/Red/000038_frame000002_Iz5dM_o0lH.jpg,0,Red,0,Red,0.003057480789721012,0.5,correct
000038_frame000002_zPuzkv56J6.jpg,/home/jgaldeano/tfm/data/datasets/classifier/val/Red/000038_frame000002_zPuzkv56J6.jpg,0,Red,0,Red,0.003569136606529355,0.5,correct
000038_frame000003_XAbzUki_qU.jpg,/home/jgaldeano/tfm/data/datasets/classifier/val/Red/000038_frame000003_XAbzUki_qU.jpg,0,Red,0,Red,0.003783523105084896,0.5,correct
000038_frame000003_ky0dfFgFxj.jpg,/home/jgaldeano/tfm/data/datasets/classifier/val/Red/000038_frame000003_ky0dfFgFxj.jpg,0,Red,0,Red,0.0026188837364315987,0.5,correct
000038_frame000003_mDLqsrIUY8.jpg,/home/jgaldeano/tfm/data/datasets/classifier/val/Red/000038_frame000003_mDLqsrIUY8.jpg,0,Red,0,Red,0.0036133702378720045,0.5,correct
000038_frame000004_6TbDghUd0C.jpg,/home/jgaldeano/tfm/data/datasets/classifier/val/Red/000038_frame000004_6TbDghUd0C.jpg,0,Red,0,Red,0.003410384524613619,0.5,correct
000038_frame000004_LSLJI2k8Bl.jpg,/home/jgaldeano/tfm/data/datasets/classifier/val/Red/000038_frame000004_LSLJI2k8Bl.jpg,0,Red,0,Red,0.003674695733934641,0.5,correct
000038_frame000004_ai3umzNxUY.jpg,/home/jgaldeano/tfm/data/datasets/classifier/val/Red/000038_frame000004_ai3umzNxUY.jpg,0,Red,0,Red,0.0030505876056849957,0.5,correct
000038_frame000005_00VPBZbJbE.jpg,/home/jgaldeano/tfm/data/datasets/classifier/val/Red/000038_frame000005_00VPBZbJbE.jpg,0,Red,0,Red,0.002646330278366804,0.5,correct
000038_frame000005_TZELnt3TP3.jpg,/home/jgaldeano/tfm/data/datasets/classifier/val/Red/000038_frame000005_TZELnt3TP3.jpg,0,Red,0,Red,0.002921753330156207,0.5,correct
000038_frame000005_tC3i-0jZcz.jpg,/home/jgaldeano/tfm/data/datasets/classifier/val/Red/000038_frame000005_tC3i-0jZcz.jpg,0,Red,0,Red,0.0040802438743412495,0.5,correct
000038_frame000006_-bKGykw4_f.jpg,/home/jgaldeano/tfm/data/datasets/classifier/val/Red/000038_frame000006_-bKGykw4_f.jpg,0,Red,0,Red,0.0028612317983061075,0.5,correct
000038_frame000006_HUmjd0hLRt.jpg,/home/jgaldeano/tfm/data/datasets/classifier/val/Red/000038_frame000006_HUmjd0hLRt.jpg,0,Red,0,Red,0.002992073306813836,0.5,correct
000038_frame000006_ZGZ5zR3awQ.jpg,/home/jgaldeano/tfm/data/datasets/classifier/val/Red/000038_frame000006_ZGZ5zR3awQ.jpg,0,Red,0,Red,0.0031292035710066557,0.5,correct
000038_frame000007_CmYzbcDhAJ.jpg,/home/jgaldeano/tfm/data/datasets/classifier/val/Red/000038_frame000007_CmYzbcDhAJ.jpg,0,Red,0,Red,0.0018680770881474018,0.5,correct
000038_frame000007_pQtl4pmVdb.jpg,/home/jgaldeano/tfm/data/datasets/classifier/val/Red/000038_frame000007_pQtl4pmVdb.jpg,0,Red,0,Red,0.0017785176169127226,0.5,correct
000038_frame000008_c4H6OygPOe.jpg,/home/jgaldeano/tfm/data/datasets/classifier/val/Red/000038_frame000008_c4H6OygPOe.jpg,0,Red,0,Red,0.0011874563060700893,0.5,correct
000038_frame000008_dG4TlKE7Ow.jpg,/home/jgaldeano/tfm/data/datasets/classifier/val/Red/000038_frame000008_dG4TlKE7Ow.jpg,0,Red,0,Red,0.0019721442367881536,0.5,correct
000038_frame000008_dk6egH-dzh.jpg,/home/jgaldeano/tfm/data/datasets/classifier/val/Red/000038_frame000008_dk6egH-dzh.jpg,0,Red,0,Red,0.0019168915459886193,0.5,correct
000038_frame000009_35R_vcdFpS.jpg,/home/jgaldeano/tfm/data/datasets/classifier/val/Red/000038_frame000009_35R_vcdFpS.jpg,0,Red,0,Red,0.00223823101259768,0.5,correct
000038_frame000009_kZ7oe0EfVZ.jpg,/home/jgaldeano/tfm/data/datasets/classifier/val/Red/000038_frame000009_kZ7oe0EfVZ.jpg,0,Red,0,Red,0.0027659223414957523,0.5,correct
000038_frame000009_xcLUX_JxNc.jpg,/home/jgaldeano/tfm/data/datasets/classifier/val/Red/000038_frame000009_xcLUX_JxNc.jpg,0,Red,0,Red,0.0012815111549571157,0.5,correct
000038_frame000010_WmJfanZL8y.jpg,/home/jgaldeano/tfm/data/datasets/classifier/val/Red/000038_frame000010_WmJfanZL8y.jpg,0,Red,0,Red,0.0020096602384001017,0.5,correct
000038_frame000010_lMuWzUkTDn.jpg,/home/jgaldeano/tfm/data/datasets/classifier/val/Red/000038_frame000010_lMuWzUkTDn.jpg,0,Red,0,Red,0.0012628380209207535,0.5,correct
000038_frame000010_wbReDZV3BR.jpg,/home/jgaldeano/tfm/data/datasets/classifier/val/Red/000038_frame000010_wbReDZV3BR.jpg,0,Red,0,Red,0.0021044400054961443,0.5,correct
000038_frame000011_KyJuS-vPgf.jpg,/home/jgaldeano/tfm/data/datasets/classifier/val/Red/000038_frame000011_KyJuS-vPgf.jpg,0,Red,0,Red,0.0027410786133259535,0.5,correct
000038_frame000011_ODXWOQ_6TZ.jpg,/home/jgaldeano/tfm/data/datasets/classifier/val/Red/000038_frame000011_ODXWOQ_6TZ.jpg,0,Red,0,Red,0.002316042548045516,0.5,correct
000038_frame000011_qjQdiu1ZHC.jpg,/home/jgaldeano/tfm/data/datasets/classifier/val/Red/000038_frame000011_qjQdiu1ZHC.jpg,0,Red,0,Red,0.0015404790174216032,0.5,correct
000038_frame000012_KNwbYp2Vng.jpg,/home/jgaldeano/tfm/data/datasets/classifier/val/Red/000038_frame000012_KNwbYp2Vng.jpg,0,Red,0,Red,0.0017950261244550347,0.5,correct
000038_frame000012_VCQ8cEpM8B.jpg,/home/jgaldeano/tfm/data/datasets/classifier/val/Red/000038_frame000012_VCQ8cEpM8B.jpg,0,Red,0,Red,0.002652703784406185,0.5,correct
000038_frame000012_YUWQxF5cP0.jpg,/home/jgaldeano/tfm/data/datasets/classifier/val/Red/000038_frame000012_YUWQxF5cP0.jpg,0,Red,0,Red,0.0028838247526437044,0.5,correct
000038_frame000013_HXzS5hL2Te.jpg,/home/jgaldeano/tfm/data/datasets/classifier/val/Red/000038_frame000013_HXzS5hL2Te.jpg,0,Red,0,Red,0.0038281804881989956,0.5,correct
000038_frame000013_MHTlXqA1gY.jpg,/home/jgaldeano/tfm/data/datasets/classifier/val/Red/000038_frame000013_MHTlXqA1gY.jpg,0,Red,0,Red,0.0023939209058880806,0.5,correct
000038_frame000013_rABOn047NI.jpg,/home/jgaldeano/tfm/data/datasets/classifier/val/Red/000038_frame000013_rABOn047NI.jpg,0,Red,0,Red,0.004364677704870701,0.5,correct
000038_frame000014_7lT7h_NOsO.jpg,/home/jgaldeano/tfm/data/datasets/classifier/val/Red/000038_frame000014_7lT7h_NOsO.jpg,0,Red,0,Red,0.003075814340263605,0.5,correct
000038_frame000014_D3LSerjjar.jpg,/home/jgaldeano/tfm/data/datasets/classifier/val/Red/000038_frame000014_D3LSerjjar.jpg,0,Red,0,Red,0.0025197097565978765,0.5,correct
000038_frame000014_g2-IrwZg-c.jpg,/home/jgaldeano/tfm/data/datasets/classifier/val/Red/000038_frame000014_g2-IrwZg-c.jpg,0,Red,0,Red,0.00245646177791059,0.5,correct
000038_frame000015_1HVdb2WEve.jpg,/home/jgaldeano/tfm/data/datasets/classifier/val/Red/000038_frame000015_1HVdb2WEve.jpg,0,Red,0,Red,0.0034786404576152563,0.5,correct
000038_frame000015_26sATX3b5Q.jpg,/home/jgaldeano/tfm/data/datasets/classifier/val/Red/000038_frame000015_26sATX3b5Q.jpg,0,Red,0,Red,0.0028588916175067425,0.5,correct
000038_frame000015_8Pi2KJHGdE.jpg,/home/jgaldeano/tfm/data/datasets/classifier/val/Red/000038_frame000015_8Pi2KJHGdE.jpg,0,Red,0,Red,0.0041929855942726135,0.5,correct
000038_frame000016_AtLBg6MhlQ.jpg,/home/jgaldeano/tfm/data/datasets/classifier/val/Red/000038_frame000016_AtLBg6MhlQ.jpg,0,Red,0,Red,0.002798911416903138,0.5,correct
000038_frame000016_WbU9TRVC5z.jpg,/home/jgaldeano/tfm/data/datasets/classifier/val/Red/000038_frame000016_WbU9TRVC5z.jpg,0,Red,0,Red,0.004851849749684334,0.5,correct
000038_frame000016_ktiHk9kEro.jpg,/home/jgaldeano/tfm/data/datasets/classifier/val/Red/000038_frame000016_ktiHk9kEro.jpg,0,Red,0,Red,0.0027039407286792994,0.5,correct
000038_frame000017_AxBHZB9Syx.jpg,/home/jgaldeano/tfm/data/datasets/classifier/val/Red/000038_frame000017_AxBHZB9Syx.jpg,0,Red,0,Red,0.0018965245690196753,0.5,correct
000038_frame000017_k-TghGaWXR.jpg,/home/jgaldeano/tfm/data/datasets/classifier/val/Red/000038_frame000017_k-TghGaWXR.jpg,0,Red,0,Red,0.002867466537281871,0.5,correct
000038_frame000017_yvjxTo0ecT.jpg,/home/jgaldeano/tfm/data/datasets/classifier/val/Red/000038_frame000017_yvjxTo0ecT.jpg,0,Red,0,Red,0.003369078738614917,0.5,correct
000038_frame000018_0uiJvsOK3T.jpg,/home/jgaldeano/tfm/data/datasets/classifier/val/Red/000038_frame000018_0uiJvsOK3T.jpg,0,Red,0,Red,0.0028987452387809753,0.5,correct
000038_frame000018_ZUQmAGB8ug.jpg,/home/jgaldeano/tfm/data/datasets/classifier/val/Red/000038_frame000018_ZUQmAGB8ug.jpg,0,Red,0,Red,0.005349879153072834,0.5,correct
000038_frame000018_uwMWN1cFWi.jpg,/home/jgaldeano/tfm/data/datasets/classifier/val/Red/000038_frame000018_uwMWN1cFWi.jpg,0,Red,0,Red,0.002822250360623002,0.5,correct
000038_frame000019_WYyz80kDrF.jpg,/home/jgaldeano/tfm/data/datasets/classifier/val/Red/000038_frame000019_WYyz80kDrF.jpg,0,Red,0,Red,0.004474072717130184,0.5,correct
000038_frame000019_qvh9YPVVmd.jpg,/home/jgaldeano/tfm/data/datasets/classifier/val/Red/000038_frame000019_qvh9YPVVmd.jpg,0,Red,0,Red,0.0030178988818079233,0.5,correct
000038_frame000020_BoAD_-xNoZ.jpg,/home/jgaldeano/tfm/data/datasets/classifier/val/Red/000038_frame000020_BoAD_-xNoZ.jpg,0,Red,0,Red,0.00242219353094697,0.5,correct
000038_frame000020_Ryuj6A_o2w.jpg,/home/jgaldeano/tfm/data/datasets/classifier/val/Red/000038_frame000020_Ryuj6A_o2w.jpg,0,Red,0,Red,0.0027132430113852024,0.5,correct
000038_frame000020_ogqa3Y6sbx.jpg,/home/jgaldeano/tfm/data/datasets/classifier/val/Red/000038_frame000020_ogqa3Y6sbx.jpg,0,Red,0,Red,0.0030226418748497963,0.5,correct
000038_frame000021_AHYcHGk8Mn.jpg,/home/jgaldeano/tfm/data/datasets/classifier/val/Red/000038_frame000021_AHYcHGk8Mn.jpg,0,Red,0,Red,0.0029845465905964375,0.5,correct
000038_frame000021_VTF2Sxp3Zf.jpg,/home/jgaldeano/tfm/data/datasets/classifier/val/Red/000038_frame000021_VTF2Sxp3Zf.jpg,0,Red,0,Red,0.002792572835460305,0.5,correct
000038_frame000022_di7V7Ckoxa.jpg,/home/jgaldeano/tfm/data/datasets/classifier/val/Red/000038_frame000022_di7V7Ckoxa.jpg,0,Red,0,Red,0.003645438002422452,0.5,correct
000038_frame000022_nHOf1GVjrS.jpg,/home/jgaldeano/tfm/data/datasets/classifier/val/Red/000038_frame000022_nHOf1GVjrS.jpg,0,Red,0,Red,0.0035123310517519712,0.5,correct
000038_frame000023_gVi3vdnZms.jpg,/home/jgaldeano/tfm/data/datasets/classifier/val/Red/000038_frame000023_gVi3vdnZms.jpg,0,Red,0,Red,0.003763350425288081,0.5,correct
000038_frame000024_5qlR3tmtkr.jpg,/home/jgaldeano/tfm/data/datasets/classifier/val/Red/000038_frame000024_5qlR3tmtkr.jpg,0,Red,0,Red,0.003248646156862378,0.5,correct
000038_frame000025_up_aURGtb0.jpg,/home/jgaldeano/tfm/data/datasets/classifier/val/Red/000038_frame000025_up_aURGtb0.jpg,0,Red,0,Red,0.0035972550977021456,0.5,correct
000038_frame000026_wkwJ6yHMmq.jpg,/home/jgaldeano/tfm/data/datasets/classifier/val/Red/000038_frame000026_wkwJ6yHMmq.jpg,0,Red,0,Red,0.0020245094783604145,0.5,correct
000038_frame000027_o6l1rKlDBd.jpg,/home/jgaldeano/tfm/data/datasets/classifier/val/Red/000038_frame000027_o6l1rKlDBd.jpg,0,Red,0,Red,0.0020429883152246475,0.5,correct
000038_frame000028_4pFRvBLTtn.jpg,/home/jgaldeano/tfm/data/datasets/classifier/val/Red/000038_frame000028_4pFRvBLTtn.jpg,0,Red,0,Red,0.00259458739310503,0.5,correct
000038_frame000028_ghbjRyfjYg.jpg,/home/jgaldeano/tfm/data/datasets/classifier/val/Red/000038_frame000028_ghbjRyfjYg.jpg,0,Red,0,Red,0.003386487253010273,0.5,correct
000038_frame000029_AGqTH_jwE2.jpg,/home/jgaldeano/tfm/data/datasets/classifier/val/Red/000038_frame000029_AGqTH_jwE2.jpg,0,Red,0,Red,0.0030713402666151524,0.5,correct
000038_frame000029_kET-CkXjTv.jpg,/home/jgaldeano/tfm/data/datasets/classifier/val/Red/000038_frame000029_kET-CkXjTv.jpg,0,Red,0,Red,0.002895812736824155,0.5,correct
000038_frame000029_mL6ZTZQJgC.jpg,/home/jgaldeano/tfm/data/datasets/classifier/val/Red/000038_frame000029_mL6ZTZQJgC.jpg,0,Red,0,Red,0.003580031916499138,0.5,correct
000038_frame000030_2M1VpSRJ31.jpg,/home/jgaldeano/tfm/data/datasets/classifier/val/Red/000038_frame000030_2M1VpSRJ31.jpg,0,Red,0,Red,0.00334103568457067,0.5,correct
000038_frame000030_6ox0HI6U79.jpg,/home/jgaldeano/tfm/data/datasets/classifier/val/Red/000038_frame000030_6ox0HI6U79.jpg,0,Red,0,Red,0.002974842907860875,0.5,correct
000038_frame000030_v-xXUqJT8m.jpg,/home/jgaldeano/tfm/data/datasets/classifier/val/Red/000038_frame000030_v-xXUqJT8m.jpg,0,Red,0,Red,0.004591132514178753,0.5,correct
000038_frame000031_FAzD_OWaBD.jpg,/home/jgaldeano/tfm/data/datasets/classifier/val/Red/000038_frame000031_FAzD_OWaBD.jpg,0,Red,0,Red,0.0029456401243805885,0.5,correct
000038_frame000031_dKXdFgd9T3.jpg,/home/jgaldeano/tfm/data/datasets/classifier/val/Red/000038_frame000031_dKXdFgd9T3.jpg,0,Red,0,Red,0.0027024622540920973,0.5,correct
000038_frame000031_mtzOQ1YdvP.jpg,/home/jgaldeano/tfm/data/datasets/classifier/val/Red/000038_frame000031_mtzOQ1YdvP.jpg,0,Red,0,Red,0.0029561608098447323,0.5,correct
000038_frame000032_GFokiQQDsd.jpg,/home/jgaldeano/tfm/data/datasets/classifier/val/Red/000038_frame000032_GFokiQQDsd.jpg,0,Red,0,Red,0.0026487051509320736,0.5,correct
000038_frame000032_fH8U_MhQ5S.jpg,/home/jgaldeano/tfm/data/datasets/classifier/val/Red/000038_frame000032_fH8U_MhQ5S.jpg,0,Red,0,Red,0.0028043717611581087,0.5,correct
000038_frame000032_vrr_BroBPa.jpg,/home/jgaldeano/tfm/data/datasets/classifier/val/Red/000038_frame000032_vrr_BroBPa.jpg,0,Red,0,Red,0.002506935503333807,0.5,correct
000038_frame000033_-QrZJVxNWQ.jpg,/home/jgaldeano/tfm/data/datasets/classifier/val/Red/000038_frame000033_-QrZJVxNWQ.jpg,0,Red,0,Red,0.003614599583670497,0.5,correct
000038_frame000033_IaIHZbdRgw.jpg,/home/jgaldeano/tfm/data/datasets/classifier/val/Red/000038_frame000033_IaIHZbdRgw.jpg,0,Red,0,Red,0.003458969295024872,0.5,correct
000038_frame000033_gd7UjIpdaF.jpg,/home/jgaldeano/tfm/data/datasets/classifier/val/Red/000038_frame000033_gd7UjIpdaF.jpg,0,Red,0,Red,0.002691537607461214,0.5,correct
000038_frame000034_NhTutu82D_.jpg,/home/jgaldeano/tfm/data/datasets/classifier/val/Red/000038_frame000034_NhTutu82D_.jpg,0,Red,0,Red,0.0038054664619266987,0.5,correct
000038_frame000034_Z0i7rr34Dc.jpg,/home/jgaldeano/tfm/data/datasets/classifier/val/Red/000038_frame000034_Z0i7rr34Dc.jpg,0,Red,0,Red,0.0027459515258669853,0.5,correct
000038_frame000034_cMF0GLG17U.jpg,/home/jgaldeano/tfm/data/datasets/classifier/val/Red/000038_frame000034_cMF0GLG17U.jpg,0,Red,0,Red,0.0030045744497328997,0.5,correct
000038_frame000035_7Zc7U8czp-.jpg,/home/jgaldeano/tfm/data/datasets/classifier/val/Red/000038_frame000035_7Zc7U8czp-.jpg,0,Red,0,Red,0.003363583469763398,0.5,correct
000038_frame000035_VzbZTT3LhE.jpg,/home/jgaldeano/tfm/data/datasets/classifier/val/Red/000038_frame000035_VzbZTT3LhE.jpg,0,Red,0,Red,0.0033426082227379084,0.5,correct
000038_frame000035_gs8pFVozBo.jpg,/home/jgaldeano/tfm/data/datasets/classifier/val/Red/000038_frame000035_gs8pFVozBo.jpg,0,Red,0,Red,0.0030228933319449425,0.5,correct
000038_frame000036_KMO-tZQHkJ.jpg,/home/jgaldeano/tfm/data/datasets/classifier/val/Red/000038_frame000036_KMO-tZQHkJ.jpg,0,Red,0,Red,0.0029019073117524385,0.5,correct
000038_frame000036_WCi8e9Syvx.jpg,/home/jgaldeano/tfm/data/datasets/classifier/val/Red/000038_frame000036_WCi8e9Syvx.jpg,0,Red,0,Red,0.00356755661778152,0.5,correct
000038_frame000036_r_gd9-MbYu.jpg,/home/jgaldeano/tfm/data/datasets/classifier/val/Red/000038_frame000036_r_gd9-MbYu.jpg,0,Red,0,Red,0.0032950148452073336,0.5,correct
000038_frame000037_20UogvP3Cq.jpg,/home/jgaldeano/tfm/data/datasets/classifier/val/Red/000038_frame000037_20UogvP3Cq.jpg,0,Red,0,Red,0.0037411474622786045,0.5,correct
000038_frame000037_FbGS8J5WTv.jpg,/home/jgaldeano/tfm/data/datasets/classifier/val/Red/000038_frame000037_FbGS8J5WTv.jpg,0,Red,0,Red,0.0039288983680307865,0.5,correct
000038_frame000037_NiKFme4bUD.jpg,/home/jgaldeano/tfm/data/datasets/classifier/val/Red/000038_frame000037_NiKFme4bUD.jpg,0,Red,0,Red,0.0028306192252784967,0.5,correct
000038_frame000038_7a3G1wq7kH.jpg,/home/jgaldeano/tfm/data/datasets/classifier/val/Red/000038_frame000038_7a3G1wq7kH.jpg,0,Red,0,Red,0.002613609656691551,0.5,correct
000038_frame000038_alWbRVQOlv.jpg,/home/jgaldeano/tfm/data/datasets/classifier/val/Red/000038_frame000038_alWbRVQOlv.jpg,0,Red,0,Red,0.0034186565317213535,0.5,correct
000038_frame000039_6xsRau7MXR.jpg,/home/jgaldeano/tfm/data/datasets/classifier/val/Red/000038_frame000039_6xsRau7MXR.jpg,0,Red,0,Red,0.002418236806988716,0.5,correct
000038_frame000039_9V8RTlMx60.jpg,/home/jgaldeano/tfm/data/datasets/classifier/val/Red/000038_frame000039_9V8RTlMx60.jpg,0,Red,0,Red,0.0029795377049595118,0.5,correct
000038_frame000039_oqi6XSzPle.jpg,/home/jgaldeano/tfm/data/datasets/classifier/val/Red/000038_frame000039_oqi6XSzPle.jpg,0,Red,0,Red,0.003893453860655427,0.5,correct
000038_frame000040_5WQ2_RKdUi.jpg,/home/jgaldeano/tfm/data/datasets/classifier/val/Red/000038_frame000040_5WQ2_RKdUi.jpg,0,Red,0,Red,0.003211547154933214,0.5,correct
000038_frame000040_csqwY3ULQ7.jpg,/home/jgaldeano/tfm/data/datasets/classifier/val/Red/000038_frame000040_csqwY3ULQ7.jpg,0,Red,0,Red,0.0037403954192996025,0.5,correct
000038_frame000040_kL1qh1wZki.jpg,/home/jgaldeano/tfm/data/datasets/classifier/val/Red/000038_frame000040_kL1qh1wZki.jpg,0,Red,0,Red,0.002413147361949086,0.5,correct
000038_frame000041_208MqmBcmU.jpg,/home/jgaldeano/tfm/data/datasets/classifier/val/Red/000038_frame000041_208MqmBcmU.jpg,0,Red,0,Red,0.0031649572774767876,0.5,correct
000038_frame000041_4RSvj0fQmS.jpg,/home/jgaldeano/tfm/data/datasets/classifier/val/Red/000038_frame000041_4RSvj0fQmS.jpg,0,Red,0,Red,0.003843186656013131,0.5,correct
000038_frame000041_nyp0il8_Ky.jpg,/home/jgaldeano/tfm/data/datasets/classifier/val/Red/000038_frame000041_nyp0il8_Ky.jpg,0,Red,0,Red,0.00363605422899127,0.5,correct
000038_frame000042_-TxiL_LHAd.jpg,/home/jgaldeano/tfm/data/datasets/classifier/val/Red/000038_frame000042_-TxiL_LHAd.jpg,0,Red,0,Red,0.0033802955877035856,0.5,correct
000038_frame000042_0VIkWhPZPJ.jpg,/home/jgaldeano/tfm/data/datasets/classifier/val/Red/000038_frame000042_0VIkWhPZPJ.jpg,0,Red,0,Red,0.0035733922850340605,0.5,correct
000038_frame000042_sLTKtBffD1.jpg,/home/jgaldeano/tfm/data/datasets/classifier/val/Red/000038_frame000042_sLTKtBffD1.jpg,0,Red,0,Red,0.003344832919538021,0.5,correct
000038_frame000043_Ifv79zG251.jpg,/home/jgaldeano/tfm/data/datasets/classifier/val/Red/000038_frame000043_Ifv79zG251.jpg,0,Red,0,Red,0.0036205914802849293,0.5,correct
000038_frame000043_N9miHPSQ16.jpg,/home/jgaldeano/tfm/data/datasets/classifier/val/Red/000038_frame000043_N9miHPSQ16.jpg,0,Red,0,Red,0.0023662152234464884,0.5,correct
000038_frame000043_jESOxWpAy3.jpg,/home/jgaldeano/tfm/data/datasets/classifier/val/Red/000038_frame000043_jESOxWpAy3.jpg,0,Red,0,Red,0.0039002911653369665,0.5,correct
000038_frame000044_2tA6x1Xuko.jpg,/home/jgaldeano/tfm/data/datasets/classifier/val/Red/000038_frame000044_2tA6x1Xuko.jpg,0,Red,0,Red,0.003800791222602129,0.5,correct
000038_frame000044_tKA0NP63Gf.jpg,/home/jgaldeano/tfm/data/datasets/classifier/val/Red/000038_frame000044_tKA0NP63Gf.jpg,0,Red,0,Red,0.0035459171049296856,0.5,correct
000038_frame000044_y5lXaAZmma.jpg,/home/jgaldeano/tfm/data/datasets/classifier/val/Red/000038_frame000044_y5lXaAZmma.jpg,0,Red,0,Red,0.002352339681237936,0.5,correct
000038_frame000045_ETOPPrqAoo.jpg,/home/jgaldeano/tfm/data/datasets/classifier/val/Red/000038_frame000045_ETOPPrqAoo.jpg,0,Red,0,Red,0.0037739018443971872,0.5,correct
000038_frame000045_Wx1UOWKgTr.jpg,/home/jgaldeano/tfm/data/datasets/classifier/val/Red/000038_frame000045_Wx1UOWKgTr.jpg,0,Red,0,Red,0.003807252738624811,0.5,correct
000038_frame000045_uEj601CCMJ.jpg,/home/jgaldeano/tfm/data/datasets/classifier/val/Red/000038_frame000045_uEj601CCMJ.jpg,0,Red,0,Red,0.0020848072599619627,0.5,correct
000038_frame000046_GtyiEDJKyJ.jpg,/home/jgaldeano/tfm/data/datasets/classifier/val/Red/000038_frame000046_GtyiEDJKyJ.jpg,0,Red,0,Red,0.0035696392878890038,0.5,correct
000038_frame000046_cdK7UW3cel.jpg,/home/jgaldeano/tfm/data/datasets/classifier/val/Red/000038_frame000046_cdK7UW3cel.jpg,0,Red,0,Red,0.003043469740077853,0.5,correct
000038_frame000046_mBCqRhISm0.jpg,/home/jgaldeano/tfm/data/datasets/classifier/val/Red/000038_frame000046_mBCqRhISm0.jpg,0,Red,0,Red,0.0037475156132131815,0.5,correct
000038_frame000047_Z3qbEzG3WR.jpg,/home/jgaldeano/tfm/data/datasets/classifier/val/Red/000038_frame000047_Z3qbEzG3WR.jpg,0,Red,0,Red,0.002883048728108406,0.5,correct
000038_frame000047_cqke8j_Ovx.jpg,/home/jgaldeano/tfm/data/datasets/classifier/val/Red/000038_frame000047_cqke8j_Ovx.jpg,0,Red,0,Red,0.0033540241420269012,0.5,correct
000038_frame000047_m1KF6-muGa.jpg,/home/jgaldeano/tfm/data/datasets/classifier/val/Red/000038_frame000047_m1KF6-muGa.jpg,0,Red,0,Red,0.0033856569789350033,0.5,correct
000038_frame000048_D1TBRB7y_b.jpg,/home/jgaldeano/tfm/data/datasets/classifier/val/Red/000038_frame000048_D1TBRB7y_b.jpg,0,Red,0,Red,0.0038265862967818975,0.5,correct
000038_frame000048_E6JUJMJ3nD.jpg,/home/jgaldeano/tfm/data/datasets/classifier/val/Red/000038_frame000048_E6JUJMJ3nD.jpg,0,Red,0,Red,0.0035001954529434443,0.5,correct
000038_frame000048_VbW1BXHcFS.jpg,/home/jgaldeano/tfm/data/datasets/classifier/val/Red/000038_frame000048_VbW1BXHcFS.jpg,0,Red,0,Red,0.003178185550495982,0.5,correct
000038_frame000049_IWbQVxZCxY.jpg,/home/jgaldeano/tfm/data/datasets/classifier/val/Red/000038_frame000049_IWbQVxZCxY.jpg,0,Red,0,Red,0.003558240830898285,0.5,correct
000038_frame000049_PVuO0qWBjA.jpg,/home/jgaldeano/tfm/data/datasets/classifier/val/Red/000038_frame000049_PVuO0qWBjA.jpg,0,Red,0,Red,0.0032079434022307396,0.5,correct
000038_frame000049_bxONp-MtGD.jpg,/home/jgaldeano/tfm/data/datasets/classifier/val/Red/000038_frame000049_bxONp-MtGD.jpg,0,Red,0,Red,0.0034715004730969667,0.5,correct
000038_frame000050_1WPzJm6of7.jpg,/home/jgaldeano/tfm/data/datasets/classifier/val/Red/000038_frame000050_1WPzJm6of7.jpg,0,Red,0,Red,0.003190385177731514,0.5,correct
000038_frame000050_mjdEvbX5YW.jpg,/home/jgaldeano/tfm/data/datasets/classifier/val/Red/000038_frame000050_mjdEvbX5YW.jpg,0,Red,0,Red,0.003137571271508932,0.5,correct
000038_frame000051_NICRq3W3vc.jpg,/home/jgaldeano/tfm/data/datasets/classifier/val/Red/000038_frame000051_NICRq3W3vc.jpg,0,Red,0,Red,0.002858278574422002,0.5,correct
000038_frame000052_uScvcZTzoV.jpg,/home/jgaldeano/tfm/data/datasets/classifier/val/Red/000038_frame000052_uScvcZTzoV.jpg,0,Red,0,Red,0.002782145980745554,0.5,correct
000038_frame000053_dyNCBP3RnL.jpg,/home/jgaldeano/tfm/data/datasets/classifier/val/Red/000038_frame000053_dyNCBP3RnL.jpg,0,Red,0,Red,0.002911793300881982,0.5,correct
000038_frame000054_pduXEKULNT.jpg,/home/jgaldeano/tfm/data/datasets/classifier/val/Red/000038_frame000054_pduXEKULNT.jpg,0,Red,0,Red,0.002745542675256729,0.5,correct
000038_frame000055_s_otRDv5WD.jpg,/home/jgaldeano/tfm/data/datasets/classifier/val/Red/000038_frame000055_s_otRDv5WD.jpg,0,Red,0,Red,0.002687017899006605,0.5,correct
000038_frame000056_S-z6C0o4OC.jpg,/home/jgaldeano/tfm/data/datasets/classifier/val/Red/000038_frame000056_S-z6C0o4OC.jpg,0,Red,0,Red,0.0027448402252048254,0.5,correct
000038_frame000057_AK4SS2kv6Z.jpg,/home/jgaldeano/tfm/data/datasets/classifier/val/Red/000038_frame000057_AK4SS2kv6Z.jpg,0,Red,0,Red,0.003206539200618863,0.5,correct
000038_frame000057_BDBBotQZW-.jpg,/home/jgaldeano/tfm/data/datasets/classifier/val/Red/000038_frame000057_BDBBotQZW-.jpg,0,Red,0,Red,0.002258583204820752,0.5,correct
000038_frame000057_wUOFDLtPFs.jpg,/home/jgaldeano/tfm/data/datasets/classifier/val/Red/000038_frame000057_wUOFDLtPFs.jpg,0,Red,0,Red,0.0042618997395038605,0.5,correct
000049_frame000001_99ljZz3lJv.jpg,/home/jgaldeano/tfm/data/datasets/classifier/val/Red/000049_frame000001_99ljZz3lJv.jpg,0,Red,0,Red,0.0022223545238375664,0.5,correct
000049_frame000002_EN-R0R0ey5.jpg,/home/jgaldeano/tfm/data/datasets/classifier/val/Red/000049_frame000002_EN-R0R0ey5.jpg,0,Red,0,Red,0.0015913418028503656,0.5,correct
000049_frame000003_eeaSCi9SlH.jpg,/home/jgaldeano/tfm/data/datasets/classifier/val/Red/000049_frame000003_eeaSCi9SlH.jpg,0,Red,0,Red,0.0011180584551766515,0.5,correct
000049_frame000004_4nEDjk4EKq.jpg,/home/jgaldeano/tfm/data/datasets/classifier/val/Red/000049_frame000004_4nEDjk4EKq.jpg,0,Red,0,Red,0.0022528041154146194,0.5,correct
000049_frame000005_MidoMpBM4k.jpg,/home/jgaldeano/tfm/data/datasets/classifier/val/Red/000049_frame000005_MidoMpBM4k.jpg,0,Red,0,Red,0.0016145064728334546,0.5,correct
000049_frame000006_K52m-6IgBP.jpg,/home/jgaldeano/tfm/data/datasets/classifier/val/Red/000049_frame000006_K52m-6IgBP.jpg,0,Red,0,Red,0.0014218233991414309,0.5,correct
000049_frame000007_Eec0GpURE8.jpg,/home/jgaldeano/tfm/data/datasets/classifier/val/Red/000049_frame000007_Eec0GpURE8.jpg,0,Red,0,Red,0.001137587591074407,0.5,correct
000049_frame000008_opjcUxn5oa.jpg,/home/jgaldeano/tfm/data/datasets/classifier/val/Red/000049_frame000008_opjcUxn5oa.jpg,0,Red,0,Red,0.0010791472159326077,0.5,correct
000049_frame000009_75fqUAa4gC.jpg,/home/jgaldeano/tfm/data/datasets/classifier/val/Red/000049_frame000009_75fqUAa4gC.jpg,0,Red,0,Red,0.0010315119288861752,0.5,correct
000049_frame000010_uIilmngiHA.jpg,/home/jgaldeano/tfm/data/datasets/classifier/val/Red/000049_frame000010_uIilmngiHA.jpg,0,Red,0,Red,0.0013563765678554773,0.5,correct
000049_frame000011_NCCzCSz_gX.jpg,/home/jgaldeano/tfm/data/datasets/classifier/val/Red/000049_frame000011_NCCzCSz_gX.jpg,0,Red,0,Red,0.0015401644632220268,0.5,correct
000049_frame000012_J4n-gjODPG.jpg,/home/jgaldeano/tfm/data/datasets/classifier/val/Red/000049_frame000012_J4n-gjODPG.jpg,0,Red,0,Red,0.001526035601273179,0.5,correct
000049_frame000013_3-FCTZEYL7.jpg,/home/jgaldeano/tfm/data/datasets/classifier/val/Red/000049_frame000013_3-FCTZEYL7.jpg,0,Red,0,Red,0.0016184565611183643,0.5,correct
000049_frame000014_dV_sMvCiWj.jpg,/home/jgaldeano/tfm/data/datasets/classifier/val/Red/000049_frame000014_dV_sMvCiWj.jpg,0,Red,0,Red,0.0016514293383806944,0.5,correct
000049_frame000015_BsVyGSzYlL.jpg,/home/jgaldeano/tfm/data/datasets/classifier/val/Red/000049_frame000015_BsVyGSzYlL.jpg,0,Red,0,Red,0.001454866142012179,0.5,correct
000049_frame000016_LHMzWsYzgO.jpg,/home/jgaldeano/tfm/data/datasets/classifier/val/Red/000049_frame000016_LHMzWsYzgO.jpg,0,Red,0,Red,0.0011423907708376646,0.5,correct
000049_frame000017_MoS5iL_D7m.jpg,/home/jgaldeano/tfm/data/datasets/classifier/val/Red/000049_frame000017_MoS5iL_D7m.jpg,0,Red,0,Red,0.0009828854817897081,0.5,correct
000049_frame000018_m8FZyLsoH8.jpg,/home/jgaldeano/tfm/data/datasets/classifier/val/Red/000049_frame000018_m8FZyLsoH8.jpg,0,Red,0,Red,0.0008604171453043818,0.5,correct
000049_frame000019_k3-6-h4jfE.jpg,/home/jgaldeano/tfm/data/datasets/classifier/val/Red/000049_frame000019_k3-6-h4jfE.jpg,0,Red,0,Red,0.0008439222583547235,0.5,correct
000049_frame000020_xXpNNm6cPV.jpg,/home/jgaldeano/tfm/data/datasets/classifier/val/Red/000049_frame000020_xXpNNm6cPV.jpg,0,Red,0,Red,0.0008189443033188581,0.5,correct
000049_frame000021_BamNwyRvih.jpg,/home/jgaldeano/tfm/data/datasets/classifier/val/Red/000049_frame000021_BamNwyRvih.jpg,0,Red,0,Red,0.0008548044133931398,0.5,correct
000049_frame000022_klmt9EA89Y.jpg,/home/jgaldeano/tfm/data/datasets/classifier/val/Red/000049_frame000022_klmt9EA89Y.jpg,0,Red,0,Red,0.0007674960652366281,0.5,correct
000049_frame000023_1thhTcCyQP.jpg,/home/jgaldeano/tfm/data/datasets/classifier/val/Red/000049_frame000023_1thhTcCyQP.jpg,0,Red,0,Red,0.001080652349628508,0.5,correct
000049_frame000024_jelv4SRp5N.jpg,/home/jgaldeano/tfm/data/datasets/classifier/val/Red/000049_frame000024_jelv4SRp5N.jpg,0,Red,0,Red,0.001069680554792285,0.5,correct
000049_frame000025__dfV2GuaNh.jpg,/home/jgaldeano/tfm/data/datasets/classifier/val/Red/000049_frame000025__dfV2GuaNh.jpg,0,Red,0,Red,0.0009300896781496704,0.5,correct
000049_frame000026_kvXBO6wPJi.jpg,/home/jgaldeano/tfm/data/datasets/classifier/val/Red/000049_frame000026_kvXBO6wPJi.jpg,0,Red,0,Red,0.0009952589171007276,0.5,correct
000049_frame000027_k-ZFZlcVob.jpg,/home/jgaldeano/tfm/data/datasets/classifier/val/Red/000049_frame000027_k-ZFZlcVob.jpg,0,Red,0,Red,0.0009388806065544486,0.5,correct
000049_frame000028_vNX25leCiY.jpg,/home/jgaldeano/tfm/data/datasets/classifier/val/Red/000049_frame000028_vNX25leCiY.jpg,0,Red,0,Red,0.0011261726031079888,0.5,correct
000049_frame000029_Qu5umDwRR8.jpg,/home/jgaldeano/tfm/data/datasets/classifier/val/Red/000049_frame000029_Qu5umDwRR8.jpg,0,Red,0,Red,0.0015624708030372858,0.5,correct
000049_frame000030_5s5X2tiJB9.jpg,/home/jgaldeano/tfm/data/datasets/classifier/val/Red/000049_frame000030_5s5X2tiJB9.jpg,0,Red,0,Red,0.0011122963624075055,0.5,correct
000054_frame000001_N0lnADBIdO.jpg,/home/jgaldeano/tfm/data/datasets/classifier/val/Red/000054_frame000001_N0lnADBIdO.jpg,0,Red,0,Red,0.004567695781588554,0.5,correct
000054_frame000002_hiQ_Zek7Ie.jpg,/home/jgaldeano/tfm/data/datasets/classifier/val/Red/000054_frame000002_hiQ_Zek7Ie.jpg,0,Red,0,Red,0.00044434922165237367,0.5,correct
000054_frame000003_gJ1vMeKxCS.jpg,/home/jgaldeano/tfm/data/datasets/classifier/val/Red/000054_frame000003_gJ1vMeKxCS.jpg,0,Red,0,Red,0.0005442459369078279,0.5,correct
000054_frame000004_g3jXjfHH3Y.jpg,/home/jgaldeano/tfm/data/datasets/classifier/val/Red/000054_frame000004_g3jXjfHH3Y.jpg,0,Red,0,Red,0.0003296331560704857,0.5,correct
000054_frame000005_Fa0HvCI4S3.jpg,/home/jgaldeano/tfm/data/datasets/classifier/val/Red/000054_frame000005_Fa0HvCI4S3.jpg,0,Red,0,Red,0.0004954967298544943,0.5,correct
000054_frame000006_giw-o30T7F.jpg,/home/jgaldeano/tfm/data/datasets/classifier/val/Red/000054_frame000006_giw-o30T7F.jpg,0,Red,0,Red,0.0005557258846238256,0.5,correct
000054_frame000007_3dWo9V6LTd.jpg,/home/jgaldeano/tfm/data/datasets/classifier/val/Red/000054_frame000007_3dWo9V6LTd.jpg,0,Red,0,Red,0.0003551708359736949,0.5,correct
000054_frame000008_P2LaGDAcvY.jpg,/home/jgaldeano/tfm/data/datasets/classifier/val/Red/000054_frame000008_P2LaGDAcvY.jpg,0,Red,0,Red,0.0003016901609953493,0.5,correct
000064_frame000001_uBDDnRk_CI.jpg,/home/jgaldeano/tfm/data/datasets/classifier/val/Red/000064_frame000001_uBDDnRk_CI.jpg,0,Red,0,Red,0.002097803633660078,0.5,correct
000064_frame000002_lgZ4hRpvyi.jpg,/home/jgaldeano/tfm/data/datasets/classifier/val/Red/000064_frame000002_lgZ4hRpvyi.jpg,0,Red,0,Red,0.0013899661134928465,0.5,correct
000064_frame000003_7eb3HmOXQz.jpg,/home/jgaldeano/tfm/data/datasets/classifier/val/Red/000064_frame000003_7eb3HmOXQz.jpg,0,Red,0,Red,0.002498588291928172,0.5,correct
000064_frame000004_PDICGs8gP-.jpg,/home/jgaldeano/tfm/data/datasets/classifier/val/Red/000064_frame000004_PDICGs8gP-.jpg,0,Red,0,Red,0.0008925861911848187,0.5,correct
000064_frame000005_f9vN6ZPgM-.jpg,/home/jgaldeano/tfm/data/datasets/classifier/val/Red/000064_frame000005_f9vN6ZPgM-.jpg,0,Red,0,Red,0.001324012060649693,0.5,correct
000064_frame000006_hmy3PXKhS7.jpg,/home/jgaldeano/tfm/data/datasets/classifier/val/Red/000064_frame000006_hmy3PXKhS7.jpg,0,Red,0,Red,0.0008713511633686721,0.5,correct
000064_frame000007_BQUBpwjZy3.jpg,/home/jgaldeano/tfm/data/datasets/classifier/val/Red/000064_frame000007_BQUBpwjZy3.jpg,0,Red,0,Red,0.0011621175799518824,0.5,correct
000064_frame000008_O-kCEBJ5pL.jpg,/home/jgaldeano/tfm/data/datasets/classifier/val/Red/000064_frame000008_O-kCEBJ5pL.jpg,0,Red,0,Red,0.0018341568065807223,0.5,correct
000064_frame000009_d6YDnexQC7.jpg,/home/jgaldeano/tfm/data/datasets/classifier/val/Red/000064_frame000009_d6YDnexQC7.jpg,0,Red,0,Red,0.0014205173356458545,0.5,correct
000064_frame000010_FK_3pbNFSJ.jpg,/home/jgaldeano/tfm/data/datasets/classifier/val/Red/000064_frame000010_FK_3pbNFSJ.jpg,0,Red,0,Red,0.0015055958647280931,0.5,correct
000064_frame000011_3a83drCLwo.jpg,/home/jgaldeano/tfm/data/datasets/classifier/val/Red/000064_frame000011_3a83drCLwo.jpg,0,Red,0,Red,0.001609106664545834,0.5,correct
000064_frame000012_-qo5vitMu8.jpg,/home/jgaldeano/tfm/data/datasets/classifier/val/Red/000064_frame000012_-qo5vitMu8.jpg,0,Red,0,Red,0.004119210410863161,0.5,correct
000064_frame000013_bGUwPE9b1w.jpg,/home/jgaldeano/tfm/data/datasets/classifier/val/Red/000064_frame000013_bGUwPE9b1w.jpg,0,Red,0,Red,0.0007472813013009727,0.5,correct
000065_frame000001_Oxgi7uCN0o.jpg,/home/jgaldeano/tfm/data/datasets/classifier/val/Red/000065_frame000001_Oxgi7uCN0o.jpg,0,Red,0,Red,0.00037642987444996834,0.5,correct
000065_frame000002_HRkQwNA5Ju.jpg,/home/jgaldeano/tfm/data/datasets/classifier/val/Red/000065_frame000002_HRkQwNA5Ju.jpg,0,Red,0,Red,0.0004124381812289357,0.5,correct
000065_frame000003_VRyDZUU1dN.jpg,/home/jgaldeano/tfm/data/datasets/classifier/val/Red/000065_frame000003_VRyDZUU1dN.jpg,0,Red,0,Red,0.00038790670805610716,0.5,correct
000065_frame000004_-wVVkilllq.jpg,/home/jgaldeano/tfm/data/datasets/classifier/val/Red/000065_frame000004_-wVVkilllq.jpg,0,Red,0,Red,0.0003708798612933606,0.5,correct
000065_frame000005_G2kn95ZHfO.jpg,/home/jgaldeano/tfm/data/datasets/classifier/val/Red/000065_frame000005_G2kn95ZHfO.jpg,0,Red,0,Red,0.0003420370048843324,0.5,correct
000065_frame000006_OYLCKpCsN5.jpg,/home/jgaldeano/tfm/data/datasets/classifier/val/Red/000065_frame000006_OYLCKpCsN5.jpg,0,Red,0,Red,0.000578219594899565,0.5,correct
000065_frame000007__CLEldrdGw.jpg,/home/jgaldeano/tfm/data/datasets/classifier/val/Red/000065_frame000007__CLEldrdGw.jpg,0,Red,0,Red,0.0004254165105521679,0.5,correct
000065_frame000008_GzwqPF2Sys.jpg,/home/jgaldeano/tfm/data/datasets/classifier/val/Red/000065_frame000008_GzwqPF2Sys.jpg,0,Red,0,Red,0.0004098264325875789,0.5,correct
000065_frame000009_SVdBg1Q06u.jpg,/home/jgaldeano/tfm/data/datasets/classifier/val/Red/000065_frame000009_SVdBg1Q06u.jpg,0,Red,0,Red,0.0003171944117639214,0.5,correct
000065_frame000010_Pkhpx-XWze.jpg,/home/jgaldeano/tfm/data/datasets/classifier/val/Red/000065_frame000010_Pkhpx-XWze.jpg,0,Red,0,Red,0.0003619446069933474,0.5,correct
000065_frame000011_6T1pmI2Uxg.jpg,/home/jgaldeano/tfm/data/datasets/classifier/val/Red/000065_frame000011_6T1pmI2Uxg.jpg,0,Red,0,Red,0.0003485962806735188,0.5,correct
000071_frame000011_168kQyjSun.jpg,/home/jgaldeano/tfm/data/datasets/classifier/val/Red/000071_frame000011_168kQyjSun.jpg,0,Red,0,Red,0.0008086101152002811,0.5,correct
000078_frame000007_J9d_Ok4HVg.jpg,/home/jgaldeano/tfm/data/datasets/classifier/val/Red/000078_frame000007_J9d_Ok4HVg.jpg,0,Red,0,Red,0.0014049294404685497,0.5,correct
000086_frame000001_0wK9RC8gDC.jpg,/home/jgaldeano/tfm/data/datasets/classifier/val/Red/000086_frame000001_0wK9RC8gDC.jpg,0,Red,0,Red,0.0001391416444675997,0.5,correct
000086_frame000002_UpaTqRwrFQ.jpg,/home/jgaldeano/tfm/data/datasets/classifier/val/Red/000086_frame000002_UpaTqRwrFQ.jpg,0,Red,0,Red,0.00017789161938708276,0.5,correct
000086_frame000003_nugspXaVit.jpg,/home/jgaldeano/tfm/data/datasets/classifier/val/Red/000086_frame000003_nugspXaVit.jpg,0,Red,0,Red,0.0001403357891831547,0.5,correct
000086_frame000004_EulAsc1nON.jpg,/home/jgaldeano/tfm/data/datasets/classifier/val/Red/000086_frame000004_EulAsc1nON.jpg,0,Red,0,Red,0.00018187411478720605,0.5,correct
000086_frame000005_rmLBjk1tkY.jpg,/home/jgaldeano/tfm/data/datasets/classifier/val/Red/000086_frame000005_rmLBjk1tkY.jpg,0,Red,0,Red,0.00010074915189761668,0.5,correct
000086_frame000006_-C-51jwR2Y.jpg,/home/jgaldeano/tfm/data/datasets/classifier/val/Red/000086_frame000006_-C-51jwR2Y.jpg,0,Red,0,Red,8.244210766861215e-05,0.5,correct
000086_frame000007_x51gQ1funl.jpg,/home/jgaldeano/tfm/data/datasets/classifier/val/Red/000086_frame000007_x51gQ1funl.jpg,0,Red,0,Red,9.88088795566e-05,0.5,correct
000086_frame000008_R3NYcODH6i.jpg,/home/jgaldeano/tfm/data/datasets/classifier/val/Red/000086_frame000008_R3NYcODH6i.jpg,0,Red,0,Red,0.00010339887376176193,0.5,correct
000086_frame000009_xiDXDGvapu.jpg,/home/jgaldeano/tfm/data/datasets/classifier/val/Red/000086_frame000009_xiDXDGvapu.jpg,0,Red,0,Red,7.176212966442108e-05,0.5,correct
000086_frame000010_igNFq4xLHF.jpg,/home/jgaldeano/tfm/data/datasets/classifier/val/Red/000086_frame000010_igNFq4xLHF.jpg,0,Red,0,Red,6.534968997584656e-05,0.5,correct
000086_frame000011_jOqzptuLeA.jpg,/home/jgaldeano/tfm/data/datasets/classifier/val/Red/000086_frame000011_jOqzptuLeA.jpg,0,Red,0,Red,7.504683890147135e-05,0.5,correct
000086_frame000012_2rymbGzn1B.jpg,/home/jgaldeano/tfm/data/datasets/classifier/val/Red/000086_frame000012_2rymbGzn1B.jpg,0,Red,0,Red,7.030339475022629e-05,0.5,correct
000086_frame000013_1L4FKudHgQ.jpg,/home/jgaldeano/tfm/data/datasets/classifier/val/Red/000086_frame000013_1L4FKudHgQ.jpg,0,Red,0,Red,6.360177212627605e-05,0.5,correct
000086_frame000014_n4vzYoPA7M.jpg,/home/jgaldeano/tfm/data/datasets/classifier/val/Red/000086_frame000014_n4vzYoPA7M.jpg,0,Red,0,Red,0.00011195641127415001,0.5,correct
000086_frame000015_DZ6dp2uD8r.jpg,/home/jgaldeano/tfm/data/datasets/classifier/val/Red/000086_frame000015_DZ6dp2uD8r.jpg,0,Red,0,Red,7.457976607838646e-05,0.5,correct
000086_frame000016_o8351hjCu6.jpg,/home/jgaldeano/tfm/data/datasets/classifier/val/Red/000086_frame000016_o8351hjCu6.jpg,0,Red,0,Red,7.153912156354636e-05,0.5,correct
000086_frame000017_54t-Ksnx_L.jpg,/home/jgaldeano/tfm/data/datasets/classifier/val/Red/000086_frame000017_54t-Ksnx_L.jpg,0,Red,0,Red,7.07015351508744e-05,0.5,correct
000086_frame000018_Bcp6RsWt2K.jpg,/home/jgaldeano/tfm/data/datasets/classifier/val/Red/000086_frame000018_Bcp6RsWt2K.jpg,0,Red,0,Red,7.695198291912675e-05,0.5,correct
000086_frame000019_AKTblvzq_I.jpg,/home/jgaldeano/tfm/data/datasets/classifier/val/Red/000086_frame000019_AKTblvzq_I.jpg,0,Red,0,Red,7.512753654737025e-05,0.5,correct
000086_frame000020_5y0XupIiA3.jpg,/home/jgaldeano/tfm/data/datasets/classifier/val/Red/000086_frame000020_5y0XupIiA3.jpg,0,Red,0,Red,7.045252277748659e-05,0.5,correct
000090_frame000005_SZ6tSXzEIL.jpg,/home/jgaldeano/tfm/data/datasets/classifier/val/Red/000090_frame000005_SZ6tSXzEIL.jpg,0,Red,0,Red,0.0009051553788594902,0.5,correct
000090_frame000006_WQ7v9-CKxW.jpg,/home/jgaldeano/tfm/data/datasets/classifier/val/Red/000090_frame000006_WQ7v9-CKxW.jpg,0,Red,0,Red,0.0005740038468502462,0.5,correct
000090_frame000007_mAYY2oXp_H.jpg,/home/jgaldeano/tfm/data/datasets/classifier/val/Red/000090_frame000007_mAYY2oXp_H.jpg,0,Red,0,Red,0.00044178933603689075,0.5,correct
000096_frame000001_vE7rco-SDQ.jpg,/home/jgaldeano/tfm/data/datasets/classifier/val/Red/000096_frame000001_vE7rco-SDQ.jpg,0,Red,0,Red,3.114388164249249e-05,0.5,correct
000096_frame000002_oiakwq8jWy.jpg,/home/jgaldeano/tfm/data/datasets/classifier/val/Red/000096_frame000002_oiakwq8jWy.jpg,0,Red,0,Red,3.403371010790579e-05,0.5,correct
000096_frame000003_-R4647Xi0G.jpg,/home/jgaldeano/tfm/data/datasets/classifier/val/Red/000096_frame000003_-R4647Xi0G.jpg,0,Red,0,Red,3.0120156225166284e-05,0.5,correct
000096_frame000004_e-AHaTMWVA.jpg,/home/jgaldeano/tfm/data/datasets/classifier/val/Red/000096_frame000004_e-AHaTMWVA.jpg,0,Red,0,Red,3.427175761316903e-05,0.5,correct
000096_frame000005_9OwXfnXvi8.jpg,/home/jgaldeano/tfm/data/datasets/classifier/val/Red/000096_frame000005_9OwXfnXvi8.jpg,0,Red,0,Red,3.574514266801998e-05,0.5,correct
000096_frame000006_bN_4x35rtE.jpg,/home/jgaldeano/tfm/data/datasets/classifier/val/Red/000096_frame000006_bN_4x35rtE.jpg,0,Red,0,Red,3.5665503673953936e-05,0.5,correct
000096_frame000007_LNGc72kBo-.jpg,/home/jgaldeano/tfm/data/datasets/classifier/val/Red/000096_frame000007_LNGc72kBo-.jpg,0,Red,0,Red,3.777971141971648e-05,0.5,correct
000100_frame000002_uGmAcNivyT.jpg,/home/jgaldeano/tfm/data/datasets/classifier/val/Red/000100_frame000002_uGmAcNivyT.jpg,0,Red,0,Red,0.0005046037840656936,0.5,correct
000100_frame000003_R69lTS6MzX.jpg,/home/jgaldeano/tfm/data/datasets/classifier/val/Red/000100_frame000003_R69lTS6MzX.jpg,0,Red,0,Red,0.0005524978623725474,0.5,correct
000100_frame000005_XXPS_gX6Za.jpg,/home/jgaldeano/tfm/data/datasets/classifier/val/Red/000100_frame000005_XXPS_gX6Za.jpg,0,Red,0,Red,0.0007200855761766434,0.5,correct
000100_frame000006_pbGghCN8Xp.jpg,/home/jgaldeano/tfm/data/datasets/classifier/val/Red/000100_frame000006_pbGghCN8Xp.jpg,0,Red,0,Red,0.00038281726301647723,0.5,correct
000100_frame000008_1kCyIX5Q63.jpg,/home/jgaldeano/tfm/data/datasets/classifier/val/Red/000100_frame000008_1kCyIX5Q63.jpg,0,Red,0,Red,0.000516117550432682,0.5,correct
000100_frame000009_ZvNYcXtlqd.jpg,/home/jgaldeano/tfm/data/datasets/classifier/val/Red/000100_frame000009_ZvNYcXtlqd.jpg,0,Red,0,Red,0.0006346067530103028,0.5,correct
000100_frame000011_QhRkrx5Q39.jpg,/home/jgaldeano/tfm/data/datasets/classifier/val/Red/000100_frame000011_QhRkrx5Q39.jpg,0,Red,0,Red,0.01541433110833168,0.5,correct
000100_frame000011_cpGtbJJXfs.jpg,/home/jgaldeano/tfm/data/datasets/classifier/val/Red/000100_frame000011_cpGtbJJXfs.jpg,0,Red,0,Red,0.00045193012920208275,0.5,correct
000100_frame000012_O1ceHP5WWP.jpg,/home/jgaldeano/tfm/data/datasets/classifier/val/Red/000100_frame000012_O1ceHP5WWP.jpg,0,Red,0,Red,0.0004312637902330607,0.5,correct
000100_frame000012_WR4S5NdGaa.jpg,/home/jgaldeano/tfm/data/datasets/classifier/val/Red/000100_frame000012_WR4S5NdGaa.jpg,0,Red,0,Red,0.010256581008434296,0.5,correct
000100_frame000014_KJko6ueORI.jpg,/home/jgaldeano/tfm/data/datasets/classifier/val/Red/000100_frame000014_KJko6ueORI.jpg,0,Red,0,Red,0.013004994951188564,0.5,correct
000100_frame000014_P4WtaNbWN_.jpg,/home/jgaldeano/tfm/data/datasets/classifier/val/Red/000100_frame000014_P4WtaNbWN_.jpg,0,Red,0,Red,0.00033993180841207504,0.5,correct
000100_frame000015_FWATpUGBVZ.jpg,/home/jgaldeano/tfm/data/datasets/classifier/val/Red/000100_frame000015_FWATpUGBVZ.jpg,0,Red,0,Red,0.00036668041138909757,0.5,correct
000100_frame000015_n95BMng4nt.jpg,/home/jgaldeano/tfm/data/datasets/classifier/val/Red/000100_frame000015_n95BMng4nt.jpg,0,Red,0,Red,0.009086943231523037,0.5,correct
000102_frame000001_hU3ci6FxZn.jpg,/home/jgaldeano/tfm/data/datasets/classifier/val/Red/000102_frame000001_hU3ci6FxZn.jpg,0,Red,0,Red,0.00016440915351267904,0.5,correct
000102_frame000002_ulYYQV5X4w.jpg,/home/jgaldeano/tfm/data/datasets/classifier/val/Red/000102_frame000002_ulYYQV5X4w.jpg,0,Red,0,Red,0.0001462256332160905,0.5,correct
000102_frame000003_tLGBkaydvN.jpg,/home/jgaldeano/tfm/data/datasets/classifier/val/Red/000102_frame000003_tLGBkaydvN.jpg,0,Red,0,Red,0.0001607878803042695,0.5,correct
000102_frame000004_a9EV3GY2ml.jpg,/home/jgaldeano/tfm/data/datasets/classifier/val/Red/000102_frame000004_a9EV3GY2ml.jpg,0,Red,0,Red,0.00019636511569842696,0.5,correct
000102_frame000005_uD-HT3fBdH.jpg,/home/jgaldeano/tfm/data/datasets/classifier/val/Red/000102_frame000005_uD-HT3fBdH.jpg,0,Red,0,Red,0.0001460461353417486,0.5,correct
000104_frame000001_fc923_x29m.jpg,/home/jgaldeano/tfm/data/datasets/classifier/val/Red/000104_frame000001_fc923_x29m.jpg,0,Red,0,Red,6.58613134874031e-05,0.5,correct
000104_frame000002_Xmi1XnxQ0_.jpg,/home/jgaldeano/tfm/data/datasets/classifier/val/Red/000104_frame000002_Xmi1XnxQ0_.jpg,0,Red,0,Red,6.6291046096012e-05,0.5,correct
000104_frame000003_BxAmcM-lyI.jpg,/home/jgaldeano/tfm/data/datasets/classifier/val/Red/000104_frame000003_BxAmcM-lyI.jpg,0,Red,0,Red,7.42395204724744e-05,0.5,correct
000104_frame000004_PTJGRrkSQc.jpg,/home/jgaldeano/tfm/data/datasets/classifier/val/Red/000104_frame000004_PTJGRrkSQc.jpg,0,Red,0,Red,5.6433211284456775e-05,0.5,correct
000104_frame000005_tn6RX2pAd9.jpg,/home/jgaldeano/tfm/data/datasets/classifier/val/Red/000104_frame000005_tn6RX2pAd9.jpg,0,Red,0,Red,7.181868568295613e-05,0.5,correct
000104_frame000006_W_s7x86eZf.jpg,/home/jgaldeano/tfm/data/datasets/classifier/val/Red/000104_frame000006_W_s7x86eZf.jpg,0,Red,0,Red,7.055652531562373e-05,0.5,correct
000104_frame000007_llvVpw1MYd.jpg,/home/jgaldeano/tfm/data/datasets/classifier/val/Red/000104_frame000007_llvVpw1MYd.jpg,0,Red,0,Red,7.090490544214845e-05,0.5,correct
000104_frame000008_3MKu85wA65.jpg,/home/jgaldeano/tfm/data/datasets/classifier/val/Red/000104_frame000008_3MKu85wA65.jpg,0,Red,0,Red,0.00010452813148731366,0.5,correct
000104_frame000009_w1NG4vI_9D.jpg,/home/jgaldeano/tfm/data/datasets/classifier/val/Red/000104_frame000009_w1NG4vI_9D.jpg,0,Red,0,Red,0.00011887805885635316,0.5,correct
000104_frame000010_ZtwM3f4vbh.jpg,/home/jgaldeano/tfm/data/datasets/classifier/val/Red/000104_frame000010_ZtwM3f4vbh.jpg,0,Red,0,Red,0.00012339363456703722,0.5,correct
000104_frame000011_muM1j4231B.jpg,/home/jgaldeano/tfm/data/datasets/classifier/val/Red/000104_frame000011_muM1j4231B.jpg,0,Red,0,Red,0.00010473875590832904,0.5,correct
000104_frame000012_c-_-PImWT0.jpg,/home/jgaldeano/tfm/data/datasets/classifier/val/Red/000104_frame000012_c-_-PImWT0.jpg,0,Red,0,Red,8.71308075147681e-05,0.5,correct
000104_frame000013_45IbFF8v1j.jpg,/home/jgaldeano/tfm/data/datasets/classifier/val/Red/000104_frame000013_45IbFF8v1j.jpg,0,Red,0,Red,8.432089816778898e-05,0.5,correct
000104_frame000014_O4xRNZaGTd.jpg,/home/jgaldeano/tfm/data/datasets/classifier/val/Red/000104_frame000014_O4xRNZaGTd.jpg,0,Red,0,Red,0.0003661972878035158,0.5,correct
000104_frame000014_QVPnCNqbeh.jpg,/home/jgaldeano/tfm/data/datasets/classifier/val/Red/000104_frame000014_QVPnCNqbeh.jpg,0,Red,0,Red,6.063526598154567e-05,0.5,correct
000104_frame000015_Un_8Dx9U7s.jpg,/home/jgaldeano/tfm/data/datasets/classifier/val/Red/000104_frame000015_Un_8Dx9U7s.jpg,0,Red,0,Red,0.00039171750540845096,0.5,correct
000104_frame000016_PE_0nnEd4O.jpg,/home/jgaldeano/tfm/data/datasets/classifier/val/Red/000104_frame000016_PE_0nnEd4O.jpg,0,Red,0,Red,0.0002917364181485027,0.5,correct
000104_frame000017_ljpTV8pqKP.jpg,/home/jgaldeano/tfm/data/datasets/classifier/val/Red/000104_frame000017_ljpTV8pqKP.jpg,0,Red,0,Red,0.00018693649326451123,0.5,correct
000104_frame000018_oksXlVvdod.jpg,/home/jgaldeano/tfm/data/datasets/classifier/val/Red/000104_frame000018_oksXlVvdod.jpg,0,Red,0,Red,0.00020527525339275599,0.5,correct
000104_frame000022_OVBWEvZcV0.jpg,/home/jgaldeano/tfm/data/datasets/classifier/val/Red/000104_frame000022_OVBWEvZcV0.jpg,0,Red,0,Red,4.50088300567586e-05,0.5,correct
000104_frame000023_BohYDsnKsk.jpg,/home/jgaldeano/tfm/data/datasets/classifier/val/Red/000104_frame000023_BohYDsnKsk.jpg,0,Red,0,Red,6.054998448234983e-05,0.5,correct
000104_frame000024_fBCSgt6J-B.jpg,/home/jgaldeano/tfm/data/datasets/classifier/val/Red/000104_frame000024_fBCSgt6J-B.jpg,0,Red,0,Red,7.710881618550047e-05,0.5,correct
000104_frame000025_hUgDJpw2sV.jpg,/home/jgaldeano/tfm/data/datasets/classifier/val/Red/000104_frame000025_hUgDJpw2sV.jpg,0,Red,0,Red,9.716727799968794e-05,0.5,correct
000104_frame000027_oPESmZTnUu.jpg,/home/jgaldeano/tfm/data/datasets/classifier/val/Red/000104_frame000027_oPESmZTnUu.jpg,0,Red,0,Red,8.915732178138569e-05,0.5,correct
000105_frame000001__Y-afcetmp.jpg,/home/jgaldeano/tfm/data/datasets/classifier/val/Red/000105_frame000001__Y-afcetmp.jpg,0,Red,0,Red,0.0033750368747860193,0.5,correct
000105_frame000001__wFQzkHEcG.jpg,/home/jgaldeano/tfm/data/datasets/classifier/val/Red/000105_frame000001__wFQzkHEcG.jpg,0,Red,0,Red,0.00040434501715935767,0.5,correct
000105_frame000002_9iC7eRkShN.jpg,/home/jgaldeano/tfm/data/datasets/classifier/val/Red/000105_frame000002_9iC7eRkShN.jpg,0,Red,0,Red,0.001862267847172916,0.5,correct
000105_frame000002_PPdDsHemU8.jpg,/home/jgaldeano/tfm/data/datasets/classifier/val/Red/000105_frame000002_PPdDsHemU8.jpg,0,Red,0,Red,0.0002444217388983816,0.5,correct
000105_frame000003_LmUnZPXKaP.jpg,/home/jgaldeano/tfm/data/datasets/classifier/val/Red/000105_frame000003_LmUnZPXKaP.jpg,0,Red,0,Red,0.00030444521689787507,0.5,correct
000105_frame000003_Z4hQ27sd62.jpg,/home/jgaldeano/tfm/data/datasets/classifier/val/Red/000105_frame000003_Z4hQ27sd62.jpg,0,Red,0,Red,0.004088995978236198,0.5,correct
000105_frame000004_gwfvwMeo2u.jpg,/home/jgaldeano/tfm/data/datasets/classifier/val/Red/000105_frame000004_gwfvwMeo2u.jpg,0,Red,0,Red,0.0002947977336589247,0.5,correct
000105_frame000004_j2JAdQaOJ3.jpg,/home/jgaldeano/tfm/data/datasets/classifier/val/Red/000105_frame000004_j2JAdQaOJ3.jpg,0,Red,0,Red,0.007234339136630297,0.5,correct
000105_frame000005_HeYGsiVHCk.jpg,/home/jgaldeano/tfm/data/datasets/classifier/val/Red/000105_frame000005_HeYGsiVHCk.jpg,0,Red,0,Red,0.0003831706999335438,0.5,correct
000105_frame000005_yIIH8y3z4v.jpg,/home/jgaldeano/tfm/data/datasets/classifier/val/Red/000105_frame000005_yIIH8y3z4v.jpg,0,Red,0,Red,0.0019610633607953787,0.5,correct
000105_frame000006_jDwpONz73K.jpg,/home/jgaldeano/tfm/data/datasets/classifier/val/Red/000105_frame000006_jDwpONz73K.jpg,0,Red,0,Red,0.0003182543150614947,0.5,correct
000105_frame000006_jUH6wVW6ZN.jpg,/home/jgaldeano/tfm/data/datasets/classifier/val/Red/000105_frame000006_jUH6wVW6ZN.jpg,0,Red,0,Red,0.0014660493470728397,0.5,correct
000105_frame000007_N5fsKB8TEZ.jpg,/home/jgaldeano/tfm/data/datasets/classifier/val/Red/000105_frame000007_N5fsKB8TEZ.jpg,0,Red,0,Red,0.006049291230738163,0.5,correct
000105_frame000007_pJDLZw83Se.jpg,/home/jgaldeano/tfm/data/datasets/classifier/val/Red/000105_frame000007_pJDLZw83Se.jpg,0,Red,0,Red,0.0004763167235068977,0.5,correct
000105_frame000008_jStbgay23p.jpg,/home/jgaldeano/tfm/data/datasets/classifier/val/Red/000105_frame000008_jStbgay23p.jpg,0,Red,0,Red,0.00030817172955721617,0.5,correct
000105_frame000009_lacnsc5Gh2.jpg,/home/jgaldeano/tfm/data/datasets/classifier/val/Red/000105_frame000009_lacnsc5Gh2.jpg,0,Red,0,Red,0.0004921007202938199,0.5,correct
000105_frame000009_rS2dZ3fw_F.jpg,/home/jgaldeano/tfm/data/datasets/classifier/val/Red/000105_frame000009_rS2dZ3fw_F.jpg,0,Red,0,Red,0.01229904219508171,0.5,correct
000105_frame000010_4fkV9DZIkV.jpg,/home/jgaldeano/tfm/data/datasets/classifier/val/Red/000105_frame000010_4fkV9DZIkV.jpg,0,Red,0,Red,0.0005159220308996737,0.5,correct
000105_frame000010_fAjfpt1TSF.jpg,/home/jgaldeano/tfm/data/datasets/classifier/val/Red/000105_frame000010_fAjfpt1TSF.jpg,0,Red,0,Red,0.025687122717499733,0.5,correct
000105_frame000011_4O8A9DQN4D.jpg,/home/jgaldeano/tfm/data/datasets/classifier/val/Red/000105_frame000011_4O8A9DQN4D.jpg,0,Red,0,Red,0.0005689052632078528,0.5,correct
000105_frame000011_S1vvukzxXf.jpg,/home/jgaldeano/tfm/data/datasets/classifier/val/Red/000105_frame000011_S1vvukzxXf.jpg,0,Red,0,Red,0.05116097629070282,0.5,correct
000105_frame000012_3tCDW1R-oK.jpg,/home/jgaldeano/tfm/data/datasets/classifier/val/Red/000105_frame000012_3tCDW1R-oK.jpg,0,Red,0,Red,0.06540675461292267,0.5,correct
000105_frame000012_zTZ7i9UQAP.jpg,/home/jgaldeano/tfm/data/datasets/classifier/val/Red/000105_frame000012_zTZ7i9UQAP.jpg,0,Red,0,Red,0.00046627168194390833,0.5,correct
000105_frame000013_5M0fODUqsu.jpg,/home/jgaldeano/tfm/data/datasets/classifier/val/Red/000105_frame000013_5M0fODUqsu.jpg,0,Red,0,Red,0.043448977172374725,0.5,correct
000105_frame000013_UEhFzmDaGJ.jpg,/home/jgaldeano/tfm/data/datasets/classifier/val/Red/000105_frame000013_UEhFzmDaGJ.jpg,0,Red,0,Red,0.00047578016528859735,0.5,correct
000105_frame000014__yIx6iH_FL.jpg,/home/jgaldeano/tfm/data/datasets/classifier/val/Red/000105_frame000014__yIx6iH_FL.jpg,0,Red,0,Red,0.00036120606819167733,0.5,correct
000105_frame000014_wLSnKEL_DV.jpg,/home/jgaldeano/tfm/data/datasets/classifier/val/Red/000105_frame000014_wLSnKEL_DV.jpg,0,Red,0,Red,0.011005300097167492,0.5,correct
000105_frame000015_MPqnJCec2K.jpg,/home/jgaldeano/tfm/data/datasets/classifier/val/Red/000105_frame000015_MPqnJCec2K.jpg,0,Red,0,Red,0.0003853263915516436,0.5,correct
000105_frame000015_Sc2zEld3-M.jpg,/home/jgaldeano/tfm/data/datasets/classifier/val/Red/000105_frame000015_Sc2zEld3-M.jpg,0,Red,0,Red,0.005292379762977362,0.5,correct
000105_frame000016_Z4p-cYZVMB.jpg,/home/jgaldeano/tfm/data/datasets/classifier/val/Red/000105_frame000016_Z4p-cYZVMB.jpg,0,Red,0,Red,0.009548398666083813,0.5,correct
000105_frame000016_dsDFlaPdc-.jpg,/home/jgaldeano/tfm/data/datasets/classifier/val/Red/000105_frame000016_dsDFlaPdc-.jpg,0,Red,0,Red,0.0003815855598077178,0.5,correct
000105_frame000017_iTRrewGbQP.jpg,/home/jgaldeano/tfm/data/datasets/classifier/val/Red/000105_frame000017_iTRrewGbQP.jpg,0,Red,0,Red,0.005836155731230974,0.5,correct
000105_frame000017_nyx5cKxLyD.jpg,/home/jgaldeano/tfm/data/datasets/classifier/val/Red/000105_frame000017_nyx5cKxLyD.jpg,0,Red,0,Red,0.0002547791809774935,0.5,correct
000105_frame000018_3VU-ai-ZfC.jpg,/home/jgaldeano/tfm/data/datasets/classifier/val/Red/000105_frame000018_3VU-ai-ZfC.jpg,0,Red,0,Red,0.008817007765173912,0.5,correct
000105_frame000018_PMex0w7Xor.jpg,/home/jgaldeano/tfm/data/datasets/classifier/val/Red/000105_frame000018_PMex0w7Xor.jpg,0,Red,0,Red,0.00019253457139711827,0.5,correct
000105_frame000019_3K4k2D3MSz.jpg,/home/jgaldeano/tfm/data/datasets/classifier/val/Red/000105_frame000019_3K4k2D3MSz.jpg,0,Red,0,Red,0.00022416231513489038,0.5,correct
000105_frame000019_DHe7XqNpXt.jpg,/home/jgaldeano/tfm/data/datasets/classifier/val/Red/000105_frame000019_DHe7XqNpXt.jpg,0,Red,0,Red,0.010241571813821793,0.5,correct
000105_frame000020_KpWQBV28rJ.jpg,/home/jgaldeano/tfm/data/datasets/classifier/val/Red/000105_frame000020_KpWQBV28rJ.jpg,0,Red,0,Red,0.0002908155438490212,0.5,correct
000105_frame000020_PlxKx6wVlY.jpg,/home/jgaldeano/tfm/data/datasets/classifier/val/Red/000105_frame000020_PlxKx6wVlY.jpg,0,Red,0,Red,0.010364238172769547,0.5,correct
000105_frame000021_-AuC2rEuJk.jpg,/home/jgaldeano/tfm/data/datasets/classifier/val/Red/000105_frame000021_-AuC2rEuJk.jpg,0,Red,0,Red,0.0002329476410523057,0.5,correct
000105_frame000021_sldr_lpSI2.jpg,/home/jgaldeano/tfm/data/datasets/classifier/val/Red/000105_frame000021_sldr_lpSI2.jpg,0,Red,0,Red,0.010862169787287712,0.5,correct
000105_frame000022_Xk6eldP6YS.jpg,/home/jgaldeano/tfm/data/datasets/classifier/val/Red/000105_frame000022_Xk6eldP6YS.jpg,0,Red,0,Red,0.008392706513404846,0.5,correct
000105_frame000022_toqTHaWjCa.jpg,/home/jgaldeano/tfm/data/datasets/classifier/val/Red/000105_frame000022_toqTHaWjCa.jpg,0,Red,0,Red,0.00021255570754874498,0.5,correct
000105_frame000023_MGZTCXu9Ps.jpg,/home/jgaldeano/tfm/data/datasets/classifier/val/Red/000105_frame000023_MGZTCXu9Ps.jpg,0,Red,0,Red,0.0046509141102433205,0.5,correct
000105_frame000023_OtAu23NuFv.jpg,/home/jgaldeano/tfm/data/datasets/classifier/val/Red/000105_frame000023_OtAu23NuFv.jpg,0,Red,0,Red,0.00020652306557167321,0.5,correct
000105_frame000024_qz-nJt6XxV.jpg,/home/jgaldeano/tfm/data/datasets/classifier/val/Red/000105_frame000024_qz-nJt6XxV.jpg,0,Red,0,Red,0.002912444295361638,0.5,correct
000105_frame000024_sJ9OShKV4y.jpg,/home/jgaldeano/tfm/data/datasets/classifier/val/Red/000105_frame000024_sJ9OShKV4y.jpg,0,Red,0,Red,0.00028042771737091243,0.5,correct
000105_frame000025_FZUN7SDU2n.jpg,/home/jgaldeano/tfm/data/datasets/classifier/val/Red/000105_frame000025_FZUN7SDU2n.jpg,0,Red,0,Red,0.0003037734131794423,0.5,correct
000105_frame000025_PAr_WBYOTG.jpg,/home/jgaldeano/tfm/data/datasets/classifier/val/Red/000105_frame000025_PAr_WBYOTG.jpg,0,Red,0,Red,0.0032740700989961624,0.5,correct
000105_frame000026_ZJ-DKkhgnX.jpg,/home/jgaldeano/tfm/data/datasets/classifier/val/Red/000105_frame000026_ZJ-DKkhgnX.jpg,0,Red,0,Red,0.0003659296198748052,0.5,correct
000105_frame000027_Bklw6peZw0.jpg,/home/jgaldeano/tfm/data/datasets/classifier/val/Red/000105_frame000027_Bklw6peZw0.jpg,0,Red,0,Red,0.0003260501252952963,0.5,correct
000105_frame000028_okwxAJb-xo.jpg,/home/jgaldeano/tfm/data/datasets/classifier/val/Red/000105_frame000028_okwxAJb-xo.jpg,0,Red,0,Red,0.00033573684049770236,0.5,correct
000105_frame000029_o3vkMg6rXI.jpg,/home/jgaldeano/tfm/data/datasets/classifier/val/Red/000105_frame000029_o3vkMg6rXI.jpg,0,Red,0,Red,0.00038484844844788313,0.5,correct
000105_frame000030_ReC8eptnSX.jpg,/home/jgaldeano/tfm/data/datasets/classifier/val/Red/000105_frame000030_ReC8eptnSX.jpg,0,Red,0,Red,0.0003196799079887569,0.5,correct
000105_frame000031_tt7e7W2YuR.jpg,/home/jgaldeano/tfm/data/datasets/classifier/val/Red/000105_frame000031_tt7e7W2YuR.jpg,0,Red,0,Red,0.0004725635517388582,0.5,correct
000105_frame000032_gx1-E-svn4.jpg,/home/jgaldeano/tfm/data/datasets/classifier/val/Red/000105_frame000032_gx1-E-svn4.jpg,0,Red,0,Red,0.0003587939136195928,0.5,correct
000105_frame000033_ZjvEf7GJ1Y.jpg,/home/jgaldeano/tfm/data/datasets/classifier/val/Red/000105_frame000033_ZjvEf7GJ1Y.jpg,0,Red,0,Red,0.0003377578395884484,0.5,correct
000105_frame000034_0mIz_a8JFb.jpg,/home/jgaldeano/tfm/data/datasets/classifier/val/Red/000105_frame000034_0mIz_a8JFb.jpg,0,Red,0,Red,0.0002588974602986127,0.5,correct
000105_frame000034_bedlm3_p7d.jpg,/home/jgaldeano/tfm/data/datasets/classifier/val/Red/000105_frame000034_bedlm3_p7d.jpg,0,Red,0,Red,0.013359772972762585,0.5,correct
000109_frame000001_jm_22-OSxV.jpg,/home/jgaldeano/tfm/data/datasets/classifier/val/Red/000109_frame000001_jm_22-OSxV.jpg,0,Red,0,Red,0.00016015424625948071,0.5,correct
000109_frame000001_tXwliuXdNW.jpg,/home/jgaldeano/tfm/data/datasets/classifier/val/Red/000109_frame000001_tXwliuXdNW.jpg,0,Red,0,Red,0.0003622231597546488,0.5,correct
000109_frame000002_t1b5ITLywu.jpg,/home/jgaldeano/tfm/data/datasets/classifier/val/Red/000109_frame000002_t1b5ITLywu.jpg,0,Red,0,Red,0.0002453662164043635,0.5,correct
000109_frame000002_unjLUGXLmz.jpg,/home/jgaldeano/tfm/data/datasets/classifier/val/Red/000109_frame000002_unjLUGXLmz.jpg,0,Red,0,Red,0.0003325452853459865,0.5,correct
000109_frame000003_HGb8ZbQICa.jpg,/home/jgaldeano/tfm/data/datasets/classifier/val/Red/000109_frame000003_HGb8ZbQICa.jpg,0,Red,0,Red,0.00015650408749934286,0.5,correct
000109_frame000003_XVbCjW0dyZ.jpg,/home/jgaldeano/tfm/data/datasets/classifier/val/Red/000109_frame000003_XVbCjW0dyZ.jpg,0,Red,0,Red,0.00043285381980240345,0.5,correct
000109_frame000004_Rrn-cQyXak.jpg,/home/jgaldeano/tfm/data/datasets/classifier/val/Red/000109_frame000004_Rrn-cQyXak.jpg,0,Red,0,Red,0.00046153520816005766,0.5,correct
000109_frame000004_lXYm5YgWJu.jpg,/home/jgaldeano/tfm/data/datasets/classifier/val/Red/000109_frame000004_lXYm5YgWJu.jpg,0,Red,0,Red,0.00022335928224492818,0.5,correct
000109_frame000005_MDz1GQqeHg.jpg,/home/jgaldeano/tfm/data/datasets/classifier/val/Red/000109_frame000005_MDz1GQqeHg.jpg,0,Red,0,Red,0.0002703721693251282,0.5,correct
000109_frame000005_qi5GMoBM49.jpg,/home/jgaldeano/tfm/data/datasets/classifier/val/Red/000109_frame000005_qi5GMoBM49.jpg,0,Red,0,Red,0.00046124894288368523,0.5,correct
000109_frame000006_HrUZUwPL-k.jpg,/home/jgaldeano/tfm/data/datasets/classifier/val/Red/000109_frame000006_HrUZUwPL-k.jpg,0,Red,0,Red,0.00031106689129956067,0.5,correct
000109_frame000006_ieopk4KBLC.jpg,/home/jgaldeano/tfm/data/datasets/classifier/val/Red/000109_frame000006_ieopk4KBLC.jpg,0,Red,0,Red,0.00048774181050248444,0.5,correct
000109_frame000007_LUZdehy5uP.jpg,/home/jgaldeano/tfm/data/datasets/classifier/val/Red/000109_frame000007_LUZdehy5uP.jpg,0,Red,0,Red,0.0003994797880295664,0.5,correct
000109_frame000007_yHDIrGQYzW.jpg,/home/jgaldeano/tfm/data/datasets/classifier/val/Red/000109_frame000007_yHDIrGQYzW.jpg,0,Red,0,Red,0.0003203229862265289,0.5,correct
000109_frame000008_Z6vzVl4Edl.jpg,/home/jgaldeano/tfm/data/datasets/classifier/val/Red/000109_frame000008_Z6vzVl4Edl.jpg,0,Red,0,Red,0.0004689832276199013,0.5,correct
000109_frame000009_uJw9i5Uccx.jpg,/home/jgaldeano/tfm/data/datasets/classifier/val/Red/000109_frame000009_uJw9i5Uccx.jpg,0,Red,0,Red,0.0004481607466004789,0.5,correct
000109_frame000010_enyORGOCmd.jpg,/home/jgaldeano/tfm/data/datasets/classifier/val/Red/000109_frame000010_enyORGOCmd.jpg,0,Red,0,Red,0.0004840172186959535,0.5,correct
000109_frame000011_jsFsIj0Ah3.jpg,/home/jgaldeano/tfm/data/datasets/classifier/val/Red/000109_frame000011_jsFsIj0Ah3.jpg,0,Red,0,Red,0.0005245303618721664,0.5,correct
000109_frame000012_3i8h66dgC8.jpg,/home/jgaldeano/tfm/data/datasets/classifier/val/Red/000109_frame000012_3i8h66dgC8.jpg,0,Red,0,Red,0.0004837439046241343,0.5,correct
000109_frame000013_EMCiXf4qAV.jpg,/home/jgaldeano/tfm/data/datasets/classifier/val/Red/000109_frame000013_EMCiXf4qAV.jpg,0,Red,0,Red,0.00046124079381115735,0.5,correct
000109_frame000014_qjH0SD-mvh.jpg,/home/jgaldeano/tfm/data/datasets/classifier/val/Red/000109_frame000014_qjH0SD-mvh.jpg,0,Red,0,Red,0.00048473282367922366,0.5,correct
000109_frame000015_COVC8Y2ru-.jpg,/home/jgaldeano/tfm/data/datasets/classifier/val/Red/000109_frame000015_COVC8Y2ru-.jpg,0,Red,0,Red,0.00040509330574423075,0.5,correct
000109_frame000016_3dPjo-x1Qq.jpg,/home/jgaldeano/tfm/data/datasets/classifier/val/Red/000109_frame000016_3dPjo-x1Qq.jpg,0,Red,0,Red,0.00047839072067290545,0.5,correct
000109_frame000017_NiiO8HPWwE.jpg,/home/jgaldeano/tfm/data/datasets/classifier/val/Red/000109_frame000017_NiiO8HPWwE.jpg,0,Red,0,Red,0.0004511491279117763,0.5,correct
000109_frame000018_IkPQZ778Jn.jpg,/home/jgaldeano/tfm/data/datasets/classifier/val/Red/000109_frame000018_IkPQZ778Jn.jpg,0,Red,0,Red,0.0004575365746859461,0.5,correct
000109_frame000019_6tVHy02UjS.jpg,/home/jgaldeano/tfm/data/datasets/classifier/val/Red/000109_frame000019_6tVHy02UjS.jpg,0,Red,0,Red,0.0003746859438251704,0.5,correct
000109_frame000020_G3l5_Tv94v.jpg,/home/jgaldeano/tfm/data/datasets/classifier/val/Red/000109_frame000020_G3l5_Tv94v.jpg,0,Red,0,Red,0.000534586317371577,0.5,correct
000109_frame000021_d9KXFm12q-.jpg,/home/jgaldeano/tfm/data/datasets/classifier/val/Red/000109_frame000021_d9KXFm12q-.jpg,0,Red,0,Red,0.0004742492747027427,0.5,correct
000109_frame000022_kuH_ytttIG.jpg,/home/jgaldeano/tfm/data/datasets/classifier/val/Red/000109_frame000022_kuH_ytttIG.jpg,0,Red,0,Red,0.0004582346882671118,0.5,correct
000109_frame000023_dwoXjo7xPa.jpg,/home/jgaldeano/tfm/data/datasets/classifier/val/Red/000109_frame000023_dwoXjo7xPa.jpg,0,Red,0,Red,0.0004915714380331337,0.5,correct
000109_frame000024_xJleH5t2h1.jpg,/home/jgaldeano/tfm/data/datasets/classifier/val/Red/000109_frame000024_xJleH5t2h1.jpg,0,Red,0,Red,0.0004599181702360511,0.5,correct
000109_frame000025_48XFwbaNGN.jpg,/home/jgaldeano/tfm/data/datasets/classifier/val/Red/000109_frame000025_48XFwbaNGN.jpg,0,Red,0,Red,0.0003641789371613413,0.5,correct
000110_frame000001_5_Qx01y_nl.jpg,/home/jgaldeano/tfm/data/datasets/classifier/val/Red/000110_frame000001_5_Qx01y_nl.jpg,0,Red,0,Red,0.0003675413900054991,0.5,correct
000110_frame000001_ysdVA9yvLz.jpg,/home/jgaldeano/tfm/data/datasets/classifier/val/Red/000110_frame000001_ysdVA9yvLz.jpg,0,Red,0,Red,0.00038921242230571806,0.5,correct
000110_frame000002_Pomk1hYsiu.jpg,/home/jgaldeano/tfm/data/datasets/classifier/val/Red/000110_frame000002_Pomk1hYsiu.jpg,0,Red,0,Red,0.0006118999444879591,0.5,correct
000110_frame000002_WTp0hEiS3-.jpg,/home/jgaldeano/tfm/data/datasets/classifier/val/Red/000110_frame000002_WTp0hEiS3-.jpg,0,Red,0,Red,0.000440477131633088,0.5,correct
000110_frame000003_PK5iMEejXn.jpg,/home/jgaldeano/tfm/data/datasets/classifier/val/Red/000110_frame000003_PK5iMEejXn.jpg,0,Red,0,Red,0.0005634129629470408,0.5,correct
000110_frame000003_whiVzZCgCZ.jpg,/home/jgaldeano/tfm/data/datasets/classifier/val/Red/000110_frame000003_whiVzZCgCZ.jpg,0,Red,0,Red,0.000367790024029091,0.5,correct
000110_frame000004_Ou4Fyvx0Co.jpg,/home/jgaldeano/tfm/data/datasets/classifier/val/Red/000110_frame000004_Ou4Fyvx0Co.jpg,0,Red,0,Red,0.0006112027913331985,0.5,correct
000110_frame000004_lSobUE-ATy.jpg,/home/jgaldeano/tfm/data/datasets/classifier/val/Red/000110_frame000004_lSobUE-ATy.jpg,0,Red,0,Red,0.0005891097243875265,0.5,correct
000110_frame000005_IM1nwsuvZF.jpg,/home/jgaldeano/tfm/data/datasets/classifier/val/Red/000110_frame000005_IM1nwsuvZF.jpg,0,Red,0,Red,0.0005701463669538498,0.5,correct
000110_frame000005_wZGQXzuIuD.jpg,/home/jgaldeano/tfm/data/datasets/classifier/val/Red/000110_frame000005_wZGQXzuIuD.jpg,0,Red,0,Red,0.00041895839967764914,0.5,correct
000110_frame000006_GkcPYszHdl.jpg,/home/jgaldeano/tfm/data/datasets/classifier/val/Red/000110_frame000006_GkcPYszHdl.jpg,0,Red,0,Red,0.0005727791576646268,0.5,correct
000110_frame000006_mjW_Vhrzgf.jpg,/home/jgaldeano/tfm/data/datasets/classifier/val/Red/000110_frame000006_mjW_Vhrzgf.jpg,0,Red,0,Red,0.0007847212837077677,0.5,correct
000110_frame000007_6hVjxwH7pN.jpg,/home/jgaldeano/tfm/data/datasets/classifier/val/Red/000110_frame000007_6hVjxwH7pN.jpg,0,Red,0,Red,0.0015369245084002614,0.5,correct
000110_frame000007_fcv1VCP8zE.jpg,/home/jgaldeano/tfm/data/datasets/classifier/val/Red/000110_frame000007_fcv1VCP8zE.jpg,0,Red,0,Red,0.0006201444193720818,0.5,correct
000110_frame000008_CoOdkwgaBH.jpg,/home/jgaldeano/tfm/data/datasets/classifier/val/Red/000110_frame000008_CoOdkwgaBH.jpg,0,Red,0,Red,0.0004302539164200425,0.5,correct
000110_frame000008_qFAOfr_0e8.jpg,/home/jgaldeano/tfm/data/datasets/classifier/val/Red/000110_frame000008_qFAOfr_0e8.jpg,0,Red,0,Red,0.0011670492822304368,0.5,correct
000110_frame000009_PH3jZAeddE.jpg,/home/jgaldeano/tfm/data/datasets/classifier/val/Red/000110_frame000009_PH3jZAeddE.jpg,0,Red,0,Red,0.0004040541243739426,0.5,correct
000110_frame000009_lHhU-4rHh8.jpg,/home/jgaldeano/tfm/data/datasets/classifier/val/Red/000110_frame000009_lHhU-4rHh8.jpg,0,Red,0,Red,0.0009666995028965175,0.5,correct
000110_frame000010_Wkj_-HtUTV.jpg,/home/jgaldeano/tfm/data/datasets/classifier/val/Red/000110_frame000010_Wkj_-HtUTV.jpg,0,Red,0,Red,0.00035150963230989873,0.5,correct
000110_frame000010__j9cy69zBO.jpg,/home/jgaldeano/tfm/data/datasets/classifier/val/Red/000110_frame000010__j9cy69zBO.jpg,0,Red,0,Red,0.0006825698656029999,0.5,correct
000110_frame000011_24ynExpgq4.jpg,/home/jgaldeano/tfm/data/datasets/classifier/val/Red/000110_frame000011_24ynExpgq4.jpg,0,Red,0,Red,0.0005551317008212209,0.5,correct
000110_frame000011_i5u8p8x680.jpg,/home/jgaldeano/tfm/data/datasets/classifier/val/Red/000110_frame000011_i5u8p8x680.jpg,0,Red,0,Red,0.0004821141774300486,0.5,correct
000110_frame000012_K6vYJTGzHz.jpg,/home/jgaldeano/tfm/data/datasets/classifier/val/Red/000110_frame000012_K6vYJTGzHz.jpg,0,Red,0,Red,0.0003765370056498796,0.5,correct
000110_frame000012_Ywgr1CqQ4L.jpg,/home/jgaldeano/tfm/data/datasets/classifier/val/Red/000110_frame000012_Ywgr1CqQ4L.jpg,0,Red,0,Red,0.0008012448088265955,0.5,correct
000110_frame000013_LnMZTlt1sY.jpg,/home/jgaldeano/tfm/data/datasets/classifier/val/Red/000110_frame000013_LnMZTlt1sY.jpg,0,Red,0,Red,0.001352807623334229,0.5,correct
000110_frame000013_xnGsoIhg0o.jpg,/home/jgaldeano/tfm/data/datasets/classifier/val/Red/000110_frame000013_xnGsoIhg0o.jpg,0,Red,0,Red,0.0005030530737712979,0.5,correct
000110_frame000014_8SZBiczhPb.jpg,/home/jgaldeano/tfm/data/datasets/classifier/val/Red/000110_frame000014_8SZBiczhPb.jpg,0,Red,0,Red,0.0006437267293222249,0.5,correct
000110_frame000014_a_jrg-_rEy.jpg,/home/jgaldeano/tfm/data/datasets/classifier/val/Red/000110_frame000014_a_jrg-_rEy.jpg,0,Red,0,Red,0.0006409540656022727,0.5,correct
